ISO-10303-21;
HEADER;
FILE_DESCRIPTION (( 'STEP AP203' ),
    '1' );
FILE_NAME ('ClampHub-4mm.STEP',
    '2025-10-08T18:37:30',
    ( '' ),
    ( '' ),
    'SwSTEP 2.0',
    'SolidWorks 2025',
    '' );
FILE_SCHEMA (( 'CONFIG_CONTROL_DESIGN' ));
ENDSEC;

DATA;
#1 = EDGE_LOOP ( 'NONE', ( #5549, #1256 ) ) ;
#2 = CARTESIAN_POINT ( 'NONE',  ( -1.530808498934192310E-16, -1.249999999999996891, 0.3749999999999926170 ) ) ;
#3 = CARTESIAN_POINT ( 'NONE',  ( -0.6785254037844468122, -1.175240473580830169, -1.479166666666677843 ) ) ;
#4 = DIRECTION ( 'NONE',  ( 0.7071067811865520136, -0.000000000000000000, -0.7071067811865430208 ) ) ;
#5 = CARTESIAN_POINT ( 'NONE',  ( -0.8660254037844383745, 1.499999999999996669, -1.958333333333341031 ) ) ;
#6 = CARTESIAN_POINT ( 'NONE',  ( 0.8816504037844361541, -1.527063293868264005, -0.6927083333333455828 ) ) ;
#7 = B_SPLINE_CURVE_WITH_KNOTS ( 'NONE', 3,
 ( #376, #1519, #1556, #5976 ),
 .UNSPECIFIED., .F., .F.,
 ( 4, 4 ),
 ( 0.000000000000000000, 0.0002889088506456982414 ),
 .UNSPECIFIED. ) ;
#8 = CARTESIAN_POINT ( 'NONE',  ( -1.017788105676655563, 0.5876202367904134194, -2.666666666666675400 ) ) ;
#9 = EDGE_CURVE ( 'NONE', #4486, #5593, #4697, .T. ) ;
#10 = CARTESIAN_POINT ( 'NONE',  ( 3.000000000000000000, 5.986031907170637822, -7.117402757069115182 ) ) ;
#11 = AXIS2_PLACEMENT_3D ( 'NONE', #2356, #6671, #2835 ) ;
#12 = DIRECTION ( 'NONE',  ( 1.000000000000000000, -0.000000000000000000, 0.000000000000000000 ) ) ;
#13 = FACE_OUTER_BOUND ( 'NONE', #4939, .T. ) ;
#14 = CARTESIAN_POINT ( 'NONE',  ( -1.105875672974081736, 3.499668200347574340E-15, 0.4874999999999974354 ) ) ;
#15 = CARTESIAN_POINT ( 'NONE',  ( 0.000000000000000000, 0.000000000000000000, 0.000000000000000000 ) ) ;
#16 = CARTESIAN_POINT ( 'NONE',  ( 0.000000000000000000, 0.9577164262227702007, 3.131249999999997868 ) ) ;
#17 = CARTESIAN_POINT ( 'NONE',  ( -0.6785254037844368202, 1.175240473580829503, 3.354166666666645646 ) ) ;
#18 = DIRECTION ( 'NONE',  ( 0.000000000000000000, 0.000000000000000000, -1.000000000000000000 ) ) ;
#19 = VERTEX_POINT ( 'NONE', #789 ) ;
#20 = CARTESIAN_POINT ( 'NONE',  ( -1.443375672974064994, 3.438978294565303753E-15, 2.118750000000002576 ) ) ;
#21 = CARTESIAN_POINT ( 'NONE',  ( -0.8660254037844388186, -1.500000000000002665, 3.770833333333307724 ) ) ;
#22 = CARTESIAN_POINT ( 'NONE',  ( -0.8294067547305612464, 0.4788582131113871543, -0.8437500000000016653 ) ) ;
#23 = CARTESIAN_POINT ( 'NONE',  ( 1.017788105676651567, -0.5876202367904261870, -1.416666666666678065 ) ) ;
#24 = CARTESIAN_POINT ( 'NONE',  ( -0.5529378364870412010, -0.9577164262227632063, -2.531250000000001332 ) ) ;
#25 = CARTESIAN_POINT ( 'NONE',  ( 0.8294067547305610244, -0.4788582131113805485, 2.474999999999996980 ) ) ;
#26 = CARTESIAN_POINT ( 'NONE',  ( -1.322475605676654897, 0.7635316469341272283, 3.130208333333311277 ) ) ;
#27 = CARTESIAN_POINT ( 'NONE',  ( 0.000000000000000000, 0.9577164262227704228, -1.368750000000001465 ) ) ;
#28 = CARTESIAN_POINT ( 'NONE',  ( 1.050943903833135629, -1.070288237343555826, -4.625000000000001776 ) ) ;
#29 = CARTESIAN_POINT ( 'NONE',  ( 3.000000000000000000, 7.800000000000002487, 0.000000000000000000 ) ) ;
#30 = DIRECTION ( 'NONE',  ( 0.4999999999999980571, 0.8660254037844398178, 0.000000000000000000 ) ) ;
#31 = CALENDAR_DATE ( 2025, 8, 10 ) ;
#32 = CARTESIAN_POINT ( 'NONE',  ( -1.105875672974081736, 3.409896260465774179E-15, 2.287499999999996980 ) ) ;
#33 = CARTESIAN_POINT ( 'NONE',  ( 0.8816504037844360431, -1.527063293868263560, -4.661458333333339255 ) ) ;
#34 = ORIENTED_EDGE ( 'NONE', *, *, #3856, .F. ) ;
#35 = PLANE ( 'NONE',  #2260 ) ;
#36 = CONICAL_SURFACE ( 'NONE', #615, 9.299999999999998934, 0.7853981633974526089 ) ;
#37 = ORIENTED_EDGE ( 'NONE', *, *, #183, .T. ) ;
#38 = CARTESIAN_POINT ( 'NONE',  ( 1.443375672974064994, 3.211695005449115688E-15, -0.4125000000000069167 ) ) ;
#39 = CARTESIAN_POINT ( 'NONE',  ( 0.6785254037844417052, 1.175240473580826839, -2.729166666666675400 ) ) ;
#40 = CARTESIAN_POINT ( 'NONE',  ( 2.933349480478300464, -7.866650519521697582, 5.084323085060610481 ) ) ;
#41 = CARTESIAN_POINT ( 'NONE',  ( -1.299038105676658006, -0.7500000000000026645, 0.1666666666666545005 ) ) ;
#42 = CARTESIAN_POINT ( 'NONE',  ( 0.8816504037844375974, 1.527063293868256677, 2.973958333333313053 ) ) ;
#43 = LOCAL_TIME ( 13, 37, 30.00000000000000000, #7058 ) ;
#44 = CARTESIAN_POINT ( 'NONE',  ( 0.000000000000000000, 1.175240473580829725, -3.250000000000007105 ) ) ;
#45 = CARTESIAN_POINT ( 'NONE',  ( 3.000000000000000000, 5.123475382979792769, -8.000000000000003553 ) ) ;
#46 = EDGE_CURVE ( 'NONE', #5593, #6220, #4244, .T. ) ;
#47 = DIRECTION ( 'NONE',  ( -1.000000000000000000, 0.000000000000000000, -0.000000000000000000 ) ) ;
#48 = B_SPLINE_CURVE_WITH_KNOTS ( 'NONE', 3,
 ( #3417, #971, #7163, #6021 ),
 .UNSPECIFIED., .F., .F.,
 ( 4, 4 ),
 ( 0.000000000000000000, 0.0002889088506456977535 ),
 .UNSPECIFIED. ) ;
#49 = DIRECTION ( 'NONE',  ( 0.000000000000000000, 7.077132136763247592E-16, 1.000000000000000000 ) ) ;
#50 = VECTOR ( 'NONE', #2718, 1000.000000000000000 ) ;
#51 = CARTESIAN_POINT ( 'NONE',  ( 0.5529378364870405349, -0.9577164262227636504, -0.2625000000000022871 ) ) ;
#52 = SHAPE_REPRESENTATION_RELATIONSHIP ( 'NONE' , 'NONE' ,  #3969, #6974 ) ;
#53 = CARTESIAN_POINT ( 'NONE',  ( -0.5529378364870412010, -0.9577164262227633174, -0.7875000000000021982 ) ) ;
#54 = CARTESIAN_POINT ( 'NONE',  ( 1.017788105676656008, 0.5876202367904124202, 2.729166666666646979 ) ) ;
#55 = VECTOR ( 'NONE', #5468, 1000.000000000000000 ) ;
#56 = CARTESIAN_POINT ( 'NONE',  ( 3.000000000000000000, 0.000000000000000000, 0.000000000000000000 ) ) ;
#57 = AXIS2_PLACEMENT_3D ( 'NONE', #5962, #5924, #5433 ) ;
#58 = DIRECTION ( 'NONE',  ( 3.064488108188125705E-16, -5.307849102572407591E-16, -1.000000000000000000 ) ) ;
#59 = CARTESIAN_POINT ( 'NONE',  ( 0.000000000000000000, 1.499999999999996669, 4.562499999999972466 ) ) ;
#60 = CARTESIAN_POINT ( 'NONE',  ( 0.8294067547305616905, 0.4788582131113862661, 0.3562499999999980682 ) ) ;
#61 = CARTESIAN_POINT ( 'NONE',  ( 0.6785254037844438146, 1.175240473580825507, 0.7083333333333179382 ) ) ;
#62 = CARTESIAN_POINT ( 'NONE',  ( -0.5529378364870407569, 0.9577164262227705338, -2.231250000000001510 ) ) ;
#63 = AXIS2_PLACEMENT_3D ( 'NONE', #1096, #955, #5694 ) ;
#64 = CARTESIAN_POINT ( 'NONE',  ( 0.8294067547305616905, 0.4788582131113861551, 2.549999999999997602 ) ) ;
#65 = CARTESIAN_POINT ( 'NONE',  ( 1.322475605676654453, -0.7635316469341337786, 3.880208333333310389 ) ) ;
#66 = VECTOR ( 'NONE', #2357, 1000.000000000000000 ) ;
#67 = CARTESIAN_POINT ( 'NONE',  ( 1.105875672974081736, 3.214779914108515552E-15, 0.7687499999999984901 ) ) ;
#68 = CARTESIAN_POINT ( 'NONE',  ( -0.8660254037844388186, -1.500000000000002665, -4.229166666666674068 ) ) ;
#69 = DIRECTION ( 'NONE',  ( 1.000000000000000000, 0.000000000000000000, 0.000000000000000000 ) ) ;
#70 = DIRECTION ( 'NONE',  ( -0.4999999999999920619, -0.8660254037844433705, 0.000000000000000000 ) ) ;
#71 = PERSON_AND_ORGANIZATION_ROLE ( 'classification_officer' ) ;
#72 = APPROVAL ( #5213, 'UNSPECIFIED' ) ;
#73 = CARTESIAN_POINT ( 'NONE',  ( -2.866682547644412882, 7.933317452355590937, -5.103952732046619367 ) ) ;
#74 = CARTESIAN_POINT ( 'NONE',  ( -1.870113174931178938E-16, -1.527063293868263116, -4.703125000000005329 ) ) ;
#75 = EDGE_LOOP ( 'NONE', ( #5589, #2942, #5245, #4679 ) ) ;
#76 = CARTESIAN_POINT ( 'NONE',  ( 1.357050807568874085, -6.399140184576335203E-15, -3.812500000000005773 ) ) ;
#77 = ORIENTED_EDGE ( 'NONE', *, *, #4854, .F. ) ;
#78 = CARTESIAN_POINT ( 'NONE',  ( -0.7216878364870322748, 1.250000000000003775, -0.7125000000000071276 ) ) ;
#79 = CARTESIAN_POINT ( 'NONE',  ( -1.357050807568874085, 6.899483190271090536E-15, -1.062500000000011324 ) ) ;
#80 = DIRECTION ( 'NONE',  ( 0.000000000000000000, 0.000000000000000000, -1.000000000000000000 ) ) ;
#81 = CARTESIAN_POINT ( 'NONE',  ( 0.000000000000000000, 1.499999999999996669, -0.5000000000000107692 ) ) ;
#82 = CARTESIAN_POINT ( 'NONE',  ( 0.8816504037844361541, -1.527063293868264005, 3.307291666666646091 ) ) ;
#83 = CARTESIAN_POINT ( 'NONE',  ( -1.017788105676655563, 0.5876202367904134194, 1.333333333333316606 ) ) ;
#84 = ORIENTED_EDGE ( 'NONE', *, *, #5099, .F. ) ;
#85 = CARTESIAN_POINT ( 'NONE',  ( 0.3638141428685688350, -1.181683326702976711, -2.685043063386816975 ) ) ;
#86 = DIRECTION ( 'NONE',  ( 0.8660254037844388186, -0.4999999999999997780, 0.000000000000000000 ) ) ;
#87 = DIRECTION ( 'NONE',  ( 0.000000000000000000, 0.000000000000000000, -1.000000000000000000 ) ) ;
#88 = CARTESIAN_POINT ( 'NONE',  ( -1.322475605676655119, 0.7635316469341273393, -4.901041666666669627 ) ) ;
#89 = CARTESIAN_POINT ( 'NONE',  ( 1.105875672974081736, 3.307357227111621956E-15, -1.087500000000002576 ) ) ;
#90 = CARTESIAN_POINT ( 'NONE',  ( -0.6785254037844368202, 1.175240473580829503, 4.854166666666642094 ) ) ;
#91 = CARTESIAN_POINT ( 'NONE',  ( 0.8294067547305616905, 0.4788582131113863771, -2.343750000000001776 ) ) ;
#92 = CARTESIAN_POINT ( 'NONE',  ( 0.7216878364870332740, 1.250000000000003553, 1.068750000000002753 ) ) ;
#93 = CARTESIAN_POINT ( 'NONE',  ( -0.8294067547305613575, -0.4788582131113799378, 1.931249999999998135 ) ) ;
#94 = CARTESIAN_POINT ( 'NONE',  ( -1.017788105676662669, -0.5876202367904068691, 0.4166666666666519747 ) ) ;
#95 = CARTESIAN_POINT ( 'NONE',  ( 0.8294067547305616905, 0.4788582131113863216, -0.5437500000000017319 ) ) ;
#96 = CARTESIAN_POINT ( 'NONE',  ( 0.6785254037844365982, -1.175240473580835721, -4.895833333333337478 ) ) ;
#97 = CARTESIAN_POINT ( 'NONE',  ( -1.560637177523342561E-16, -1.274356964481444310, -1.832812500000003064 ) ) ;
#98 = EDGE_CURVE ( 'NONE', #2610, #2610, #705, .T. ) ;
#99 = CARTESIAN_POINT ( 'NONE',  ( -1.322475605676654897, 0.7635316469341272283, 3.630208333333309945 ) ) ;
#100 = CC_DESIGN_APPROVAL ( #1595, ( #6564 ) ) ;
#101 = CARTESIAN_POINT ( 'NONE',  ( 0.000000000000000000, 0.9577164262227703118, 0.8812499999999983125 ) ) ;
#102 = CARTESIAN_POINT ( 'NONE',  ( 1.732050807568876971, -3.392656912481952001E-15, -2.562500000000011102 ) ) ;
#103 = CARTESIAN_POINT ( 'NONE',  ( -2.799999999999998490, -4.171930009000630157, 5.020458146424486401 ) ) ;
#104 = CARTESIAN_POINT ( 'NONE',  ( 1.103625504730557871, 0.6371784822407265958, -0.3609375000000010214 ) ) ;
#105 = PLANE ( 'NONE',  #4053 ) ;
#106 = CARTESIAN_POINT ( 'NONE',  ( -1.763300807568873196, -2.966513306368321794E-15, -3.828125000000006661 ) ) ;
#107 = ORIENTED_EDGE ( 'NONE', *, *, #4766, .F. ) ;
#108 = CARTESIAN_POINT ( 'NONE',  ( 1.151403587359349136E-15, 1.175240473580829725, -3.187500000000007105 ) ) ;
#110 = EDGE_CURVE ( 'NONE', #3352, #3352, #819, .T. ) ;
#109 = DIRECTION ( 'NONE',  ( 1.000000000000000000, 0.000000000000000000, 0.000000000000000000 ) ) ;
#111 = CARTESIAN_POINT ( 'NONE',  ( 1.082531754730548634, -0.6249999999999975575, 2.699999999999992184 ) ) ;
#112 = CARTESIAN_POINT ( 'NONE',  ( -8.061280013708407417E-15, -1.175240473580835721, 1.562499999999982236 ) ) ;
#113 = CARTESIAN_POINT ( 'NONE',  ( -0.8031867475104084164, 0.9721616088211448847, 4.757862031671610481 ) ) ;
#114 = CARTESIAN_POINT ( 'NONE',  ( -1.299038105676658006, 0.7499999999999971134, 0.5833333333333202697 ) ) ;
#115 = CARTESIAN_POINT ( 'NONE',  ( 1.763300807568873418, -3.398397444352954817E-15, 1.890624999999982681 ) ) ;
#116 = CARTESIAN_POINT ( 'NONE',  ( 0.6785254037844365982, -1.175240473580835721, 1.541666666666649421 ) ) ;
#117 = VERTEX_POINT ( 'NONE', #3110 ) ;
#118 = CARTESIAN_POINT ( 'NONE',  ( -2.933617925833900575, 6.084137779122257506, -7.121630199436578046 ) ) ;
#119 = EDGE_LOOP ( 'NONE', ( #4969 ) ) ;
#120 = LINE ( 'NONE', #5599, #2939 ) ;
#121 = CARTESIAN_POINT ( 'NONE',  ( -3.000000000000000000, -5.020458146424486401, 4.171930009000630157 ) ) ;
#122 = CARTESIAN_POINT ( 'NONE',  ( 0.5529378364870414231, 0.9577164262227699787, 1.687499999999997335 ) ) ;
#123 = CARTESIAN_POINT ( 'NONE',  ( 4.000000000000000888, 4.490128060534575916, 4.490128060534575027 ) ) ;
#124 = CARTESIAN_POINT ( 'NONE',  ( -0.5529378364870412010, -0.9577164262227633174, -1.687500000000002220 ) ) ;
#125 = CARTESIAN_POINT ( 'NONE',  ( -1.357050807568873863, -2.991388944476002371E-15, 5.937499999999974243 ) ) ;
#126 = CARTESIAN_POINT ( 'NONE',  ( 0.5529378364870405349, -0.9577164262227636504, -2.006250000000001421 ) ) ;
#127 = AXIS2_PLACEMENT_3D ( 'NONE', #4839, #4917, #2110 ) ;
#128 = EDGE_CURVE ( 'NONE', #246, #1553, #251, .T. ) ;
#129 = CARTESIAN_POINT ( 'NONE',  ( -1.082531754730548856, -0.6249999999999965583, 1.706250000000002709 ) ) ;
#130 = AXIS2_PLACEMENT_3D ( 'NONE', #5893, #1293, #6303 ) ;
#131 = ADVANCED_FACE ( 'NONE', ( #5840 ), #4207, .T. ) ;
#132 = CARTESIAN_POINT ( 'NONE',  ( 1.105875672974081736, 3.125007974226715785E-15, 2.568749999999998312 ) ) ;
#133 = CARTESIAN_POINT ( 'NONE',  ( 0.6785254037844242747, -1.175240473580843048, 1.041666666666649865 ) ) ;
#134 = CARTESIAN_POINT ( 'NONE',  ( -0.5529378364870412010, -0.9577164262227633174, -1.181250000000001688 ) ) ;
#135 = CARTESIAN_POINT ( 'NONE',  ( 0.000000000000000000, 1.175240473580829725, -3.687500000000005773 ) ) ;
#136 = CARTESIAN_POINT ( 'NONE',  ( -0.7357503364870385809, -1.274356964481444088, -1.870312500000002931 ) ) ;
#137 = ORIENTED_EDGE ( 'NONE', *, *, #249, .F. ) ;
#138 = CARTESIAN_POINT ( 'NONE',  ( 0.8816504037844360431, -1.527063293868263560, 3.338541666666644314 ) ) ;
#139 = CARTESIAN_POINT ( 'NONE',  ( -0.8294067547305612464, 0.4788582131113870433, 1.406249999999997780 ) ) ;
#140 = ADVANCED_FACE ( 'NONE', ( #2545 ), #2475, .T. ) ;
#141 = CARTESIAN_POINT ( 'NONE',  ( 1.299038105676657562, -0.7500000000000035527, -2.604166666666677621 ) ) ;
#142 = FACE_BOUND ( 'NONE', #5707, .T. ) ;
#143 = CARTESIAN_POINT ( 'NONE',  ( -1.471500672974076718, 3.599905378760734819E-15, -1.073437500000000933 ) ) ;
#144 = DATE_AND_TIME ( #2340, #974 ) ;
#145 = CARTESIAN_POINT ( 'NONE',  ( 0.8294067547305616905, 0.4788582131113863216, -0.6000000000000024203 ) ) ;
#146 = CARTESIAN_POINT ( 'NONE',  ( -1.322475605676654897, 0.7635316469341272283, -5.369791666666670515 ) ) ;
#147 = CARTESIAN_POINT ( 'NONE',  ( -0.6785254037844387076, -1.175240473580834610, -4.479166666666671404 ) ) ;
#148 = ORIENTED_EDGE ( 'NONE', *, *, #4561, .T. ) ;
#149 = CARTESIAN_POINT ( 'NONE',  ( -1.082531754730548634, 0.6250000000000037748, 2.024999999999993250 ) ) ;
#150 = CARTESIAN_POINT ( 'NONE',  ( -0.6785254037844196118, 1.175240473580839717, 1.854166666666648977 ) ) ;
#151 = CARTESIAN_POINT ( 'NONE',  ( -3.000000000000000000, -5.020458146424486401, 4.171930009000630157 ) ) ;
#152 = CARTESIAN_POINT ( 'NONE',  ( 0.8660254037844381525, -1.500000000000003331, -2.708333333333338810 ) ) ;
#153 = CARTESIAN_POINT ( 'NONE',  ( 0.8816504037844361541, -1.527063293868264005, 1.307291666666650309 ) ) ;
#154 = CARTESIAN_POINT ( 'NONE',  ( 0.6785254037844365982, -1.175240473580835721, -0.4583333333333461934 ) ) ;
#155 = EDGE_LOOP ( 'NONE', ( #1440, #3479, #3196, #999 ) ) ;
#156 = CARTESIAN_POINT ( 'NONE',  ( -0.9781839260446969497, 0.5641887917704493383, -2.793002221944602681 ) ) ;
#157 = ORIENTED_EDGE ( 'NONE', *, *, #3100, .F. ) ;
#158 = FACE_OUTER_BOUND ( 'NONE', #1877, .T. ) ;
#159 = DIRECTION ( 'NONE',  ( -1.000000000000000000, 0.000000000000000000, 0.000000000000000000 ) ) ;
#160 = VECTOR ( 'NONE', #2228, 1000.000000000000000 ) ;
#161 = CARTESIAN_POINT ( 'NONE',  ( -0.8816504037844365982, 1.527063293868257121, -4.942708333333335702 ) ) ;
#162 = CARTESIAN_POINT ( 'NONE',  ( -1.172864355864553979E-16, -0.9577164262227635394, -0.7500000000000024425 ) ) ;
#163 = CARTESIAN_POINT ( 'NONE',  ( 0.000000000000000000, 1.175240473580829725, 5.812499999999974243 ) ) ;
#164 = APPROVAL_PERSON_ORGANIZATION ( #2055, #1546, #1331 ) ;
#165 = CARTESIAN_POINT ( 'NONE',  ( -1.530808498934192310E-16, -1.249999999999996891, 0.8812500000000024203 ) ) ;
#166 = CARTESIAN_POINT ( 'NONE',  ( 0.5529378364870405349, -0.9577164262227638725, 2.943749999999998312 ) ) ;
#167 = CARTESIAN_POINT ( 'NONE',  ( 1.017788105676646682, -0.5876202367904347357, 1.583333333333315940 ) ) ;
#168 = CARTESIAN_POINT ( 'NONE',  ( 0.8294067547305616905, 0.4788582131113863216, -1.443750000000001643 ) ) ;
#169 = CARTESIAN_POINT ( 'NONE',  ( 0.000000000000000000, 1.175240473580829725, -1.687500000000010214 ) ) ;
#170 = AXIS2_PLACEMENT_3D ( 'NONE', #2277, #6191, #1142 ) ;
#171 = CARTESIAN_POINT ( 'NONE',  ( -1.103625504730557649, -0.6371784822407201565, -1.007812500000003109 ) ) ;
#172 = EDGE_LOOP ( 'NONE', ( #5039, #3584, #4361, #7100 ) ) ;
#173 = CARTESIAN_POINT ( 'NONE',  ( -1.322475605676654897, 0.7635316469341272283, 4.130208333333310833 ) ) ;
#174 = CARTESIAN_POINT ( 'NONE',  ( -0.8294067547305613575, -0.4788582131113799378, 1.931249999999998135 ) ) ;
#175 = AXIS2_PLACEMENT_3D ( 'NONE', #5385, #6495, #4139 ) ;
#176 = CARTESIAN_POINT ( 'NONE',  ( -1.836970198721029688E-16, -1.500000000000002887, -2.187500000000012434 ) ) ;
#177 = CARTESIAN_POINT ( 'NONE',  ( -1.694631496824167138, 1.759430863800268502E-15, 3.449999999999996181 ) ) ;
#178 = CARTESIAN_POINT ( 'NONE',  ( 1.103625504730557205, -0.6371784822407210447, -1.335937500000000888 ) ) ;
#179 = COORDINATED_UNIVERSAL_TIME_OFFSET ( 6, 0, .BEHIND. ) ;
#180 = CARTESIAN_POINT ( 'NONE',  ( -0.8294067547305613575, -0.4788582131113797158, -2.625000000000002220 ) ) ;
#181 = CARTESIAN_POINT ( 'NONE',  ( 1.322475605676654453, -0.7635316469341337786, -4.619791666666671404 ) ) ;
#182 = CARTESIAN_POINT ( 'NONE',  ( -0.6785254037844415942, -1.175240473580832834, -3.479166666666672736 ) ) ;
#183 = EDGE_CURVE ( 'NONE', #1364, #5278, #4469, .T. ) ;
#184 = ADVANCED_FACE ( 'NONE', ( #4732 ), #4822, .T. ) ;
#185 = AXIS2_PLACEMENT_3D ( 'NONE', #3936, #2654, #6198 ) ;
#186 = CARTESIAN_POINT ( 'NONE',  ( 0.7216878364870333851, 1.250000000000003553, 1.912499999999992317 ) ) ;
#187 = CARTESIAN_POINT ( 'NONE',  ( 1.017788105676646904, -0.5876202367904342916, 0.6458333333333177162 ) ) ;
#188 = CARTESIAN_POINT ( 'NONE',  ( 1.050943903832689319, 1.070288237343987925, 5.000000000000000000 ) ) ;
#189 = CARTESIAN_POINT ( 'NONE',  ( -0.8660254037844391517, -1.500000000000002665, -3.291666666666670515 ) ) ;
#190 = CARTESIAN_POINT ( 'NONE',  ( -1.763300807568873418, -2.966513306368321794E-15, 2.640624999999980460 ) ) ;
#191 = CARTESIAN_POINT ( 'NONE',  ( -1.439254484199186421E-16, -1.175240473580835721, -1.387778780781445676E-14 ) ) ;
#192 = VERTEX_POINT ( 'NONE', #5352 ) ;
#193 = CARTESIAN_POINT ( 'NONE',  ( -0.7888357211921773748, 0.7917705640422472158, -2.804671082589048847 ) ) ;
#194 = ADVANCED_FACE ( 'NONE', ( #4138 ), #6973, .T. ) ;
#195 = VERTEX_POINT ( 'NONE', #4803 ) ;
#196 = DIRECTION ( 'NONE',  ( -0.8660254037844385966, 0.4999999999999998890, 0.000000000000000000 ) ) ;
#197 = DIRECTION ( 'NONE',  ( 0.000000000000000000, -0.7071067811865474617, 0.7071067811865474617 ) ) ;
#198 = CARTESIAN_POINT ( 'NONE',  ( -1.732050807568876971, -2.968426816991988742E-15, 4.124999999999979572 ) ) ;
#199 = CARTESIAN_POINT ( 'NONE',  ( -0.8294067547305612464, 0.4788582131113869877, 1.799999999999997824 ) ) ;
#200 = COORDINATED_UNIVERSAL_TIME_OFFSET ( 6, 0, .BEHIND. ) ;
#201 = CARTESIAN_POINT ( 'NONE',  ( 0.000000000000000000, 0.9577164262227704228, -0.9750000000000023093 ) ) ;
#202 = CARTESIAN_POINT ( 'NONE',  ( -1.017788105676655563, -0.5876202367904191926, 6.479166666666638541 ) ) ;
#203 = CARTESIAN_POINT ( 'NONE',  ( 1.082531754730548856, 0.6250000000000027756, 0.1312500000000027534 ) ) ;
#204 = EDGE_CURVE ( 'NONE', #265, #954, #2003, .T. ) ;
#205 = CARTESIAN_POINT ( 'NONE',  ( 0.000000000000000000, 0.9577164262227703118, 2.231249999999997957 ) ) ;
#206 = CARTESIAN_POINT ( 'NONE',  ( 1.017788105676651123, -0.5876202367904268531, 0.08333333333331895132 ) ) ;
#207 = CARTESIAN_POINT ( 'NONE',  ( 0.000000000000000000, 0.9577164262227704228, -0.9187500000000016209 ) ) ;
#208 = CARTESIAN_POINT ( 'NONE',  ( -1.357050807568873863, -2.991388944476002371E-15, -2.562500000000007994 ) ) ;
#209 = B_SPLINE_CURVE_WITH_KNOTS ( 'NONE', 3,
 ( #3155, #1021, #942, #3227, #3191, #399, #1982, #4218, #6471, #2630, #871, #3123, #5471, #5363, #6508, #4894, #4337, #1467, #5397, #362, #4850, #1094, #5545, #6656, #1166, #2704, #4480, #6141, #6762, #3333, #6723, #1683, #3992, #2229, #510, #2267, #2854, #3919, #5001, #4962, #5105, #6689, #4415, #1723, #3844, #609 ),
 .UNSPECIFIED., .F., .F.,
 ( 4, 2, 2, 2, 2, 2, 2, 2, 2, 2, 2, 2, 2, 2, 2, 2, 2, 2, 2, 2, 2, 2, 4 ),
 ( 2.757370837344063916E-16, 0.0002682398275696837114, 0.0005364796551390917101, 0.001072959310277907599, 0.001341199137847315110, 0.001609438965416723055, 0.001877678792986130782, 0.002145918620555538510, 0.002682398275694353098, 0.002950638103263761042, 0.003218877930833168553, 0.003755357585971983141, 0.004023597413541391520, 0.004291837241110797729, 0.004828316896249612751, 0.005364796551388427773, 0.005633036378957834850, 0.005901276206527242794, 0.006169516034096649004, 0.006437755861666056081, 0.006974235516804870236, 0.007510715171943684390, 0.008583674482221312699 ),
 .UNSPECIFIED. ) ;
#210 = CARTESIAN_POINT ( 'NONE',  ( 0.7357503364870390250, 1.274356964481451193, -1.195312500000003331 ) ) ;
#211 = EDGE_LOOP ( 'NONE', ( #6625, #7220, #5779, #2899 ) ) ;
#212 = CARTESIAN_POINT ( 'NONE',  ( 2.049999999999996270, 1.581296885077711378, -8.000000000000003553 ) ) ;
#213 = DIRECTION ( 'NONE',  ( 0.000000000000000000, -5.195471269110015593E-17, -1.000000000000000000 ) ) ;
#214 = CARTESIAN_POINT ( 'NONE',  ( -0.8660254037844383745, 1.499999999999996669, -1.395833333333347248 ) ) ;
#215 = DIRECTION ( 'NONE',  ( -0.000000000000000000, -0.000000000000000000, 1.000000000000000000 ) ) ;
#216 = CARTESIAN_POINT ( 'NONE',  ( 0.7357503364870390250, 1.274356964481451415, -2.573437500000000711 ) ) ;
#217 = SHAPE_DEFINITION_REPRESENTATION ( #5359, #227 ) ;
#218 = CARTESIAN_POINT ( 'NONE',  ( -0.8294067547305612464, 0.4788582131113871543, -1.350000000000002309 ) ) ;
#219 = CARTESIAN_POINT ( 'NONE',  ( 1.763300807568873196, -3.398397444352954028E-15, -1.578125000000011546 ) ) ;
#220 = SECURITY_CLASSIFICATION ( '', '', #1975 ) ;
#221 = CARTESIAN_POINT ( 'NONE',  ( -0.7216878364870328300, -1.249999999999996891, 1.687499999999992895 ) ) ;
#222 =( BOUNDED_CURVE ( )  B_SPLINE_CURVE ( 2, ( #6858, #2253, #7273, #2769, #5057, #3905, #671, #598, #534, #4614, #5129, #2363, #1120, #1267, #4468, #1712, #1746, #3941, #5024, #5719, #4579, #2917, #3356, #6820, #636, #20, #5605, #6712, #2806, #6203, #4505, #2217, #1154, #3388, #2293, #5680, #129, #5642, #2842, #3978, #5091, #1784, #4061, #5569, #6238, #1191, #3463, #5164, #1821, #2879, #4017, #1231, #6276, #92, #6309, #240, #5831, #3067, #165, #1300, #5789, #6930, #1405, #848, #3102, #5272, #1959, #6451, #4199, #1852, #3533, #5754, #814, #6487, #2468, #2397, #2538, #6962, #203, #4655, #3644, #274, #2431, #2502, #4761, #5899, #5344, #706, #781, #4796, #4724, #4096, #7038, #746, #1923, #2992, #4166, #7002, #309, #1994, #4233, #4689, #3499, #6419, #5307, #1372, #3028, #2950, #5198, #6896, #6344, #3607, #5865, #5239, #1889, #4129, #6378, #1335, #3576, #6529, #1002, #2719, #7230, #3789, #5377, #2606, #4315, #6565, #4943, #5487, #2070, #5452, #3207, #4981, #960, #1483, #3245, #1593, #418, #3716, #3681, #2177, #5413, #3136, #5943, #921, #7073, #3825, #3752, #885, #488, #452, #5525, #2029, #4429 ),
 .UNSPECIFIED., .F., .F. ) 
 B_SPLINE_CURVE_WITH_KNOTS ( ( 3, 2, 2, 2, 2, 2, 2, 2, 2, 2, 2, 2, 2, 2, 2, 2, 2, 2, 2, 2, 2, 2, 2, 2, 2, 2, 2, 2, 2, 2, 2, 2, 2, 2, 2, 2, 2, 2, 2, 2, 2, 2, 2, 2, 2, 2, 2, 2, 2, 2, 2, 2, 2, 2, 2, 2, 2, 2, 2, 2, 2, 2, 2, 2, 2, 2, 2, 2, 2, 2, 2, 2, 2, 2, 2, 2, 2, 3 ),
 ( 0.008189070029785527893, 0.01111111111111118266, 0.02222222222222225430, 0.03333333333333332593, 0.04444444444444450859, 0.05555555555555558023, 0.06666666666666676289, 0.07777777777777783452, 0.08888888888888890616, 0.1000000000000000888, 0.1111111111111111605, 0.1222222222222222321, 0.1333333333333334147, 0.1444444444444444864, 0.1555555555555555580, 0.1666666666666667407, 0.1777777777777778401, 0.1888888888888888840, 0.2000000000000000666, 0.2111111111111111382, 0.2222222222222223209, 0.2333333333333333925, 0.2444444444444444642, 0.2555555555555556468, 0.2666666666666667185, 0.2777777777777777901, 0.2888888888888889728, 0.3000000000000000444, 0.3111111111111111160, 0.3222222222222222987, 0.3333333333333333703, 0.3444444444444444420, 0.3555555555555556246, 0.3666666666666667518, 0.3777777777777778234, 0.3888888888888889506, 0.4000000000000000222, 0.4111111111111112049, 0.4222222222222222765, 0.4333333333333333481, 0.4444444444444445308, 0.4555555555555556024, 0.4666666666666667296, 0.4777777777777778012, 0.4888888888888889284, 0.5000000000000000000, 0.5111111111111111827, 0.5222222222222222543, 0.5333333333333334370, 0.5444444444444445086, 0.5555555555555555802, 0.5666666666666666519, 0.5777777777777778345, 0.5888888888888890172, 0.6000000000000000888, 0.6111111111111111605, 0.6222222222222222321, 0.6333333333333331927, 0.6444444444444444864, 0.6555555555555556690, 0.6666666666666667407, 0.6777777777777778123, 0.6888888888888888840, 0.7000000000000000666, 0.7111111111111111382, 0.7222222222222223209, 0.7333333333333332815, 0.7444444444444444642, 0.7555555555555555358, 0.7666666666666667185, 0.7777777777777777901, 0.7888888888888889728, 0.8000000000000000444, 0.8111111111111110050, 0.8222222222222222987, 0.8333333333333334814, 0.8444444444444445530, 0.8473664855257699857 ),
 .UNSPECIFIED. ) 
 CURVE ( )  GEOMETRIC_REPRESENTATION_ITEM ( )  RATIONAL_B_SPLINE_CURVE ( ( 0.9480652107226177350, 0.9647668653403704830, 1.000000000000000000, 0.8660254037844387076, 1.000000000000000000, 0.8660254037844387076, 1.000000000000000000, 0.8660254037844387076, 1.000000000000000000, 0.8660254037844387076, 1.000000000000000000, 0.8660254037844387076, 1.000000000000000000, 0.8660254037844387076, 1.000000000000000000, 0.8660254037844387076, 1.000000000000000000, 0.8660254037844387076, 1.000000000000000000, 0.8660254037844387076, 1.000000000000000000, 0.8660254037844387076, 1.000000000000000000, 0.8660254037844387076, 1.000000000000000000, 0.8660254037844387076, 1.000000000000000000, 0.8660254037844387076, 1.000000000000000000, 0.8660254037844387076, 1.000000000000000000, 0.8660254037844387076, 1.000000000000000000, 0.8660254037844387076, 1.000000000000000000, 0.8660254037844387076, 1.000000000000000000, 0.8660254037844387076, 1.000000000000000000, 0.8660254037844387076, 1.000000000000000000, 0.8660254037844387076, 1.000000000000000000, 0.8660254037844387076, 1.000000000000000000, 0.8660254037844387076, 1.000000000000000000, 0.8660254037844387076, 1.000000000000000000, 0.8660254037844387076, 1.000000000000000000, 0.8660254037844387076, 1.000000000000000000, 0.8660254037844387076, 1.000000000000000000, 0.8660254037844387076, 1.000000000000000000, 0.8660254037844387076, 1.000000000000000000, 0.8660254037844387076, 1.000000000000000000, 0.8660254037844387076, 1.000000000000000000, 0.8660254037844387076, 1.000000000000000000, 0.8660254037844387076, 1.000000000000000000, 0.8660254037844387076, 1.000000000000000000, 0.8660254037844387076, 1.000000000000000000, 0.8660254037844387076, 1.000000000000000000, 0.8660254037844387076, 1.000000000000000000, 0.8660254037844387076, 1.000000000000000000, 0.8660254037844387076, 1.000000000000000000, 0.8660254037844387076, 1.000000000000000000, 0.8660254037844387076, 1.000000000000000000, 0.8660254037844387076, 1.000000000000000000, 0.8660254037844387076, 1.000000000000000000, 0.8660254037844387076, 1.000000000000000000, 0.8660254037844387076, 1.000000000000000000, 0.8660254037844387076, 1.000000000000000000, 0.8660254037844387076, 1.000000000000000000, 0.8660254037844387076, 1.000000000000000000, 0.8660254037844387076, 1.000000000000000000, 0.8660254037844387076, 1.000000000000000000, 0.8660254037844387076, 1.000000000000000000, 0.8660254037844387076, 1.000000000000000000, 0.8660254037844387076, 1.000000000000000000, 0.8660254037844387076, 1.000000000000000000, 0.8660254037844387076, 1.000000000000000000, 0.8660254037844387076, 1.000000000000000000, 0.8660254037844387076, 1.000000000000000000, 0.8660254037844387076, 1.000000000000000000, 0.8660254037844387076, 1.000000000000000000, 0.8660254037844387076, 1.000000000000000000, 0.8660254037844387076, 1.000000000000000000, 0.8660254037844387076, 1.000000000000000000, 0.8660254037844387076, 1.000000000000000000, 0.8660254037844387076, 1.000000000000000000, 0.8660254037844387076, 1.000000000000000000, 0.8660254037844387076, 1.000000000000000000, 0.8660254037844387076, 1.000000000000000000, 0.8660254037844387076, 1.000000000000000000, 0.8660254037844387076, 1.000000000000000000, 0.8660254037844387076, 1.000000000000000000, 0.8660254037844387076, 1.000000000000000000, 0.8660254037844387076, 1.000000000000000000, 0.8660254037844387076, 1.000000000000000000, 0.8660254037844387076, 1.000000000000000000, 0.8660254037844387076, 1.000000000000000000, 0.8660254037844387076, 1.000000000000000000, 0.9647668653403728145, 0.9480652107226199554 ) ) 
 REPRESENTATION_ITEM ( '' )  );
#223 = CARTESIAN_POINT ( 'NONE',  ( -1.017788105676653343, 0.5876202367904170831, -0.1041666666666803409 ) ) ;
#224 = CARTESIAN_POINT ( 'NONE',  ( -0.8936478919537768073, -1.008001639975350860, 4.844113763871070510 ) ) ;
#225 = CARTESIAN_POINT ( 'NONE',  ( 1.732050807568876971, -3.392656912481952001E-15, -2.625000000000005329 ) ) ;
#226 = CARTESIAN_POINT ( 'NONE',  ( -1.870113174931179184E-16, -1.527063293868263338, 5.765624999999974243 ) ) ;
#227 = SHAPE_REPRESENTATION ( 'ClampHub_v0.1_4mm', ( #4261 ), #6498 ) ;
#228 = CARTESIAN_POINT ( 'NONE',  ( -1.017788105676655563, -0.5876202367904191926, 0.9166666666666507535 ) ) ;
#229 = EDGE_LOOP ( 'NONE', ( #231, #5189, #157, #4802 ) ) ;
#230 = CARTESIAN_POINT ( 'NONE',  ( -3.000000000000000000, -5.161879502661794739, 4.313351365237937607 ) ) ;
#231 = ORIENTED_EDGE ( 'NONE', *, *, #358, .T. ) ;
#232 = CARTESIAN_POINT ( 'NONE',  ( -3.000000000000000000, -4.171930009000629269, 5.303300858899103076 ) ) ;
#233 = DIRECTION ( 'NONE',  ( 0.000000000000000000, 0.000000000000000000, -1.000000000000000000 ) ) ;
#234 = CARTESIAN_POINT ( 'NONE',  ( 0.000000000000000000, 1.499999999999996669, 4.499999999999977796 ) ) ;
#235 = EDGE_CURVE ( 'NONE', #6014, #6014, #6819, .T. ) ;
#236 = CARTESIAN_POINT ( 'NONE',  ( 1.694631496824167138, 6.821797233830491462E-16, 3.449999999999996181 ) ) ;
#237 = APPROVAL_STATUS ( 'not_yet_approved' ) ;
#238 = CARTESIAN_POINT ( 'NONE',  ( 0.8294067547305616905, 0.4788582131113862106, 0.7499999999999972244 ) ) ;
#239 = CARTESIAN_POINT ( 'NONE',  ( -1.439254484199186421E-16, -1.175240473580835721, 4.562499999999976019 ) ) ;
#240 = CARTESIAN_POINT ( 'NONE',  ( 1.443375672974064994, 3.141560677416459225E-15, 0.9937500000000031308 ) ) ;
#241 = CARTESIAN_POINT ( 'NONE',  ( 0.5529378364870405349, -0.9577164262227637614, 2.043749999999997513 ) ) ;
#242 = CARTESIAN_POINT ( 'NONE',  ( -0.6785254037844271613, 1.175240473580835054, 3.291666666666646091 ) ) ;
#243 = CARTESIAN_POINT ( 'NONE',  ( 0.000000000000000000, 0.9577164262227704228, -1.818750000000001643 ) ) ;
#244 = CARTESIAN_POINT ( 'NONE',  ( -1.017788105676655563, 0.5876202367904134194, -2.104166666666675845 ) ) ;
#245 = CARTESIAN_POINT ( 'NONE',  ( 0.000000000000000000, 1.274356964481451637, -1.607812500000002975 ) ) ;
#246 = VERTEX_POINT ( 'NONE', #5315 ) ;
#247 = ORIENTED_EDGE ( 'NONE', *, *, #1571, .T. ) ;
#248 = CARTESIAN_POINT ( 'NONE',  ( -1.322475605676654897, -0.7635316469341327794, 6.213541666666637653 ) ) ;
#249 = EDGE_CURVE ( 'NONE', #2140, #2140, #3058, .T. ) ;
#250 = CIRCLE ( 'NONE', #6239, 9.500000000000000000 ) ;
#251 = LINE ( 'NONE', #894, #5405 ) ;
#252 = CARTESIAN_POINT ( 'NONE',  ( -3.000000000000000000, 7.117402757069113406, -5.986031907170641375 ) ) ;
#253 = CARTESIAN_POINT ( 'NONE',  ( -1.299038105676658006, 0.7499999999999971134, -1.354166666666680729 ) ) ;
#254 = CARTESIAN_POINT ( 'NONE',  ( -0.6785254037844351549, 1.175240473580830836, -3.208333333333341475 ) ) ;
#255 = CARTESIAN_POINT ( 'NONE',  ( 1.103625504730557205, -0.6371784822407210447, -0.4359375000000009770 ) ) ;
#256 = PERSON_AND_ORGANIZATION ( #6017, #2973 ) ;
#257 = CARTESIAN_POINT ( 'NONE',  ( -1.105875672974081736, 3.634326110170273991E-15, -2.212500000000002132 ) ) ;
#258 = CARTESIAN_POINT ( 'NONE',  ( -1.322475605676654897, 0.7635316469341272283, -0.3697916666666805630 ) ) ;
#259 = CARTESIAN_POINT ( 'NONE',  ( -0.7216878364870322748, 1.250000000000003775, 1.987499999999993161 ) ) ;
#260 = CARTESIAN_POINT ( 'NONE',  ( -1.612401492960977238E-14, -1.175240473580835721, 1.062499999999983569 ) ) ;
#261 = CARTESIAN_POINT ( 'NONE',  ( 0.5313759620215676716, -1.307869111574058829, 4.900267676392052962 ) ) ;
#262 = CARTESIAN_POINT ( 'NONE',  ( -1.299038105676658006, -0.7500000000000026645, -4.333333333333335702 ) ) ;
#263 = CARTESIAN_POINT ( 'NONE',  ( -0.8816504037844365982, 1.527063293868257121, 5.557291666666641206 ) ) ;
#264 = CARTESIAN_POINT ( 'NONE',  ( -1.017788105676655563, 0.5876202367904134194, 2.833333333333312609 ) ) ;
#265 = VERTEX_POINT ( 'NONE', #2728 ) ;
#266 = CARTESIAN_POINT ( 'NONE',  ( -1.081506794969444223E-14, 1.050000000000001599, 3.449999999999995737 ) ) ;
#267 = ORIENTED_EDGE ( 'NONE', *, *, #3029, .T. ) ;
#268 = CARTESIAN_POINT ( 'NONE',  ( -2.799999999999998490, -7.999999999999998224, 0.000000000000000000 ) ) ;
#269 = CARTESIAN_POINT ( 'NONE',  ( 0.09727145262175129758, -0.9610615824946046049, -2.954783573777252315 ) ) ;
#270 = CARTESIAN_POINT ( 'NONE',  ( 0.8816504037844361541, -1.527063293868264005, -4.192708333333338366 ) ) ;
#271 = CARTESIAN_POINT ( 'NONE',  ( -0.8294067547305612464, 0.4788582131113870433, 0.8999999999999971356 ) ) ;
#272 = CARTESIAN_POINT ( 'NONE',  ( -0.6785254037844368202, 1.175240473580829503, -3.708333333333339699 ) ) ;
#273 = ADVANCED_FACE ( 'NONE', ( #349 ), #1491, .F. ) ;
#274 = CARTESIAN_POINT ( 'NONE',  ( 0.7216878364870319418, -1.249999999999997113, 0.01875000000000299344 ) ) ;
#275 = CIRCLE ( 'NONE', #5321, 1.499999999999997335 ) ;
#276 = CARTESIAN_POINT ( 'NONE',  ( 0.8294067547305610244, -0.4788582131113803264, -2.025000000000002576 ) ) ;
#277 = DIRECTION ( 'NONE',  ( -0.5000000000000038858, 0.8660254037844364872, 0.000000000000000000 ) ) ;
#278 = CARTESIAN_POINT ( 'NONE',  ( 0.000000000000000000, 0.9577164262227703118, 2.231249999999997957 ) ) ;
#279 = CARTESIAN_POINT ( 'NONE',  ( 1.357050807568873863, -3.323770530029912691E-15, -2.312500000000008882 ) ) ;
#280 = CARTESIAN_POINT ( 'NONE',  ( -1.471500672974076718, 3.441401797406932500E-15, 2.104687499999996270 ) ) ;
#281 = ORIENTED_EDGE ( 'NONE', *, *, #5522, .F. ) ;
#282 = AXIS2_PLACEMENT_3D ( 'NONE', #123, #3530, #1779 ) ;
#283 = CARTESIAN_POINT ( 'NONE',  ( -1.763300807568873196, -2.966513306368321794E-15, 6.171874999999972466 ) ) ;
#284 = CARTESIAN_POINT ( 'NONE',  ( 7.041719095097280880E-16, 5.409366876077091213, -2.722361107568208372 ) ) ;
#285 = CARTESIAN_POINT ( 'NONE',  ( 0.7666666666666807073, -4.171930009000638151, 2.144890569599182228 ) ) ;
#286 = AXIS2_PLACEMENT_3D ( 'NONE', #151, #6436, #5923 ) ;
#287 = CARTESIAN_POINT ( 'NONE',  ( -0.8660254037844383745, 1.499999999999996669, -0.3958333333333488580 ) ) ;
#288 = LINE ( 'NONE', #1494, #5100 ) ;
#289 = CARTESIAN_POINT ( 'NONE',  ( -1.103625504730557427, 0.6371784822407274840, 2.039062499999999112 ) ) ;
#290 = PERSON_AND_ORGANIZATION_ROLE ( 'classification_officer' ) ;
#291 = CARTESIAN_POINT ( 'NONE',  ( 1.105875672974081736, 3.397129166993422118E-15, -2.887500000000001954 ) ) ;
#292 = CARTESIAN_POINT ( 'NONE',  ( -1.322475605676654897, 0.7635316469341272283, -1.869791666666677621 ) ) ;
#293 = DIRECTION ( 'NONE',  ( 1.000000000000000000, 0.000000000000000000, 0.000000000000000000 ) ) ;
#294 = CARTESIAN_POINT ( 'NONE',  ( 1.017788105676650234, -0.5876202367904284074, 3.145833333333313053 ) ) ;
#295 = CC_DESIGN_PERSON_AND_ORGANIZATION_ASSIGNMENT ( #985, #1882, ( #690 ) ) ;
#296 = CARTESIAN_POINT ( 'NONE',  ( -0.1526857942740722784, -1.147082833373330057, 2.999999999999999556 ) ) ;
#297 = CARTESIAN_POINT ( 'NONE',  ( -0.8660254037844391517, -1.500000000000002665, -2.791666666666672292 ) ) ;
#298 = CARTESIAN_POINT ( 'NONE',  ( 0.8816504037844361541, -1.527063293868264005, 3.807291666666644314 ) ) ;
#299 = CARTESIAN_POINT ( 'NONE',  ( -0.6785254037844372643, -1.175240473580835721, 3.458333333333311277 ) ) ;
#300 = ORIENTED_EDGE ( 'NONE', *, *, #7013, .F. ) ;
#301 = CYLINDRICAL_SURFACE ( 'NONE', #6270, 0.1500000000000001055 ) ;
#302 = VERTEX_POINT ( 'NONE', #3833 ) ;
#303 = CARTESIAN_POINT ( 'NONE',  ( 0.6892176704426604683, -0.9519291851246595160, -4.949759526419184930 ) ) ;
#304 = CARTESIAN_POINT ( 'NONE',  ( 1.227150669930187510, -0.1609543867201326806, -2.685349330069826568 ) ) ;
#305 = CARTESIAN_POINT ( 'NONE',  ( -1.732050807568876971, -2.968426816991988742E-15, 3.624999999999980016 ) ) ;
#306 = CARTESIAN_POINT ( 'NONE',  ( -1.322475605676655119, -0.7635316469341328904, -2.317708333333341919 ) ) ;
#307 = CARTESIAN_POINT ( 'NONE',  ( -0.8294067547305613575, -0.4788582131113798268, 0.5249999999999976907 ) ) ;
#308 = CARTESIAN_POINT ( 'NONE',  ( 0.6785254037844365982, -1.175240473580835721, -3.458333333333340587 ) ) ;
#309 = CARTESIAN_POINT ( 'NONE',  ( -1.082531754730548634, 0.6250000000000037748, -0.6187499999999971356 ) ) ;
#310 = CARTESIAN_POINT ( 'NONE',  ( 0.000000000000000000, 0.9577164262227705338, -3.225000000000002309 ) ) ;
#311 = CARTESIAN_POINT ( 'NONE',  ( 2.188248776859948389E-14, 1.175240473580829725, 3.749999999999977351 ) ) ;
#312 = CARTESIAN_POINT ( 'NONE',  ( 0.000000000000000000, 0.9577164262227703118, 0.8812499999999983125 ) ) ;
#313 = CARTESIAN_POINT ( 'NONE',  ( 0.6785254037844377084, 1.175240473580829059, -0.7291666666666791752 ) ) ;
#314 = CARTESIAN_POINT ( 'NONE',  ( -1.103625504730557649, -0.6371784822407202675, 1.242187499999996669 ) ) ;
#315 = ORIENTED_EDGE ( 'NONE', *, *, #4109, .T. ) ;
#316 = PRODUCT ( 'M3x10_BHCS_97763A814', 'M3x10_BHCS_97763A814', '', ( #2268 ) ) ;
#317 = DIRECTION ( 'NONE',  ( 3.064488108188101053E-16, 5.307849102572449992E-16, 1.000000000000000000 ) ) ;
#318 = PLANE ( 'NONE',  #1113 ) ;
#319 = CARTESIAN_POINT ( 'NONE',  ( 1.299038105676657562, -0.7500000000000035527, 0.8958333333333143855 ) ) ;
#320 = CARTESIAN_POINT ( 'NONE',  ( -0.6785254037844387076, -1.175240473580834610, -4.541666666666671404 ) ) ;
#321 = CARTESIAN_POINT ( 'NONE',  ( 1.471500672974076718, 3.138498228573534322E-15, 0.9515624999999992006 ) ) ;
#322 = ADVANCED_FACE ( 'NONE', ( #6130 ), #1637, .F. ) ;
#323 = CARTESIAN_POINT ( 'NONE',  ( -0.5529378364870412010, -0.9577164262227633174, 0.1124999999999975880 ) ) ;
#324 = CARTESIAN_POINT ( 'NONE',  ( 1.322475605676655563, 0.7635316469341260071, -2.036458333333343695 ) ) ;
#325 = CARTESIAN_POINT ( 'NONE',  ( 0.8294067547305610244, -0.4788582131113802709, -2.868750000000001688 ) ) ;
#326 = CARTESIAN_POINT ( 'NONE',  ( 1.017788105676646460, -0.5876202367904352908, 2.645833333333314386 ) ) ;
#327 = CARTESIAN_POINT ( 'NONE',  ( 0.8757865865276044381, -0.8919068644529891676, -2.662500000000000977 ) ) ;
#328 = DIRECTION ( 'NONE',  ( 0.000000000000000000, 1.000000000000000000, 0.000000000000000000 ) ) ;
#329 = CARTESIAN_POINT ( 'NONE',  ( -1.870113174931179184E-16, -1.527063293868263338, 4.765624999999976907 ) ) ;
#330 = CARTESIAN_POINT ( 'NONE',  ( 1.017788105676656008, 0.5876202367904124202, 2.166666666666647423 ) ) ;
#331 = ORIENTED_EDGE ( 'NONE', *, *, #5710, .F. ) ;
#332 = DIRECTION ( 'NONE',  ( -0.4999999999999919509, -0.8660254037844432595, 5.457635026140484590E-16 ) ) ;
#333 = EDGE_CURVE ( 'NONE', #117, #7008, #7162, .T. ) ;
#334 = VERTEX_POINT ( 'NONE', #4882 ) ;
#335 = CARTESIAN_POINT ( 'NONE',  ( 3.000000000000000000, 5.064582904840245980, 7.799999999999995381 ) ) ;
#336 = DIRECTION ( 'NONE',  ( 0.5773502691896313932, 0.8164965809277221487, 2.948542785788107421E-15 ) ) ;
#337 = CARTESIAN_POINT ( 'NONE',  ( 1.299038105676658450, 0.7499999999999957812, 2.916666666666649199 ) ) ;
#338 = CARTESIAN_POINT ( 'NONE',  ( 1.763300807568873418, -3.398397444352954817E-15, -2.109375000000008438 ) ) ;
#339 = ORIENTED_EDGE ( 'NONE', *, *, #3187, .T. ) ;
#340 = CARTESIAN_POINT ( 'NONE',  ( -0.5529378364870407569, 0.9577164262227703118, 1.312499999999998002 ) ) ;
#341 = CARTESIAN_POINT ( 'NONE',  ( -1.439254484199186421E-16, -1.175240473580835721, -3.500000000000006661 ) ) ;
#342 = CARTESIAN_POINT ( 'NONE',  ( 7.041719095097280880E-16, 7.177133829043460977, -0.9545941546018391621 ) ) ;
#343 = CARTESIAN_POINT ( 'NONE',  ( 0.8294067547305610244, -0.4788582131113803819, -1.575000000000002398 ) ) ;
#344 = CARTESIAN_POINT ( 'NONE',  ( 1.357050807568874085, -2.036252673053158079E-14, 2.624999999999979572 ) ) ;
#345 = CARTESIAN_POINT ( 'NONE',  ( 0.8294067547305616905, 0.4788582131113862106, 1.706249999999998490 ) ) ;
#346 = CARTESIAN_POINT ( 'NONE',  ( 1.017788105676656008, 0.5876202367904124202, 0.7291666666666514196 ) ) ;
#347 = CARTESIAN_POINT ( 'NONE',  ( 1.103625504730557871, 0.6371784822407264848, 1.467187499999997202 ) ) ;
#348 = ORIENTED_EDGE ( 'NONE', *, *, #3564, .F. ) ;
#349 = FACE_OUTER_BOUND ( 'NONE', #3126, .T. ) ;
#350 = CARTESIAN_POINT ( 'NONE',  ( -0.9999999999999997780, 0.5773502691896249539, 6.649999999999999467 ) ) ;
#351 = CARTESIAN_POINT ( 'NONE',  ( 0.8660254037844379305, -1.500000000000003331, 1.354166666666647423 ) ) ;
#352 = DIRECTION ( 'NONE',  ( 0.000000000000000000, 0.000000000000000000, -1.000000000000000000 ) ) ;
#353 = CARTESIAN_POINT ( 'NONE',  ( 0.000000000000000000, 1.274356964481451415, 1.064062499999999023 ) ) ;
#354 = CALENDAR_DATE ( 2025, 8, 10 ) ;
#355 = CARTESIAN_POINT ( 'NONE',  ( -1.172864355864553979E-16, -0.9577164262227636504, 1.049999999999997158 ) ) ;
#356 = CARTESIAN_POINT ( 'NONE',  ( 0.000000000000000000, 1.527063293868257121, -0.9531250000000129896 ) ) ;
#357 = CIRCLE ( 'NONE', #11, 2.224999999999999201 ) ;
#358 = EDGE_CURVE ( 'NONE', #5369, #3270, #5494, .T. ) ;
#359 = CYLINDRICAL_SURFACE ( 'NONE', #7095, 0.1500000000000001887 ) ;
#360 = CARTESIAN_POINT ( 'NONE',  ( -1.357050807568874085, 1.886858022290287499E-14, 2.437499999999980460 ) ) ;
#361 = CARTESIAN_POINT ( 'NONE',  ( 0.5891403177412681824, 0.8145602173408676983, 6.495516201587641092 ) ) ;
#362 = CARTESIAN_POINT ( 'NONE',  ( 0.06637501132993284259, 1.300979847454952099, -4.825416785753753324 ) ) ;
#363 = SECURITY_CLASSIFICATION_LEVEL ( 'unclassified' ) ;
#364 = CARTESIAN_POINT ( 'NONE',  ( 0.8816504037844375974, 1.527063293868256677, 3.973958333333311721 ) ) ;
#365 = CARTESIAN_POINT ( 'NONE',  ( 0.000000000000000000, 1.175240473580829725, 2.249999999999981348 ) ) ;
#366 = ORIENTED_EDGE ( 'NONE', *, *, #4176, .F. ) ;
#367 = CARTESIAN_POINT ( 'NONE',  ( 3.000000000000000000, 2.033783684603541531, -0.9024128347050744958 ) ) ;
#368 = VERTEX_POINT ( 'NONE', #3321 ) ;
#369 = CARTESIAN_POINT ( 'NONE',  ( -1.530808498934192310E-16, -1.249999999999996669, -2.325000000000007283 ) ) ;
#370 = DIRECTION ( 'NONE',  ( 1.000000000000000000, 0.000000000000000000, -0.000000000000000000 ) ) ;
#371 = CARTESIAN_POINT ( 'NONE',  ( -1.732050807568876971, -2.968426816991988742E-15, 1.124999999999986455 ) ) ;
#372 = CARTESIAN_POINT ( 'NONE',  ( 0.000000000000000000, 1.527063293868257343, -3.484375000000005773 ) ) ;
#373 = ORIENTED_EDGE ( 'NONE', *, *, #1848, .T. ) ;
#374 = CARTESIAN_POINT ( 'NONE',  ( -0.8294067547305612464, 0.4788582131113869877, 1.799999999999997824 ) ) ;
#375 = CARTESIAN_POINT ( 'NONE',  ( -0.6785254037844368202, 1.175240473580829503, -4.208333333333338366 ) ) ;
#376 = CARTESIAN_POINT ( 'NONE',  ( 3.000000000000000000, 7.800000000000002487, 5.064582904840233546 ) ) ;
#377 = CARTESIAN_POINT ( 'NONE',  ( -1.172864355864553979E-16, -0.9577164262227634284, -2.550000000000002487 ) ) ;
#378 = APPROVAL ( #2480, 'UNSPECIFIED' ) ;
#379 = CARTESIAN_POINT ( 'NONE',  ( 3.000000000000000000, -5.123475382979792769, -8.000000000000003553 ) ) ;
#380 = CARTESIAN_POINT ( 'NONE',  ( -1.105875672974081736, 3.407090887344467147E-15, 2.343749999999997780 ) ) ;
#381 = EDGE_LOOP ( 'NONE', ( #1289, #4820, #1845, #405 ) ) ;
#382 = CARTESIAN_POINT ( 'NONE',  ( 0.000000000000000000, 1.175240473580829725, -1.187500000000011546 ) ) ;
#383 = CARTESIAN_POINT ( 'NONE',  ( -1.103625504730557649, -0.6371784822407203785, 2.142187499999996358 ) ) ;
#384 = ORIENTED_EDGE ( 'NONE', *, *, #1259, .F. ) ;
#385 = CARTESIAN_POINT ( 'NONE',  ( -3.000000000000000000, -0.9024128347050754950, 2.033783684603538866 ) ) ;
#386 = CARTESIAN_POINT ( 'NONE',  ( -2.799999999999998490, -7.999999999999998224, 0.000000000000000000 ) ) ;
#387 = CARTESIAN_POINT ( 'NONE',  ( -0.8660254037844388186, -1.500000000000002665, -0.7291666666666818397 ) ) ;
#388 = CARTESIAN_POINT ( 'NONE',  ( -1.017788105676655341, 0.5876202367904138635, -4.666666666666670515 ) ) ;
#389 = APPROVAL_PERSON_ORGANIZATION ( #6142, #4198, #5002 ) ;
#390 = CARTESIAN_POINT ( 'NONE',  ( -1.471500672974076718, 3.465247468938035563E-15, 1.626562499999998579 ) ) ;
#391 = COORDINATED_UNIVERSAL_TIME_OFFSET ( 6, 0, .BEHIND. ) ;
#392 = AXIS2_PLACEMENT_3D ( 'NONE', #7062, #5298, #911 ) ;
#393 = CARTESIAN_POINT ( 'NONE',  ( -1.105875672974081736, 3.544554170288473830E-15, -0.4125000000000022538 ) ) ;
#394 = CARTESIAN_POINT ( 'NONE',  ( -1.322475605676654897, -0.7635316469341327794, 1.213541666666649199 ) ) ;
#395 = SECURITY_CLASSIFICATION ( '', '', #1901 ) ;
#396 = CARTESIAN_POINT ( 'NONE',  ( -0.5529378364870407569, 0.9577164262227705338, -3.131250000000001421 ) ) ;
#397 = CARTESIAN_POINT ( 'NONE',  ( -1.017788105676652233, 0.5876202367904188595, 3.395833333333311277 ) ) ;
#398 = CARTESIAN_POINT ( 'NONE',  ( 0.1345470299149622295, -1.116310608058312059, 4.499999999999997335 ) ) ;
#399 = CARTESIAN_POINT ( 'NONE',  ( 1.146920935941641018, -0.4097307597371808163, -4.920292008553923679 ) ) ;
#400 = SHAPE_DEFINITION_REPRESENTATION ( #4308, #3541 ) ;
#401 = CARTESIAN_POINT ( 'NONE',  ( 0.6785254037844377084, 1.175240473580829059, -4.729166666666670515 ) ) ;
#402 = CARTESIAN_POINT ( 'NONE',  ( -1.017788105676655563, -0.5876202367904191926, 2.416666666666646979 ) ) ;
#403 = EDGE_CURVE ( 'NONE', #1218, #954, #2532, .T. ) ;
#404 = VECTOR ( 'NONE', #4150, 1000.000000000000114 ) ;
#405 = ORIENTED_EDGE ( 'NONE', *, *, #6475, .T. ) ;
#406 = CARTESIAN_POINT ( 'NONE',  ( 2.800000000000001155, 5.123475382979804316, 7.999999999999996447 ) ) ;
#407 = VERTEX_POINT ( 'NONE', #1081 ) ;
#408 = CARTESIAN_POINT ( 'NONE',  ( 0.000000000000000000, 1.250000000000004219, -1.650000000000007017 ) ) ;
#409 = CARTESIAN_POINT ( 'NONE',  ( 0.6329882833542421761, -0.9004903918731340662, -2.823431911512206405 ) ) ;
#410 = CARTESIAN_POINT ( 'NONE',  ( -1.732050807568876971, -2.968426816991988742E-15, 2.624999999999982236 ) ) ;
#411 = CIRCLE ( 'NONE', #6059, 1.124999999999998224 ) ;
#412 = CARTESIAN_POINT ( 'NONE',  ( -1.322475605676655119, -0.7635316469341328904, -3.817708333333338810 ) ) ;
#413 = ADVANCED_FACE ( 'NONE', ( #2689 ), #4285, .T. ) ;
#414 = ORIENTED_EDGE ( 'NONE', *, *, #98, .T. ) ;
#415 = CARTESIAN_POINT ( 'NONE',  ( -1.439254484199186421E-16, -1.175240473580835721, -4.500000000000004441 ) ) ;
#416 = CARTESIAN_POINT ( 'NONE',  ( 0.8816504037844374864, 1.527063293868256677, 6.505208333333303727 ) ) ;
#417 = AXIS2_PLACEMENT_3D ( 'NONE', #2459, #2425, #233 ) ;
#418 = CARTESIAN_POINT ( 'NONE',  ( 1.082531754730548856, 0.6250000000000028866, -2.118749999999996358 ) ) ;
#419 = CARTESIAN_POINT ( 'NONE',  ( 0.8294067547305616905, 0.4788582131113864326, -2.850000000000002309 ) ) ;
#420 = CARTESIAN_POINT ( 'NONE',  ( 0.000000000000000000, -1.250000000000000000, 4.499999999999998224 ) ) ;
#421 = CARTESIAN_POINT ( 'NONE',  ( 0.000000000000000000, 0.9577164262227702007, 2.681249999999997691 ) ) ;
#422 = CARTESIAN_POINT ( 'NONE',  ( 1.017788105676655341, -0.5876202367904199697, 0.6458333333333177162 ) ) ;
#423 = CARTESIAN_POINT ( 'NONE',  ( -1.560637177523342561E-16, -1.274356964481444532, 1.767187499999997025 ) ) ;
#424 = ORIENTED_EDGE ( 'NONE', *, *, #1718, .T. ) ;
#425 = ADVANCED_FACE ( 'NONE', ( #3179 ), #1045, .T. ) ;
#426 = DIRECTION ( 'NONE',  ( -3.064488108188125705E-16, 5.307849102572407591E-16, 1.000000000000000000 ) ) ;
#427 = CARTESIAN_POINT ( 'NONE',  ( -2.866945116622130030, 7.125276886143637078, -6.182074056858116506 ) ) ;
#428 = CARTESIAN_POINT ( 'NONE',  ( -0.8660254037844388186, -1.500000000000002665, 1.770833333333312387 ) ) ;
#429 = CARTESIAN_POINT ( 'NONE',  ( -1.357050807568874085, 5.902338433609357209E-15, -2.625000000000008438 ) ) ;
#430 = CARTESIAN_POINT ( 'NONE',  ( 1.103625504730557205, -0.6371784822407211557, 0.4640624999999987677 ) ) ;
#431 = CALENDAR_DATE ( 2025, 8, 10 ) ;
#432 = CARTESIAN_POINT ( 'NONE',  ( -0.8294067547305612464, 0.4788582131113870988, -2.602085213965210642E-15 ) ) ;
#433 = CARTESIAN_POINT ( 'NONE',  ( -1.322475605676654897, 0.7635316469341272283, 0.6302083333333168280 ) ) ;
#434 = CARTESIAN_POINT ( 'NONE',  ( 0.8294067547305616905, 0.4788582131113863216, -0.5437500000000017319 ) ) ;
#435 = CARTESIAN_POINT ( 'NONE',  ( 1.357050807568874085, -1.171724555343890190E-14, 4.187499999999977796 ) ) ;
#436 = DIRECTION ( 'NONE',  ( 0.000000000000000000, -1.224646799147345565E-16, 1.000000000000000000 ) ) ;
#437 = CARTESIAN_POINT ( 'NONE',  ( -0.1345470299149542637, -1.116310608058314058, 3.449999999999996625 ) ) ;
#438 = APPLICATION_PROTOCOL_DEFINITION ( 'international standard', 'config_control_design', 1994, #4263 ) ;
#439 = CARTESIAN_POINT ( 'NONE',  ( -1.322475605676655119, 0.7635316469341273393, 7.098958333333304616 ) ) ;
#440 = CARTESIAN_POINT ( 'NONE',  ( -0.6785254037844372643, -1.175240473580835721, 4.958333333333307280 ) ) ;
#441 = VERTEX_POINT ( 'NONE', #3285 ) ;
#442 = CYLINDRICAL_SURFACE ( 'NONE', #6963, 0.1500000000000001055 ) ;
#443 = EDGE_LOOP ( 'NONE', ( #7148, #6333, #3162, #1080 ) ) ;
#444 = CARTESIAN_POINT ( 'NONE',  ( 0.7216878364870319418, -1.249999999999996891, -2.287500000000007194 ) ) ;
#445 = CARTESIAN_POINT ( 'NONE',  ( 0.1345470299149619242, -1.116310608058312726, 3.449999999999996625 ) ) ;
#446 = CARTESIAN_POINT ( 'NONE',  ( -0.8660254037844391517, -1.500000000000002665, 2.708333333333316162 ) ) ;
#447 = CARTESIAN_POINT ( 'NONE',  ( -0.8816504037844372643, -1.527063293868263116, -1.276041666666677621 ) ) ;
#448 = VERTEX_POINT ( 'NONE', #7123 ) ;
#449 = CARTESIAN_POINT ( 'NONE',  ( 1.017788105676655341, -0.5876202367904199697, -1.416666666666678065 ) ) ;
#450 = CARTESIAN_POINT ( 'NONE',  ( 7.041719095097280880E-16, 1.581296885077711378, -8.000000000000003553 ) ) ;
#451 = ORGANIZATION ( 'NAUO-ORG2', 'UNSPECIFIED', 'UNSPECIFIED' ) ;
#452 = CARTESIAN_POINT ( 'NONE',  ( 1.443375672974064994, 3.321104557180059154E-15, -2.606249999999997069 ) ) ;
#453 = CARTESIAN_POINT ( 'NONE',  ( -0.5529378364870407569, 0.9577164262227704228, -0.03750000000000237171 ) ) ;
#454 = VERTEX_POINT ( 'NONE', #4983 ) ;
#455 = CARTESIAN_POINT ( 'NONE',  ( 0.5529378364870405349, -0.9577164262227638725, 2.943749999999998312 ) ) ;
#456 = CARTESIAN_POINT ( 'NONE',  ( -1.017788105676655563, -0.5876202367904191926, -1.020833333333345028 ) ) ;
#457 = DIRECTION ( 'NONE',  ( 0.000000000000000000, 1.000000000000000000, 0.000000000000000000 ) ) ;
#458 = EDGE_LOOP ( 'NONE', ( #4037, #2324, #1101, #877 ) ) ;
#459 = CARTESIAN_POINT ( 'NONE',  ( -0.8994798301350734882, -0.6746764499392551295, 4.499999999999996447 ) ) ;
#460 = FACE_BOUND ( 'NONE', #1258, .T. ) ;
#461 = CARTESIAN_POINT ( 'NONE',  ( 0.000000000000000000, 1.499999999999996669, 1.562499999999980460 ) ) ;
#462 = CARTESIAN_POINT ( 'NONE',  ( 0.8294067547305610244, -0.4788582131113803819, -1.068750000000001643 ) ) ;
#463 = CARTESIAN_POINT ( 'NONE',  ( -1.017788105676658006, -0.5876202367904153068, -2.083333333333343251 ) ) ;
#464 = CARTESIAN_POINT ( 'NONE',  ( 0.000000000000000000, 0.9577164262227705338, -2.718750000000001332 ) ) ;
#465 = CARTESIAN_POINT ( 'NONE',  ( -1.172864355864553979E-16, -0.9577164262227635394, -0.3000000000000025424 ) ) ;
#466 = CARTESIAN_POINT ( 'NONE',  ( 1.322475605676654453, -0.7635316469341337786, 2.380208333333313941 ) ) ;
#467 = CARTESIAN_POINT ( 'NONE',  ( 0.5529378364870414231, 0.9577164262227702007, -0.5062500000000015321 ) ) ;
#468 = CARTESIAN_POINT ( 'NONE',  ( -0.8294067547305612464, 0.4788582131113871543, -1.743750000000001688 ) ) ;
#469 = CARTESIAN_POINT ( 'NONE',  ( 2.800000000000001155, -5.020458146424486401, 4.171930009000630157 ) ) ;
#470 = CARTESIAN_POINT ( 'NONE',  ( 0.000000000000000000, -6.613092715395706678E-15, -2.999999999999999112 ) ) ;
#471 = DIRECTION ( 'NONE',  ( -0.000000000000000000, 3.538566068381623796E-16, 1.000000000000000000 ) ) ;
#472 = PERSON_AND_ORGANIZATION ( #6017, #2973 ) ;
#473 = CARTESIAN_POINT ( 'NONE',  ( 1.322475605676655785, 0.7635316469341261181, 6.932291666666638541 ) ) ;
#474 = CARTESIAN_POINT ( 'NONE',  ( 1.017788105676656008, 0.5876202367904124202, 6.666666666666638541 ) ) ;
#475 = VECTOR ( 'NONE', #7011, 1000.000000000000114 ) ;
#476 = ORIENTED_EDGE ( 'NONE', *, *, #6635, .F. ) ;
#477 = CARTESIAN_POINT ( 'NONE',  ( 3.000000000000000000, 0.000000000000000000, 0.000000000000000000 ) ) ;
#478 = EDGE_LOOP ( 'NONE', ( #5819, #2135, #6802, #4155 ) ) ;
#479 = ORIENTED_EDGE ( 'NONE', *, *, #2734, .F. ) ;
#480 = CARTESIAN_POINT ( 'NONE',  ( -0.7216878364870328300, -1.249999999999996891, 0.3374999999999929723 ) ) ;
#481 = ORIENTED_EDGE ( 'NONE', *, *, #3318, .F. ) ;
#482 = CARTESIAN_POINT ( 'NONE',  ( -6.622025529509219715E-15, -1.175240473580835721, -0.9375000000000121014 ) ) ;
#483 = CARTESIAN_POINT ( 'NONE',  ( 0.9434779557954122708, 0.7007421192354609252, 4.675240473580834610 ) ) ;
#484 = CARTESIAN_POINT ( 'NONE',  ( -1.299038105676658006, -0.7500000000000026645, 1.166666666666652752 ) ) ;
#485 = CARTESIAN_POINT ( 'NONE',  ( 0.000000000000000000, 1.527063293868257343, 0.5156249999999856781 ) ) ;
#486 = CARTESIAN_POINT ( 'NONE',  ( -0.6785254037844372643, -1.175240473580835721, -1.041666666666678509 ) ) ;
#487 = FACE_OUTER_BOUND ( 'NONE', #1206, .T. ) ;
#488 = CARTESIAN_POINT ( 'NONE',  ( 1.082531754730548856, 0.6250000000000028866, -2.568749999999997424 ) ) ;
#489 = CARTESIAN_POINT ( 'NONE',  ( -0.5529378364870407569, 0.9577164262227703118, 1.312499999999997558 ) ) ;
#490 = VERTEX_POINT ( 'NONE', #531 ) ;
#491 = CARTESIAN_POINT ( 'NONE',  ( 0.8294067547305610244, -0.4788582131113802709, -2.925000000000002043 ) ) ;
#492 = CARTESIAN_POINT ( 'NONE',  ( 1.017788105676655341, -0.5876202367904199697, 2.145833333333314830 ) ) ;
#493 = DIRECTION ( 'NONE',  ( 0.000000000000000000, 0.000000000000000000, -1.000000000000000000 ) ) ;
#494 = ORIENTED_EDGE ( 'NONE', *, *, #7063, .T. ) ;
#495 = PRODUCT ( 'ClampHub_v0.1_4mm', 'ClampHub_v0.1_4mm', '', ( #1313 ) ) ;
#496 = EDGE_CURVE ( 'NONE', #5910, #6561, #4473, .T. ) ;
#497 = ADVANCED_FACE ( 'NONE', ( #970 ), #3253, .F. ) ;
#498 = CARTESIAN_POINT ( 'NONE',  ( 0.9999999999999991118, -0.5773502691896252870, 6.649999999999999467 ) ) ;
#499 = CARTESIAN_POINT ( 'NONE',  ( 1.299038105676658450, 0.7499999999999958922, 3.479166666666642094 ) ) ;
#500 = CARTESIAN_POINT ( 'NONE',  ( -1.105875672974081736, 3.586634767108066287E-15, -1.256250000000001643 ) ) ;
#501 = CARTESIAN_POINT ( 'NONE',  ( -0.6785254037844297148, 1.175240473580833722, -1.208333333333344806 ) ) ;
#502 = CARTESIAN_POINT ( 'NONE',  ( -1.105875672974081736, 3.653963722019416901E-15, -2.606250000000001510 ) ) ;
#503 = CARTESIAN_POINT ( 'NONE',  ( 0.5529378364870414231, 0.9577164262227698677, 3.037499999999997424 ) ) ;
#504 = CARTESIAN_POINT ( 'NONE',  ( 1.322475605676654453, -0.7635316469341337786, 0.8802083333333161619 ) ) ;
#506 = CARTESIAN_POINT ( 'NONE',  ( -1.172864355864553979E-16, -0.9577164262227635394, -1.593750000000001554 ) ) ;
#505 = AXIS2_PLACEMENT_3D ( 'NONE', #4277, #3172, #1337 ) ;
#507 = CARTESIAN_POINT ( 'NONE',  ( -2.866682547644412882, 7.933317452355590937, 5.103952732046619367 ) ) ;
#508 = CARTESIAN_POINT ( 'NONE',  ( 3.000000000000000000, 4.490128060534575916, 4.490128060534575916 ) ) ;
#509 = APPLICATION_CONTEXT ( 'configuration controlled 3d designs of mechanical parts and assemblies' ) ;
#510 = CARTESIAN_POINT ( 'NONE',  ( -1.276421203979468011, -0.5900453369359122124, -4.721650850743022154 ) ) ;
#511 = APPROVAL_ROLE ( '' ) ;
#512 = CARTESIAN_POINT ( 'NONE',  ( -0.8816504037844365982, 1.527063293868257121, 6.557291666666638541 ) ) ;
#513 = CARTESIAN_POINT ( 'NONE',  ( 0.9093266739736641791, -0.5249999999999939160, 3.449999999999996181 ) ) ;
#514 = CARTESIAN_POINT ( 'NONE',  ( -1.439254484199186421E-16, -1.175240473580835721, 6.999999999999971578 ) ) ;
#515 = ORIENTED_EDGE ( 'NONE', *, *, #5679, .T. ) ;
#516 = CARTESIAN_POINT ( 'NONE',  ( -0.6727527331043335890, 0.7662865668234070116, 6.494872772280238848 ) ) ;
#517 = CC_DESIGN_SECURITY_CLASSIFICATION ( #737, ( #2262 ) ) ;
#518 = VERTEX_POINT ( 'NONE', #459 ) ;
#519 = CARTESIAN_POINT ( 'NONE',  ( -1.082531754730548856, -0.6249999999999964473, -1.050000000000007150 ) ) ;
#520 = CARTESIAN_POINT ( 'NONE',  ( -5.470621942149870973E-15, -1.175240473580835721, -2.937500000000007994 ) ) ;
#521 = DIRECTION ( 'NONE',  ( -1.000000000000000000, 0.000000000000000000, -0.000000000000000000 ) ) ;
#522 = CARTESIAN_POINT ( 'NONE',  ( -0.8660254037844383745, 1.499999999999996669, 0.04166666666665524293 ) ) ;
#523 = VECTOR ( 'NONE', #6666, 1000.000000000000000 ) ;
#524 = CARTESIAN_POINT ( 'NONE',  ( -1.322475605676655119, 0.7635316469341273393, -1.401041666666677177 ) ) ;
#525 = CARTESIAN_POINT ( 'NONE',  ( 0.6785254037844377084, 1.175240473580829059, -3.291666666666673624 ) ) ;
#526 = DIRECTION ( 'NONE',  ( -0.000000000000000000, 3.538566068381623796E-16, 1.000000000000000000 ) ) ;
#527 = CIRCLE ( 'NONE', #4401, 1.449999999999993738 ) ;
#528 = CARTESIAN_POINT ( 'NONE',  ( -0.09702298927760491520, -1.190560994006941931, -4.934469893370430960 ) ) ;
#529 = AXIS2_PLACEMENT_3D ( 'NONE', #929, #213, #5911 ) ;
#530 = CARTESIAN_POINT ( 'NONE',  ( 1.105875672974081736, 3.284914242141172803E-15, -0.6375000000000022871 ) ) ;
#531 = CARTESIAN_POINT ( 'NONE',  ( 0.000000000000000000, -2.849999999999999201, 4.999999999999999112 ) ) ;
#532 = DIRECTION ( 'NONE',  ( 1.000000000000000000, 6.982962677686266711E-15, -2.470967478803591292E-30 ) ) ;
#533 = CARTESIAN_POINT ( 'NONE',  ( -0.6785254037844372643, -1.175240473580835721, 3.020833333333312609 ) ) ;
#534 = CARTESIAN_POINT ( 'NONE',  ( 1.082531754730548634, -0.6249999999999975575, 2.756250000000002753 ) ) ;
#535 = CARTESIAN_POINT ( 'NONE',  ( -1.299038105676658006, -0.7500000000000026645, 3.229166666666643870 ) ) ;
#536 = CARTESIAN_POINT ( 'NONE',  ( -0.5529378364870412010, -0.9577164262227633174, -0.2812500000000015543 ) ) ;
#537 = CARTESIAN_POINT ( 'NONE',  ( 1.094124388429974195E-14, 1.175240473580829725, -0.7500000000000127676 ) ) ;
#538 = CARTESIAN_POINT ( 'NONE',  ( 1.103625504730557205, -0.6371784822407212667, 2.714062499999998490 ) ) ;
#539 = CARTESIAN_POINT ( 'NONE',  ( -1.103625504730557649, -0.6371784822407200455, -3.257812500000003109 ) ) ;
#540 = CARTESIAN_POINT ( 'NONE',  ( 1.763300807568873196, -3.398397444352954028E-15, 0.4218749999999839018 ) ) ;
#541 = CARTESIAN_POINT ( 'NONE',  ( 0.5529378364870414231, 0.9577164262227702007, -1.406250000000001776 ) ) ;
#542 = ADVANCED_FACE ( 'NONE', ( #6678, #3867 ), #2653, .T. ) ;
#543 = CARTESIAN_POINT ( 'NONE',  ( 0.000000000000000000, 1.499999999999996669, -4.437500000000007105 ) ) ;
#544 = CARTESIAN_POINT ( 'NONE',  ( -1.034026860050032193, 0.4416341581190610377, 4.499999999999996447 ) ) ;
#545 = LINE ( 'NONE', #5653, #6522 ) ;
#546 = DATE_AND_TIME ( #3920, #6040 ) ;
#547 = CARTESIAN_POINT ( 'NONE',  ( -3.000000000000000000, 7.800000000000005151, -5.064582904840234434 ) ) ;
#548 = CARTESIAN_POINT ( 'NONE',  ( 1.357050807568873863, -3.323770530029912691E-15, 5.624999999999973355 ) ) ;
#549 = ORIENTED_EDGE ( 'NONE', *, *, #3364, .T. ) ;
#550 = CARTESIAN_POINT ( 'NONE',  ( -0.1906536866923586593, -1.159672946348718758, -4.949759526419165390 ) ) ;
#551 = ORIENTED_EDGE ( 'NONE', *, *, #6213, .F. ) ;
#552 = CARTESIAN_POINT ( 'NONE',  ( 1.082531754730548634, -0.6249999999999973355, -7.233661369551724896E-15 ) ) ;
#553 = CARTESIAN_POINT ( 'NONE',  ( -1.017788105676654009, 0.5876202367904159729, -2.104166666666675845 ) ) ;
#554 = DIRECTION ( 'NONE',  ( 0.000000000000000000, -3.552713678800500929E-15, -1.000000000000000000 ) ) ;
#555 = CARTESIAN_POINT ( 'NONE',  ( -1.732050807568876971, -2.968426816991988742E-15, -1.875000000000007772 ) ) ;
#556 = CARTESIAN_POINT ( 'NONE',  ( -1.322475605676655119, -0.7635316469341328904, 0.6822916666666521968 ) ) ;
#557 = CARTESIAN_POINT ( 'NONE',  ( -1.017788105676655563, -0.5876202367904191926, -2.583333333333341919 ) ) ;
#558 = EDGE_CURVE ( 'NONE', #4730, #2687, #4362, .T. ) ;
#559 = CARTESIAN_POINT ( 'NONE',  ( -0.9999999999999991118, 0.5773502691896252870, 5.495000000000000107 ) ) ;
#560 = CARTESIAN_POINT ( 'NONE',  ( 0.2913971119733089754, -1.216030407086790444, -4.878241348155607504 ) ) ;
#561 = CARTESIAN_POINT ( 'NONE',  ( 0.000000000000000000, 0.9577164262227703118, 0.3749999999999977240 ) ) ;
#562 = CARTESIAN_POINT ( 'NONE',  ( -2.866682547644412882, -5.103952732046619367, -7.933317452355590937 ) ) ;
#563 = CARTESIAN_POINT ( 'NONE',  ( 0.6785254037844365982, -1.175240473580835721, 2.604166666666646535 ) ) ;
#564 = CARTESIAN_POINT ( 'NONE',  ( -1.103625504730557427, 0.6371784822407273730, 2.517187499999996803 ) ) ;
#565 = CARTESIAN_POINT ( 'NONE',  ( 1.732050807568876971, -3.392656912481952001E-15, 2.937499999999976463 ) ) ;
#566 = CARTESIAN_POINT ( 'NONE',  ( 0.5529378364870414231, 0.9577164262227702007, -0.05625000000000161121 ) ) ;
#567 = CARTESIAN_POINT ( 'NONE',  ( 0.6785254037844250519, -1.175240473580842382, -0.4583333333333461934 ) ) ;
#568 = CARTESIAN_POINT ( 'NONE',  ( 0.5529378364870405349, -0.9577164262227636504, -2.456250000000001155 ) ) ;
#569 = CARTESIAN_POINT ( 'NONE',  ( 1.105875672974081736, 3.150256332318472758E-15, 2.062499999999997780 ) ) ;
#570 = CARTESIAN_POINT ( 'NONE',  ( -1.870113174931178938E-16, -1.527063293868263116, 3.296874999999978684 ) ) ;
#571 = CARTESIAN_POINT ( 'NONE',  ( -0.8294067547305613575, -0.4788582131113798268, 0.5812499999999984901 ) ) ;
#572 = LINE ( 'NONE', #6654, #2982 ) ;
#573 = CARTESIAN_POINT ( 'NONE',  ( -0.3272472668956661890, -0.9657642407454687383, 6.494872772280240625 ) ) ;
#574 = DIRECTION ( 'NONE',  ( 0.000000000000000000, 0.000000000000000000, -1.000000000000000000 ) ) ;
#575 = SHAPE_DEFINITION_REPRESENTATION ( #1424, #6519 ) ;
#576 = CARTESIAN_POINT ( 'NONE',  ( -2.799999999999998490, 8.000000000000003553, -5.123475382979792769 ) ) ;
#577 = CARTESIAN_POINT ( 'NONE',  ( -1.357050807568873863, -2.991388944476002371E-15, 6.874999999999971578 ) ) ;
#578 = EDGE_LOOP ( 'NONE', ( #5872, #1472, #5197, #339 ) ) ;
#579 = CARTESIAN_POINT ( 'NONE',  ( 3.000000000000000000, -5.303300858899106629, 4.171930009000629269 ) ) ;
#580 = EDGE_CURVE ( 'NONE', #4558, #3441, #4226, .T. ) ;
#581 = EDGE_CURVE ( 'NONE', #4421, #5700, #2458, .T. ) ;
#582 = ORIENTED_EDGE ( 'NONE', *, *, #5575, .T. ) ;
#583 = CARTESIAN_POINT ( 'NONE',  ( -1.443375672974064994, 3.598884562479759589E-15, -1.087500000000007017 ) ) ;
#584 = CARTESIAN_POINT ( 'NONE',  ( 1.017788105676651567, -0.5876202367904264090, -0.8541666666666783980 ) ) ;
#585 = CARTESIAN_POINT ( 'NONE',  ( 0.8339694696695401088, 0.8435303273429974880, 4.682812603528120121 ) ) ;
#586 = CARTESIAN_POINT ( 'NONE',  ( -1.836970198721029688E-16, -1.500000000000002887, 0.2499999999999881761 ) ) ;
#587 = CIRCLE ( 'NONE', #5882, 9.300000000000000711 ) ;
#588 = CARTESIAN_POINT ( 'NONE',  ( 0.8816504037844375974, 1.527063293868256677, 2.473958333333315274 ) ) ;
#589 = CARTESIAN_POINT ( 'NONE',  ( 0.6785254037844377084, 1.175240473580829059, -2.291666666666675845 ) ) ;
#590 = FACE_OUTER_BOUND ( 'NONE', #4049, .T. ) ;
#591 = CONICAL_SURFACE ( 'NONE', #1535, 1.154700538379250796, 0.7853981633974500554 ) ;
#592 = CARTESIAN_POINT ( 'NONE',  ( 3.000000000000000000, 0.000000000000000000, 0.000000000000000000 ) ) ;
#593 = CARTESIAN_POINT ( 'NONE',  ( 2.866169322782476048, -0.9310142720214914513, 1.873119963137367616 ) ) ;
#594 = CARTESIAN_POINT ( 'NONE',  ( 0.8294067547305610244, -0.4788582131113804929, 0.6749999999999976019 ) ) ;
#595 = CARTESIAN_POINT ( 'NONE',  ( 0.5529378364870414231, 0.9577164262227702007, -2.812500000000001776 ) ) ;
#596 = CARTESIAN_POINT ( 'NONE',  ( -1.017788105676655563, 0.5876202367904134194, 2.895833333333312609 ) ) ;
#597 = DIRECTION ( 'NONE',  ( -1.000000000000000000, 0.000000000000000000, 0.000000000000000000 ) ) ;
#598 = CARTESIAN_POINT ( 'NONE',  ( 1.443375672974064994, 3.051788737534659458E-15, 2.793750000000002842 ) ) ;
#599 = CC_DESIGN_PERSON_AND_ORGANIZATION_ASSIGNMENT ( #4851, #778, ( #6504 ) ) ;
#600 = CARTESIAN_POINT ( 'NONE',  ( 1.299038105676657562, -0.7500000000000035527, 3.333333333333314830 ) ) ;
#601 = CARTESIAN_POINT ( 'NONE',  ( -1.172864355864553979E-16, -0.9577164262227636504, 0.2062499999999981015 ) ) ;
#602 = CARTESIAN_POINT ( 'NONE',  ( -1.017788105676653121, 0.5876202367904173052, 0.3333333333333183268 ) ) ;
#603 = CARTESIAN_POINT ( 'NONE',  ( -1.471500672974076718, 3.420361498997135679E-15, 2.526562499999998046 ) ) ;
#604 = CARTESIAN_POINT ( 'NONE',  ( 1.103625504730557871, 0.6371784822407267068, -3.032812500000003020 ) ) ;
#605 = CARTESIAN_POINT ( 'NONE',  ( -1.870113174931178938E-16, -1.527063293868263116, 4.796874999999975131 ) ) ;
#606 = CARTESIAN_POINT ( 'NONE',  ( 0.8294067547305610244, -0.4788582131113806040, 2.981249999999997957 ) ) ;
#607 = CARTESIAN_POINT ( 'NONE',  ( 0.8660254037844393737, 1.499999999999996669, -4.479166666666674956 ) ) ;
#608 = DIRECTION ( 'NONE',  ( 0.000000000000000000, 1.000000000000000000, 0.000000000000000000 ) ) ;
#609 = CARTESIAN_POINT ( 'NONE',  ( 1.050943903833135629, -1.070288237343555826, -4.625000000000001776 ) ) ;
#610 = DATE_AND_TIME ( #5546, #5208 ) ;
#611 = DIRECTION ( 'NONE',  ( 0.000000000000000000, 0.000000000000000000, 1.000000000000000000 ) ) ;
#612 = CARTESIAN_POINT ( 'NONE',  ( -0.8816504037844364872, 1.527063293868256899, -3.411458333333341475 ) ) ;
#613 = VERTEX_POINT ( 'NONE', #4543 ) ;
#614 = CARTESIAN_POINT ( 'NONE',  ( -0.09596241433441249358, -1.175240473580835721, -4.943392828637367842 ) ) ;
#615 = AXIS2_PLACEMENT_3D ( 'NONE', #477, #3339, #4967 ) ;
#616 = EDGE_LOOP ( 'NONE', ( #2165 ) ) ;
#617 = CARTESIAN_POINT ( 'NONE',  ( -0.7216878364870328300, -1.249999999999996447, -1.012500000000007061 ) ) ;
#618 = CARTESIAN_POINT ( 'NONE',  ( 0.6785254037844421493, 1.175240473580826395, -2.229166666666675845 ) ) ;
#619 = CARTESIAN_POINT ( 'NONE',  ( 0.000000000000000000, -4.898587196589414801E-16, 4.999999999999999112 ) ) ;
#620 = CARTESIAN_POINT ( 'NONE',  ( 0.8660254037844393737, 1.499999999999996447, -1.041666666666676067 ) ) ;
#621 = CARTESIAN_POINT ( 'NONE',  ( -1.322475605676655119, -0.7635316469341328904, 3.182291666666645646 ) ) ;
#622 = LOCAL_TIME ( 13, 37, 30.00000000000000000, #5508 ) ;
#623 = CARTESIAN_POINT ( 'NONE',  ( -0.6785254037844368202, 1.175240473580829503, 1.291666666666649199 ) ) ;
#624 = ORIENTED_EDGE ( 'NONE', *, *, #1482, .T. ) ;
#625 = CARTESIAN_POINT ( 'NONE',  ( -1.084202172485504434E-16, -1.154700538379250574, 6.649999999999999467 ) ) ;
#626 = DIRECTION ( 'NONE',  ( 0.000000000000000000, -1.000000000000000000, 0.000000000000000000 ) ) ;
#627 = CIRCLE ( 'NONE', #6397, 2.849999999999998757 ) ;
#628 = CARTESIAN_POINT ( 'NONE',  ( 2.800000000000001155, -1.791857758372713327, 0.9433296209488568618 ) ) ;
#629 = EDGE_CURVE ( 'NONE', #3234, #2066, #6783, .T. ) ;
#630 = CARTESIAN_POINT ( 'NONE',  ( 0.5529378364870414231, 0.9577164262227698677, 3.037499999999997424 ) ) ;
#631 = CARTESIAN_POINT ( 'NONE',  ( -0.5529378364870407569, 0.9577164262227704228, -1.837500000000002354 ) ) ;
#632 = CARTESIAN_POINT ( 'NONE',  ( -1.017788105676655563, -0.5876202367904191926, 1.479166666666649421 ) ) ;
#633 = CARTESIAN_POINT ( 'NONE',  ( -0.5529378364870407569, 0.9577164262227705338, -2.681250000000001243 ) ) ;
#634 = AXIS2_PLACEMENT_3D ( 'NONE', #177, #1794, #4071 ) ;
#635 = CIRCLE ( 'NONE', #6748, 2.024999999999999911 ) ;
#636 = CARTESIAN_POINT ( 'NONE',  ( -1.082531754730548856, -0.6249999999999966693, 2.156250000000002665 ) ) ;
#637 = CARTESIAN_POINT ( 'NONE',  ( -0.5529378364870407569, 0.9577164262227702007, 2.718749999999997780 ) ) ;
#638 = CARTESIAN_POINT ( 'NONE',  ( -0.6785254037844202779, 1.175240473580838829, 0.7916666666666506424 ) ) ;
#639 = CARTESIAN_POINT ( 'NONE',  ( -0.5529378364870407569, 0.9577164262227704228, -1.331250000000001377 ) ) ;
#640 = CARTESIAN_POINT ( 'NONE',  ( 0.000000000000000000, 1.175240473580829725, -4.687500000000004441 ) ) ;
#641 = CARTESIAN_POINT ( 'NONE',  ( -0.5529378364870412010, -0.9577164262227635394, 2.812499999999997335 ) ) ;
#642 = CARTESIAN_POINT ( 'NONE',  ( -0.8816504037844364872, 1.527063293868256899, 4.588541666666641206 ) ) ;
#643 = EDGE_CURVE ( 'NONE', #3404, #6341, #222, .T. ) ;
#644 = CARTESIAN_POINT ( 'NONE',  ( 0.8294067547305610244, -0.4788582131113805485, 2.081249999999998046 ) ) ;
#645 = CARTESIAN_POINT ( 'NONE',  ( 0.8660254037844379305, -1.500000000000003331, -1.645833333333346582 ) ) ;
#646 = CARTESIAN_POINT ( 'NONE',  ( 0.9999999999999993339, 0.5773502691896255090, 5.495000000000000107 ) ) ;
#647 = CARTESIAN_POINT ( 'NONE',  ( 0.000000000000000000, 1.274356964481451415, -0.7359375000000009104 ) ) ;
#648 = APPROVAL_ROLE ( '' ) ;
#649 = CYLINDRICAL_SURFACE ( 'NONE', #7110, 0.1500000000000001055 ) ;
#650 = CARTESIAN_POINT ( 'NONE',  ( -0.8816504037844370423, -1.527063293868262894, -5.244791666666670515 ) ) ;
#651 = ORIENTED_EDGE ( 'NONE', *, *, #3540, .F. ) ;
#652 = CARTESIAN_POINT ( 'NONE',  ( 1.357050807568874085, -3.323770530029912691E-15, -4.812500000000003553 ) ) ;
#653 = EDGE_LOOP ( 'NONE', ( #414 ) ) ;
#654 = CARTESIAN_POINT ( 'NONE',  ( 0.7216878364870319418, -1.249999999999997113, 1.312499999999992673 ) ) ;
#655 = CARTESIAN_POINT ( 'NONE',  ( -1.017788105676648902, 0.5876202367904247437, 0.8958333333333170501 ) ) ;
#656 = CARTESIAN_POINT ( 'NONE',  ( 1.175747255183578144, 0.9390912123522812127, 4.993828459104645567 ) ) ;
#657 = CARTESIAN_POINT ( 'NONE',  ( 1.299038105676657562, -0.7500000000000035527, -0.1666666666666777041 ) ) ;
#658 = CARTESIAN_POINT ( 'NONE',  ( -1.870113174931179184E-16, -1.527063293868263338, 1.765624999999982458 ) ) ;
#659 = CARTESIAN_POINT ( 'NONE',  ( -1.017788105676655563, -0.5876202367904191926, -0.08333333333334758120 ) ) ;
#660 = EDGE_LOOP ( 'NONE', ( #3562, #2095, #4137, #5171 ) ) ;
#661 = FACE_OUTER_BOUND ( 'NONE', #7255, .T. ) ;
#662 = ORIENTED_EDGE ( 'NONE', *, *, #1927, .T. ) ;
#663 = DIRECTION ( 'NONE',  ( 0.5000000000000004441, -0.8660254037844383745, 0.000000000000000000 ) ) ;
#664 = PLANE ( 'NONE',  #417 ) ;
#665 = CARTESIAN_POINT ( 'NONE',  ( 1.105875672974081736, 3.150256332318472758E-15, 2.062499999999997780 ) ) ;
#666 = CARTESIAN_POINT ( 'NONE',  ( 0.000000000000000000, 0.000000000000000000, 0.000000000000000000 ) ) ;
#667 = CARTESIAN_POINT ( 'NONE',  ( -0.8294067547305613575, -0.4788582131113798268, -0.3750000000000024980 ) ) ;
#668 = CARTESIAN_POINT ( 'NONE',  ( -1.017788105676655563, 0.5876202367904134194, 5.895833333333306392 ) ) ;
#669 = CARTESIAN_POINT ( 'NONE',  ( -1.172864355864553979E-16, -0.9577164262227635394, -2.043750000000001510 ) ) ;
#670 = ADVANCED_FACE ( 'NONE', ( #4275, #4873 ), #1444, .F. ) ;
#671 = CARTESIAN_POINT ( 'NONE',  ( 1.082531754730548856, 0.6250000000000026645, 2.831250000000002487 ) ) ;
#672 = CARTESIAN_POINT ( 'NONE',  ( 0.8294067547305610244, -0.4788582131113804929, 1.631249999999998090 ) ) ;
#673 = CARTESIAN_POINT ( 'NONE',  ( 0.6785254037844328234, -1.175240473580838385, 0.5416666666666511976 ) ) ;
#674 = CARTESIAN_POINT ( 'NONE',  ( -1.172864355864553979E-16, -0.9577164262227636504, 0.2062499999999981015 ) ) ;
#675 = CARTESIAN_POINT ( 'NONE',  ( -1.439254484199186421E-16, -1.175240473580835721, -2.937500000000007994 ) ) ;
#676 = CARTESIAN_POINT ( 'NONE',  ( -0.7357503364870382478, 1.274356964481451415, -0.2203125000000030476 ) ) ;
#677 = ORIENTED_EDGE ( 'NONE', *, *, #5218, .T. ) ;
#678 = CARTESIAN_POINT ( 'NONE',  ( -1.763300807568873196, -2.966513306368321794E-15, 4.671874999999975131 ) ) ;
#679 = CARTESIAN_POINT ( 'NONE',  ( -1.172864355864553979E-16, -0.9577164262227636504, 1.106249999999997957 ) ) ;
#680 = CARTESIAN_POINT ( 'NONE',  ( 1.732050807568876971, -3.392656912481952001E-15, -3.562500000000008882 ) ) ;
#681 = EDGE_CURVE ( 'NONE', #7103, #4311, #7, .T. ) ;
#682 = LINE ( 'NONE', #2853, #2507 ) ;
#683 = CARTESIAN_POINT ( 'NONE',  ( 1.103625504730557871, 0.6371784822407265958, -1.260937500000000933 ) ) ;
#684 = SHAPE_DEFINITION_REPRESENTATION ( #6481, #3969 ) ;
#685 = CARTESIAN_POINT ( 'NONE',  ( -0.8294067547305612464, 0.4788582131113871543, -2.250000000000001776 ) ) ;
#686 = CARTESIAN_POINT ( 'NONE',  ( -1.870113174931178938E-16, -1.527063293868263116, -3.203125000000007994 ) ) ;
#687 = CARTESIAN_POINT ( 'NONE',  ( 0.6785254037844389297, 1.175240473580828615, -4.229166666666672292 ) ) ;
#688 = CARTESIAN_POINT ( 'NONE',  ( 1.443375672974064994, 3.077037095626416432E-15, 2.287499999999992983 ) ) ;
#689 = CARTESIAN_POINT ( 'NONE',  ( 1.017788105676650456, -0.5876202367904278523, 2.145833333333314830 ) ) ;
#690 = PRODUCT_DEFINITION ( 'UNKNOWN', '', #2262, #1655 ) ;
#691 = CARTESIAN_POINT ( 'NONE',  ( -0.04853980658763868555, 1.226816631495684762, 4.724509093300371276 ) ) ;
#692 = CARTESIAN_POINT ( 'NONE',  ( 1.299038105676657562, -0.7500000000000035527, -2.166666666666673624 ) ) ;
#693 = CARTESIAN_POINT ( 'NONE',  ( 0.8816504037844375974, 1.527063293868256677, 0.9739583333333179382 ) ) ;
#694 = CARTESIAN_POINT ( 'NONE',  ( 0.000000000000000000, 1.175240473580829725, -0.2500000000000140998 ) ) ;
#695 = ORIENTED_EDGE ( 'NONE', *, *, #4827, .F. ) ;
#696 = FACE_OUTER_BOUND ( 'NONE', #6407, .T. ) ;
#697 = ORIENTED_EDGE ( 'NONE', *, *, #5866, .F. ) ;
#698 = DIRECTION ( 'NONE',  ( 0.000000000000000000, 0.7071067811865474617, -0.7071067811865474617 ) ) ;
#699 = CARTESIAN_POINT ( 'NONE',  ( -0.1553657924228371012, -0.9450302765529396964, -2.954783573777252315 ) ) ;
#700 = CARTESIAN_POINT ( 'NONE',  ( -1.172864355864553979E-16, -0.9577164262227637614, 2.849999999999997424 ) ) ;
#701 = DIRECTION ( 'NONE',  ( 1.000000000000000000, 0.000000000000000000, 0.000000000000000000 ) ) ;
#702 = CARTESIAN_POINT ( 'NONE',  ( -1.172864355864553979E-16, -0.9577164262227634284, -2.550000000000002487 ) ) ;
#703 = CARTESIAN_POINT ( 'NONE',  ( -1.017788105676655563, -0.5876202367904191926, 4.979166666666642094 ) ) ;
#704 = CARTESIAN_POINT ( 'NONE',  ( 1.105875672974081736, 3.394323793872115875E-15, -2.831250000000001155 ) ) ;
#705 = CIRCLE ( 'NONE', #6352, 1.249999999999998446 ) ;
#706 = CARTESIAN_POINT ( 'NONE',  ( -0.7216878364870322748, 1.250000000000003775, -0.2062499999999969358 ) ) ;
#707 = CARTESIAN_POINT ( 'NONE',  ( 0.000000000000000000, 0.9577164262227702007, 2.681249999999997691 ) ) ;
#708 = CARTESIAN_POINT ( 'NONE',  ( -1.017788105676663335, -0.5876202367904058699, 2.416666666666646979 ) ) ;
#709 = CARTESIAN_POINT ( 'NONE',  ( 0.8294067547305610244, -0.4788582131113803819, -1.518750000000001599 ) ) ;
#710 = EDGE_CURVE ( 'NONE', #5587, #4949, #2572, .T. ) ;
#711 = CARTESIAN_POINT ( 'NONE',  ( 1.017788105676655341, -0.5876202367904199697, -3.854166666666672292 ) ) ;
#712 = EDGE_CURVE ( 'NONE', #3748, #6410, #4824, .T. ) ;
#713 = CARTESIAN_POINT ( 'NONE',  ( -1.103625504730557649, -0.6371784822407202675, -0.1078125000000033085 ) ) ;
#714 = CARTESIAN_POINT ( 'NONE',  ( 0.000000000000000000, 1.527063293868257121, 4.046874999999976019 ) ) ;
#715 = CARTESIAN_POINT ( 'NONE',  ( 0.8294067547305616905, 0.4788582131113862106, 1.706249999999998490 ) ) ;
#716 = CARTESIAN_POINT ( 'NONE',  ( -1.732050807568876971, -2.968426816991988742E-15, -3.312500000000009770 ) ) ;
#717 = CARTESIAN_POINT ( 'NONE',  ( 2.933349480478300464, -5.084323085060613145, 7.866650519521695806 ) ) ;
#718 = ADVANCED_FACE ( 'NONE', ( #3170 ), #937, .T. ) ;
#719 = CARTESIAN_POINT ( 'NONE',  ( 1.103625504730557871, 0.6371784822407267068, -2.610937500000000799 ) ) ;
#720 = DATE_AND_TIME ( #5178, #2850 ) ;
#721 = CARTESIAN_POINT ( 'NONE',  ( -0.8294067547305613575, -0.4788582131113797713, -0.8250000000000023981 ) ) ;
#722 = CARTESIAN_POINT ( 'NONE',  ( 0.000000000000000000, 1.527063293868257121, -2.953125000000008882 ) ) ;
#723 = CARTESIAN_POINT ( 'NONE',  ( 0.6785254037844353769, -1.175240473580836387, -3.395833333333340143 ) ) ;
#724 = CARTESIAN_POINT ( 'NONE',  ( -0.7216878364870328300, -1.249999999999996891, 2.137499999999992628 ) ) ;
#725 = ORIENTED_EDGE ( 'NONE', *, *, #4909, .T. ) ;
#726 = CARTESIAN_POINT ( 'NONE',  ( 0.6785254037844438146, 1.175240473580825507, 0.7708333333333178272 ) ) ;
#727 = FACE_OUTER_BOUND ( 'NONE', #478, .T. ) ;
#728 = CARTESIAN_POINT ( 'NONE',  ( -1.299038105676658006, 0.7499999999999971134, -2.916666666666671404 ) ) ;
#729 = CARTESIAN_POINT ( 'NONE',  ( -1.322475605676655119, -0.7635316469341328904, 2.182291666666648311 ) ) ;
#730 = CARTESIAN_POINT ( 'NONE',  ( -1.357050807568873863, -2.991388944476002371E-15, -0.6250000000000126565 ) ) ;
#731 = ORIENTED_EDGE ( 'NONE', *, *, #2547, .F. ) ;
#732 = CYLINDRICAL_SURFACE ( 'NONE', #4860, 0.1500000000000002720 ) ;
#733 = EDGE_CURVE ( 'NONE', #19, #3284, #1316, .T. ) ;
#734 = EDGE_LOOP ( 'NONE', ( #1362 ) ) ;
#735 = DIRECTION ( 'NONE',  ( -1.000000000000000000, 0.000000000000000000, 0.000000000000000000 ) ) ;
#736 = CARTESIAN_POINT ( 'NONE',  ( 0.000000000000000000, -6.817095884626875329E-15, 4.499999999999997335 ) ) ;
#737 = SECURITY_CLASSIFICATION ( '', '', #6071 ) ;
#738 = CARTESIAN_POINT ( 'NONE',  ( 0.8660254037844393737, 1.499999999999996447, 3.458333333333315274 ) ) ;
#739 = VECTOR ( 'NONE', #6002, 1000.000000000000000 ) ;
#740 = CARTESIAN_POINT ( 'NONE',  ( 0.5529378364870405349, -0.9577164262227638725, 2.887499999999997957 ) ) ;
#741 = APPROVAL_DATE_TIME ( #5827, #1906 ) ;
#742 = CARTESIAN_POINT ( 'NONE',  ( 0.000000000000000000, 0.9577164262227704228, -1.875000000000002220 ) ) ;
#743 = CARTESIAN_POINT ( 'NONE',  ( 1.017788105676655341, -0.5876202367904199697, 4.145833333333310833 ) ) ;
#744 = ADVANCED_BREP_SHAPE_REPRESENTATION ( '', ( #6418, #4261 ), #6498 ) ;
#745 = APPROVAL_PERSON_ORGANIZATION ( #256, #378, #4737 ) ;
#746 = CARTESIAN_POINT ( 'NONE',  ( 0.7216878364870319418, -1.249999999999997113, -0.4312499999999968581 ) ) ;
#747 = CARTESIAN_POINT ( 'NONE',  ( -0.5529378364870412010, -0.9577164262227633174, 1.968749999999998446 ) ) ;
#748 = CARTESIAN_POINT ( 'NONE',  ( 0.6785254037844324904, -1.175240473580838385, 1.541666666666649643 ) ) ;
#749 = CARTESIAN_POINT ( 'NONE',  ( -0.8294067547305612464, 0.4788582131113871543, -0.8437500000000016653 ) ) ;
#750 = CARTESIAN_POINT ( 'NONE',  ( 0.6785254037844377084, 1.175240473580829059, -2.229166666666675845 ) ) ;
#751 = CIRCLE ( 'NONE', #3101, 9.300000000000000711 ) ;
#752 = CONICAL_SURFACE ( 'NONE', #4872, 1.154700538379250796, 0.7853981633974500554 ) ;
#753 = CARTESIAN_POINT ( 'NONE',  ( -1.471500672974076718, 3.576059707229631756E-15, -0.5953125000000029088 ) ) ;
#754 = CARTESIAN_POINT ( 'NONE',  ( 1.322475605676654453, -0.7635316469341337786, 6.880208333333303727 ) ) ;
#755 = CARTESIAN_POINT ( 'NONE',  ( 0.8294067547305616905, 0.4788582131113861551, 2.606249999999998401 ) ) ;
#756 = AXIS2_PLACEMENT_3D ( 'NONE', #826, #4208, #1971 ) ;
#757 = CARTESIAN_POINT ( 'NONE',  ( -1.836970198721029688E-16, -1.500000000000002887, -1.687500000000012879 ) ) ;
#758 = CARTESIAN_POINT ( 'NONE',  ( 0.9897513653593938976, 0.002424850031941647339, 2.999999999999998224 ) ) ;
#759 = CARTESIAN_POINT ( 'NONE',  ( -0.7357503364870385809, -1.274356964481444088, -1.448437500000001155 ) ) ;
#760 = APPROVAL_ROLE ( '' ) ;
#761 = CARTESIAN_POINT ( 'NONE',  ( 1.105875672974081736, 3.352243197052521840E-15, -1.987500000000002487 ) ) ;
#762 = CARTESIAN_POINT ( 'NONE',  ( 1.322475605676655563, 0.7635316469341260071, -4.036458333333340143 ) ) ;
#763 = AXIS2_PLACEMENT_3D ( 'NONE', #3254, #2078, #2836 ) ;
#764 = EDGE_CURVE ( 'NONE', #5042, #5587, #357, .T. ) ;
#765 = DIRECTION ( 'NONE',  ( -1.000000000000000000, -0.000000000000000000, -0.000000000000000000 ) ) ;
#766 = CARTESIAN_POINT ( 'NONE',  ( -1.357050807568874085, 1.820381705179504962E-14, 1.437499999999983125 ) ) ;
#767 = CARTESIAN_POINT ( 'NONE',  ( -1.311367690025144750, 0.04876310943618099997, 4.799941224703543341 ) ) ;
#768 = CARTESIAN_POINT ( 'NONE',  ( -1.836970198721029688E-16, -1.500000000000002887, -2.750000000000005773 ) ) ;
#769 = CARTESIAN_POINT ( 'NONE',  ( -1.322475605676655119, -0.7635316469341328904, 3.682291666666646091 ) ) ;
#770 = CARTESIAN_POINT ( 'NONE',  ( 1.017788105676655341, -0.5876202367904199697, 0.5833333333333177162 ) ) ;
#771 = VERTEX_POINT ( 'NONE', #1183 ) ;
#772 = CARTESIAN_POINT ( 'NONE',  ( -2.799999999999998490, 5.123475382979804316, 7.999999999999996447 ) ) ;
#773 = ORIENTED_EDGE ( 'NONE', *, *, #558, .T. ) ;
#774 = CARTESIAN_POINT ( 'NONE',  ( -0.8473157484120806826, -1.467593926302977581, 3.449999999999996625 ) ) ;
#775 = CARTESIAN_POINT ( 'NONE',  ( -3.000000000000000000, 0.000000000000000000, 0.000000000000000000 ) ) ;
#776 = CARTESIAN_POINT ( 'NONE',  ( -1.836970198721029688E-16, -1.500000000000002887, 4.249999999999979572 ) ) ;
#777 = CARTESIAN_POINT ( 'NONE',  ( -0.5529378364870412010, -0.9577164262227633174, 1.912499999999997646 ) ) ;
#778 = PERSON_AND_ORGANIZATION_ROLE ( 'design_supplier' ) ;
#779 = CARTESIAN_POINT ( 'NONE',  ( -0.5529378364870407569, 0.9577164262227703118, 1.762499999999997735 ) ) ;
#780 = CARTESIAN_POINT ( 'NONE',  ( 1.357050807568873863, -3.323770530029912691E-15, 4.187499999999977796 ) ) ;
#781 = CARTESIAN_POINT ( 'NONE',  ( 0.000000000000000000, 1.250000000000003997, -0.2437499999999971356 ) ) ;
#782 = CARTESIAN_POINT ( 'NONE',  ( -0.8294067547305612464, 0.4788582131113869877, 2.306249999999998579 ) ) ;
#783 = CARTESIAN_POINT ( 'NONE',  ( 1.017788105676661781, 0.5876202367904023172, 4.666666666666642094 ) ) ;
#784 = CARTESIAN_POINT ( 'NONE',  ( 0.5529378364870405349, -0.9577164262227636504, -0.2062500000000015432 ) ) ;
#785 = CARTESIAN_POINT ( 'NONE',  ( 0.6785254037844377084, 1.175240473580829059, -2.729166666666674512 ) ) ;
#786 = CARTESIAN_POINT ( 'NONE',  ( 1.471500672974076718, 3.294196436806031188E-15, -2.170312500000003197 ) ) ;
#787 = EDGE_LOOP ( 'NONE', ( #725, #5437 ) ) ;
#788 = CARTESIAN_POINT ( 'NONE',  ( 0.000000000000000000, 1.527063293868257121, 5.546874999999973355 ) ) ;
#789 = CARTESIAN_POINT ( 'NONE',  ( 1.499999999999999778, -1.237577271301124363E-14, -4.625000000000000888 ) ) ;
#790 = FACE_OUTER_BOUND ( 'NONE', #1247, .T. ) ;
#791 = CARTESIAN_POINT ( 'NONE',  ( 0.000000000000000000, 1.499999999999996669, -1.437500000000013323 ) ) ;
#792 = CARTESIAN_POINT ( 'NONE',  ( 1.017788105676657562, 0.5876202367904099777, -3.333333333333340587 ) ) ;
#793 = CARTESIAN_POINT ( 'NONE',  ( 0.000000000000000000, 1.274356964481451637, -2.085937500000000888 ) ) ;
#794 = APPROVAL_DATE_TIME ( #6321, #72 ) ;
#795 = CARTESIAN_POINT ( 'NONE',  ( 0.5529378364870405349, -0.9577164262227636504, -2.062500000000002220 ) ) ;
#796 = CARTESIAN_POINT ( 'NONE',  ( 0.000000000000000000, 1.527063293868257121, -0.4531250000000142664 ) ) ;
#797 = CARTESIAN_POINT ( 'NONE',  ( 0.000000000000000000, 1.250000000000003997, 1.049999999999992939 ) ) ;
#798 = CARTESIAN_POINT ( 'NONE',  ( -0.6785254037844399289, -1.175240473580834166, 1.020833333333317272 ) ) ;
#799 = CARTESIAN_POINT ( 'NONE',  ( 0.8294067547305616905, 0.4788582131113860996, 2.999999999999997335 ) ) ;
#800 = CARTESIAN_POINT ( 'NONE',  ( -0.8660254037844391517, -1.500000000000002665, -2.291666666666673180 ) ) ;
#801 = CARTESIAN_POINT ( 'NONE',  ( -0.8816504037844372643, -1.527063293868263116, 4.223958333333309945 ) ) ;
#802 = CARTESIAN_POINT ( 'NONE',  ( -1.439254484199186421E-16, -1.175240473580835721, 3.999999999999977351 ) ) ;
#803 = ADVANCED_FACE ( 'NONE', ( #1776 ), #3382, .F. ) ;
#804 = EDGE_CURVE ( 'NONE', #117, #5910, #7267, .T. ) ;
#805 = VERTEX_POINT ( 'NONE', #3860 ) ;
#806 = CARTESIAN_POINT ( 'NONE',  ( 0.8837655936855566274, 0.5410006782638587808, -2.887003909993148376 ) ) ;
#807 = VERTEX_POINT ( 'NONE', #3896 ) ;
#808 = CARTESIAN_POINT ( 'NONE',  ( 0.5871294469004216809, 0.8532849302390752566, 2.999999999999979128 ) ) ;
#809 = FACE_BOUND ( 'NONE', #6047, .T. ) ;
#810 = CARTESIAN_POINT ( 'NONE',  ( 0.000000000000000000, 1.499999999999996669, 3.999999999999979128 ) ) ;
#811 = CARTESIAN_POINT ( 'NONE',  ( 0.8816504037844375974, 1.527063293868256677, -2.526041666666674512 ) ) ;
#812 = CARTESIAN_POINT ( 'NONE',  ( 0.5529378364870405349, -0.9577164262227638725, 1.987499999999997158 ) ) ;
#813 = CARTESIAN_POINT ( 'NONE',  ( 1.357050807568873863, -3.323770530029912691E-15, -3.875000000000005773 ) ) ;
#814 = CARTESIAN_POINT ( 'NONE',  ( -1.082531754730548856, -0.6249999999999965583, 0.3562500000000031197 ) ) ;
#815 = CARTESIAN_POINT ( 'NONE',  ( -0.8294067547305612464, 0.4788582131113872098, -3.150000000000002132 ) ) ;
#816 = CARTESIAN_POINT ( 'NONE',  ( -0.6785254037844190567, 1.175240473580839717, 2.791666666666646979 ) ) ;
#817 = CARTESIAN_POINT ( 'NONE',  ( 0.8294067547305610244, -0.4788582131113805485, 2.081249999999998046 ) ) ;
#818 = CARTESIAN_POINT ( 'NONE',  ( -0.6785254037844368202, 1.175240473580829503, -3.145833333333341031 ) ) ;
#819 = CIRCLE ( 'NONE', #2691, 2.349999999999983213 ) ;
#820 = CARTESIAN_POINT ( 'NONE',  ( -1.560637177523342561E-16, -1.274356964481444310, -2.282812500000002576 ) ) ;
#821 = VERTEX_POINT ( 'NONE', #5050 ) ;
#822 = CARTESIAN_POINT ( 'NONE',  ( 0.9093266739736605153, 0.5250000000000031308, 4.499999999999996447 ) ) ;
#823 = CC_DESIGN_PERSON_AND_ORGANIZATION_ASSIGNMENT ( #3572, #1504, ( #5797 ) ) ;
#824 = CIRCLE ( 'NONE', #3293, 2.225000000000001421 ) ;
#825 = DIRECTION ( 'NONE',  ( -0.000000000000000000, 0.7071067811865476838, 0.7071067811865474617 ) ) ;
#826 = CARTESIAN_POINT ( 'NONE',  ( -3.000000000000000000, 4.490128060534575916, 4.490128060534575916 ) ) ;
#827 = CARTESIAN_POINT ( 'NONE',  ( 1.299038105676658450, 0.7499999999999958922, 0.4791666666666493102 ) ) ;
#828 = CARTESIAN_POINT ( 'NONE',  ( 1.357050807568874085, -6.399140184576335203E-15, -3.875000000000006217 ) ) ;
#829 = CARTESIAN_POINT ( 'NONE',  ( 1.471500672974076718, 3.093612258632634833E-15, 1.851562499999998890 ) ) ;
#830 = CARTESIAN_POINT ( 'NONE',  ( -1.172864355864553979E-16, -0.9577164262227635394, -0.7500000000000024425 ) ) ;
#831 = CARTESIAN_POINT ( 'NONE',  ( 0.8816504037844360431, -1.527063293868263560, -2.661458333333342363 ) ) ;
#832 = CARTESIAN_POINT ( 'NONE',  ( 0.000000000000000000, 0.9577164262227705338, -2.268750000000001599 ) ) ;
#833 = CARTESIAN_POINT ( 'NONE',  ( 0.6785254037844233865, -1.175240473580843492, 3.104166666666645646 ) ) ;
#834 = CARTESIAN_POINT ( 'NONE',  ( 0.9003818868238233630, -0.4588402759268654929, 3.000000000000000444 ) ) ;
#835 = CARTESIAN_POINT ( 'NONE',  ( -1.732050807568876971, -2.968426816991988742E-15, -2.875000000000005773 ) ) ;
#836 = CARTESIAN_POINT ( 'NONE',  ( 1.322475605676655785, 0.7635316469341261181, 3.432291666666646091 ) ) ;
#837 = CARTESIAN_POINT ( 'NONE',  ( 1.017788105676655341, -0.5876202367904199697, 3.083333333333313053 ) ) ;
#838 = ORIENTED_EDGE ( 'NONE', *, *, #930, .T. ) ;
#839 = DIRECTION ( 'NONE',  ( 0.000000000000000000, -9.769962616701377556E-15, -1.000000000000000000 ) ) ;
#840 = ORIENTED_EDGE ( 'NONE', *, *, #629, .F. ) ;
#841 = CARTESIAN_POINT ( 'NONE',  ( -1.210307295689805107, 0.3125000000000541234, 2.999999999999999556 ) ) ;
#842 = FACE_OUTER_BOUND ( 'NONE', #155, .T. ) ;
#843 = CARTESIAN_POINT ( 'NONE',  ( 1.299038105676657562, -0.7500000000000035527, 3.833333333333313497 ) ) ;
#844 = CARTESIAN_POINT ( 'NONE',  ( -1.870113174931179184E-16, -1.527063293868263338, -3.734375000000005329 ) ) ;
#845 = CARTESIAN_POINT ( 'NONE',  ( -0.8294067547305612464, 0.4788582131113870988, -2.602085213965210642E-15 ) ) ;
#846 = CARTESIAN_POINT ( 'NONE',  ( 0.000000000000000000, 1.175240473580829725, -5.250000000000002665 ) ) ;
#847 = AXIS2_PLACEMENT_3D ( 'NONE', #6355, #4628, #6870 ) ;
#848 = CARTESIAN_POINT ( 'NONE',  ( -0.7216878364870322748, 1.250000000000003775, 0.6937500000000031974 ) ) ;
#849 = CARTESIAN_POINT ( 'NONE',  ( 0.000000000000000000, 0.9577164262227704228, -1.875000000000002220 ) ) ;
#850 = CARTESIAN_POINT ( 'NONE',  ( -1.017788105676648458, 0.5876202367904258539, 2.833333333333312609 ) ) ;
#851 = CARTESIAN_POINT ( 'NONE',  ( 0.5529378364870405349, -0.9577164262227638725, 2.493749999999997691 ) ) ;
#852 = CARTESIAN_POINT ( 'NONE',  ( 0.6785254037844377084, 1.175240473580829059, -1.229166666666677843 ) ) ;
#853 = CARTESIAN_POINT ( 'NONE',  ( -1.560637177523342561E-16, -1.274356964481444532, 1.317187499999996403 ) ) ;
#854 = ORIENTED_EDGE ( 'NONE', *, *, #5909, .F. ) ;
#855 =( GEOMETRIC_REPRESENTATION_CONTEXT ( 3 ) GLOBAL_UNCERTAINTY_ASSIGNED_CONTEXT ( ( #5551 ) ) GLOBAL_UNIT_ASSIGNED_CONTEXT ( ( #2321, #1225, #1187 ) ) REPRESENTATION_CONTEXT ( 'NONE', 'WORKASPACE' ) );
#856 = DIRECTION ( 'NONE',  ( 1.000000000000000000, -0.000000000000000000, -0.000000000000000000 ) ) ;
#857 = CARTESIAN_POINT ( 'NONE',  ( 2.933617925833901463, 7.121630199436578934, -6.084137779122256617 ) ) ;
#858 = CONICAL_SURFACE ( 'NONE', #1922, 1.249999999999998446, 0.7853981633974570498 ) ;
#859 = CARTESIAN_POINT ( 'NONE',  ( 0.000000000000000000, 1.499999999999996669, 0.06249999999998340217 ) ) ;
#860 = CARTESIAN_POINT ( 'NONE',  ( 0.6785254037844377084, 1.175240473580829059, -4.791666666666671404 ) ) ;
#861 = CARTESIAN_POINT ( 'NONE',  ( 0.7357503364870390250, 1.274356964481451193, 0.5765624999999988676 ) ) ;
#862 = CONTEXT_DEPENDENT_SHAPE_REPRESENTATION ( #5918, #892 ) ;
#863 = EDGE_CURVE ( 'NONE', #5204, #6535, #6120, .T. ) ;
#864 = CARTESIAN_POINT ( 'NONE',  ( 0.5529378364870405349, -0.9577164262227637614, 1.087499999999997247 ) ) ;
#865 = CARTESIAN_POINT ( 'NONE',  ( 0.000000000000000000, 1.527063293868257121, -1.453125000000011768 ) ) ;
#866 = CIRCLE ( 'NONE', #4280, 2.024999999999999911 ) ;
#867 = VECTOR ( 'NONE', #4500, 1000.000000000000000 ) ;
#868 = CARTESIAN_POINT ( 'NONE',  ( -1.172864355864553979E-16, -0.9577164262227634284, -2.943750000000001421 ) ) ;
#869 = CARTESIAN_POINT ( 'NONE',  ( -1.017788105676663779, -0.5876202367904048707, 4.479166666666643870 ) ) ;
#870 = CARTESIAN_POINT ( 'NONE',  ( 2.866169322782475604, 0.9310142720214914513, -1.873119963137367838 ) ) ;
#871 = CARTESIAN_POINT ( 'NONE',  ( 1.180070926351345140, 0.3889736852294903846, -4.885770841792204777 ) ) ;
#872 = CARTESIAN_POINT ( 'NONE',  ( -0.8816504037844365982, 1.527063293868257121, 5.057291666666641206 ) ) ;
#873 = CARTESIAN_POINT ( 'NONE',  ( 1.357050807568873863, -3.323770530029912691E-15, 2.124999999999980904 ) ) ;
#874 = CIRCLE ( 'NONE', #3456, 9.500000000000000000 ) ;
#875 = ORIENTED_EDGE ( 'NONE', *, *, #1217, .F. ) ;
#876 = DIRECTION ( 'NONE',  ( 1.000000000000000000, -0.000000000000000000, -0.000000000000000000 ) ) ;
#877 = ORIENTED_EDGE ( 'NONE', *, *, #3161, .F. ) ;
#878 = CARTESIAN_POINT ( 'NONE',  ( 0.8622187675963687292, 1.084922887342108844, 4.872601590678587336 ) ) ;
#879 = CARTESIAN_POINT ( 'NONE',  ( -2.799999999999998490, 0.000000000000000000, 0.000000000000000000 ) ) ;
#880 = CARTESIAN_POINT ( 'NONE',  ( -1.299038105676658006, -0.7500000000000026645, 2.166666666666650087 ) ) ;
#881 = CARTESIAN_POINT ( 'NONE',  ( 1.322475605676655785, 0.7635316469341261181, -3.067708333333340143 ) ) ;
#882 = ORIENTED_EDGE ( 'NONE', *, *, #5960, .F. ) ;
#883 = CARTESIAN_POINT ( 'NONE',  ( -0.8294067547305613575, -0.4788582131113798823, 1.424999999999997380 ) ) ;
#884 = CARTESIAN_POINT ( 'NONE',  ( 1.017788105676656008, 0.5876202367904124202, -3.833333333333339255 ) ) ;
#885 = CARTESIAN_POINT ( 'NONE',  ( 0.7216878364870332740, 1.250000000000003775, -2.531249999999996891 ) ) ;
#886 = CARTESIAN_POINT ( 'NONE',  ( 0.8294067547305610244, -0.4788582131113803819, -1.125000000000002220 ) ) ;
#887 = CARTESIAN_POINT ( 'NONE',  ( -0.6785254037844185016, 1.175240473580839717, 3.791666666666644758 ) ) ;
#888 = CARTESIAN_POINT ( 'NONE',  ( -0.8294067547305613575, -0.4788582131113798823, 1.031249999999998224 ) ) ;
#889 = CARTESIAN_POINT ( 'NONE',  ( 1.357050807568873863, -3.323770530029912691E-15, -0.3125000000000133227 ) ) ;
#890 = CARTESIAN_POINT ( 'NONE',  ( -1.560637177523342561E-16, -1.274356964481444532, -0.03281250000000332512 ) ) ;
#891 = ORIENTED_EDGE ( 'NONE', *, *, #5168, .T. ) ;
#892 = PRODUCT_DEFINITION_SHAPE ( 'NONE', 'NONE',  #7290 ) ;
#893 = ADVANCED_FACE ( 'NONE', ( #6122 ), #1074, .T. ) ;
#894 = CARTESIAN_POINT ( 'NONE',  ( 3.000000000000000000, 0.5656854249492383468, 0.5656854249492383468 ) ) ;
#895 = CARTESIAN_POINT ( 'NONE',  ( 2.933349480478300464, -7.866650519521697582, -5.084323085060610481 ) ) ;
#896 = CARTESIAN_POINT ( 'NONE',  ( -1.732050807568876971, -2.968426816991988742E-15, 1.187499999999980904 ) ) ;
#897 = CARTESIAN_POINT ( 'NONE',  ( -1.017788105676657562, -0.5876202367904158619, -3.083333333333340587 ) ) ;
#898 = CARTESIAN_POINT ( 'NONE',  ( 1.471500672974076718, 3.116055243603084380E-15, 1.401562499999999378 ) ) ;
#899 = COORDINATED_UNIVERSAL_TIME_OFFSET ( 6, 0, .BEHIND. ) ;
#900 = CARTESIAN_POINT ( 'NONE',  ( -0.8294067547305612464, 0.4788582131113870433, 1.349999999999996980 ) ) ;
#901 = CARTESIAN_POINT ( 'NONE',  ( -1.322475605676654897, 0.7635316469341272283, -1.369791666666678953 ) ) ;
#902 = DIRECTION ( 'NONE',  ( 0.000000000000000000, 7.077132136763247592E-16, 1.000000000000000000 ) ) ;
#903 = CARTESIAN_POINT ( 'NONE',  ( -0.6785254037844190567, 1.175240473580839717, 2.854166666666646979 ) ) ;
#904 = LINE ( 'NONE', #2487, #2618 ) ;
#905 = CARTESIAN_POINT ( 'NONE',  ( -2.799999999999998490, 8.000000000000003553, -5.123475382979792769 ) ) ;
#906 = APPROVAL_ROLE ( '' ) ;
#907 = CARTESIAN_POINT ( 'NONE',  ( 1.763300807568873418, -3.398397444352954817E-15, 5.390624999999975131 ) ) ;
#908 = CARTESIAN_POINT ( 'NONE',  ( -1.017788105676655563, 0.5876202367904134194, 3.833333333333309945 ) ) ;
#909 = CARTESIAN_POINT ( 'NONE',  ( 2.800000000000001155, 0.000000000000000000, 0.000000000000000000 ) ) ;
#910 = ORIENTED_EDGE ( 'NONE', *, *, #5440, .F. ) ;
#911 = DIRECTION ( 'NONE',  ( -0.8660254037844383745, -0.5000000000000004441, 0.000000000000000000 ) ) ;
#913 = ORIENTED_EDGE ( 'NONE', *, *, #496, .F. ) ;
#912 = CC_DESIGN_PERSON_AND_ORGANIZATION_ASSIGNMENT ( #6724, #4448, ( #2037 ) ) ;
#914 = CARTESIAN_POINT ( 'NONE',  ( -1.082531754730548634, 0.6250000000000039968, -2.475000000000007194 ) ) ;
#915 = CARTESIAN_POINT ( 'NONE',  ( 0.9999999999999991118, -0.5773502691896249539, 5.495000000000000107 ) ) ;
#916 = CARTESIAN_POINT ( 'NONE',  ( -1.836970198721029688E-16, -1.500000000000002887, 3.249999999999982236 ) ) ;
#917 = CARTESIAN_POINT ( 'NONE',  ( -1.322475605676655119, 0.7635316469341273393, -3.901041666666671404 ) ) ;
#918 = EDGE_LOOP ( 'NONE', ( #348, #3666, #5297, #5447 ) ) ;
#919 = CARTESIAN_POINT ( 'NONE',  ( -0.8294067547305612464, 0.4788582131113870433, 1.349999999999996980 ) ) ;
#920 = CARTESIAN_POINT ( 'NONE',  ( -1.357050807568873863, -2.991388944476002371E-15, -5.125000000000003553 ) ) ;
#921 = CARTESIAN_POINT ( 'NONE',  ( -1.443375672974064994, 3.663408144269803960E-15, -2.381249999999996536 ) ) ;
#922 = CARTESIAN_POINT ( 'NONE',  ( 1.105875672974081736, 3.352243197052521840E-15, -1.987500000000002487 ) ) ;
#923 = DIRECTION ( 'NONE',  ( -1.000000000000000000, -0.000000000000000000, -0.000000000000000000 ) ) ;
#924 = CARTESIAN_POINT ( 'NONE',  ( -0.5529378364870407569, 0.9577164262227702007, 2.268749999999998046 ) ) ;
#925 = CARTESIAN_POINT ( 'NONE',  ( -1.357050807568873863, -2.991388944476002371E-15, -1.062500000000011324 ) ) ;
#926 = CARTESIAN_POINT ( 'NONE',  ( 0.7357503364870390250, 1.274356964481451193, 0.1546874999999968414 ) ) ;
#927 = ORIENTED_EDGE ( 'NONE', *, *, #2467, .T. ) ;
#928 = DIRECTION ( 'NONE',  ( -1.000000000000000000, -0.000000000000000000, -0.000000000000000000 ) ) ;
#929 = CARTESIAN_POINT ( 'NONE',  ( 1.047444401652938429E-14, -1.499999999999997558, 6.649999999999999467 ) ) ;
#930 = EDGE_CURVE ( 'NONE', #6995, #3852, #120, .T. ) ;
#931 = CARTESIAN_POINT ( 'NONE',  ( -1.732050807568876971, -2.968426816991988742E-15, 0.1874999999999826250 ) ) ;
#932 = CARTESIAN_POINT ( 'NONE',  ( -1.017788105676654453, 0.5876202367904153068, -3.666666666666673180 ) ) ;
#933 = CARTESIAN_POINT ( 'NONE',  ( 0.000000000000000000, 1.274356964481451415, 1.514062499999998979 ) ) ;
#934 = APPROVAL_STATUS ( 'not_yet_approved' ) ;
#935 = CARTESIAN_POINT ( 'NONE',  ( -0.8294067547305613575, -0.4788582131113798268, -0.3750000000000024980 ) ) ;
#936 = CARTESIAN_POINT ( 'NONE',  ( -1.870113174931178938E-16, -1.527063293868263116, 2.296874999999980460 ) ) ;
#937 = CONICAL_SURFACE ( 'NONE', #2000, 9.500000000000000000, 0.7853981633974418397 ) ;
#938 = EDGE_CURVE ( 'NONE', #1553, #5928, #587, .T. ) ;
#939 = CARTESIAN_POINT ( 'NONE',  ( -0.5529378364870407569, 0.9577164262227705338, -2.231250000000001510 ) ) ;
#940 = CARTESIAN_POINT ( 'NONE',  ( 0.6785254037844226094, -1.175240473580844158, 4.104166666666642982 ) ) ;
#941 = DIRECTION ( 'NONE',  ( 0.000000000000000000, 0.000000000000000000, -1.000000000000000000 ) ) ;
#942 = CARTESIAN_POINT ( 'NONE',  ( 0.8334145412451784418, -0.8446009662253799455, -4.941811865730803888 ) ) ;
#943 = APPLICATION_PROTOCOL_DEFINITION ( 'international standard', 'config_control_design', 1994, #3137 ) ;
#944 = CARTESIAN_POINT ( 'NONE',  ( 0.8816504037844361541, -1.527063293868264005, 7.307291666666637653 ) ) ;
#945 = CARTESIAN_POINT ( 'NONE',  ( -0.6785254037844368202, 1.175240473580829503, 3.791666666666644314 ) ) ;
#946 = VERTEX_POINT ( 'NONE', #5670 ) ;
#947 = FACE_OUTER_BOUND ( 'NONE', #1635, .T. ) ;
#948 = ORIENTED_EDGE ( 'NONE', *, *, #6719, .T. ) ;
#949 = CARTESIAN_POINT ( 'NONE',  ( -1.082531754730548634, 0.6250000000000039968, -2.025000000000007017 ) ) ;
#950 = CARTESIAN_POINT ( 'NONE',  ( -0.7666666666666650531, -2.144890569599235075, 4.171930009000641704 ) ) ;
#952 = CARTESIAN_POINT ( 'NONE',  ( 1.732050807568876971, -3.392656912481952001E-15, 0.8749999999999861222 ) ) ;
#951 = PRODUCT ( 'M2.5x6_BUTTONTORX_92832A174', 'M2.5x6_BUTTONTORX_92832A174', '', ( #1468 ) ) ;
#953 = CARTESIAN_POINT ( 'NONE',  ( -1.322475605676655119, 0.7635316469341273393, -2.901041666666673624 ) ) ;
#954 = VERTEX_POINT ( 'NONE', #5122 ) ;
#955 = DIRECTION ( 'NONE',  ( -1.000000000000000000, 0.000000000000000000, 0.000000000000000000 ) ) ;
#956 = CARTESIAN_POINT ( 'NONE',  ( -1.439254484199186421E-16, -1.175240473580835721, 7.062499999999971578 ) ) ;
#957 = ADVANCED_FACE ( 'NONE', ( #5633 ), #5082, .T. ) ;
#958 = CARTESIAN_POINT ( 'NONE',  ( -1.870113174931178938E-16, -1.527063293868263116, 5.296874999999973355 ) ) ;
#959 = B_SPLINE_CURVE_WITH_KNOTS ( 'NONE', 3,
 ( #5290, #2485, #6986, #1944 ),
 .UNSPECIFIED., .F., .F.,
 ( 4, 4 ),
 ( 0.000000000000000000, 0.0003555881302273143901 ),
 .UNSPECIFIED. ) ;
#960 = CARTESIAN_POINT ( 'NONE',  ( -1.082531754730548634, 0.6250000000000038858, -1.968749999999996447 ) ) ;
#961 =( BOUNDED_CURVE ( )  B_SPLINE_CURVE ( 2, ( #994, #4265, #1988, #6004, #6479, #5931, #914, #3129, #3163, #5404, #369, #444, #5443, #5514, #2597, #7183, #4306, #4344, #949, #1512, #4383, #4902, #1549, #7144, #4862, #5478, #6629, #7104, #408, #3781, #6042, #3237, #1586, #2530, #1765, #6260, #2827, #4422, #1657, #3343, #5590, #4455, #3887, #583, #519, #617, #6697, #1618, #1140, #4527, #6112, #1692, #1210, #78, #4001, #6148, #2168, #4970, #7258, #1065, #2862, #38, #1102, #6664, #5113, #3305, #3927, #3445, #2310, #4562, #5661, #2711, #552, #3960, #3851, #6803, #5553, #2789, #5043, #5074, #2753, #480, #2, #5009, #2275, #7219, #2236, #2203, #4487, #6731, #5626, #6189, #3374, #6223, #6768, #1732, #1174, #3409, #1837, #2345, #797, #6294, #1389, #4596, #6878, #1869, #4078, #654, #5849, #4706, #2898, #6838, #6911, #1904, #5811, #4040, #4148, #221, #2379, #2447, #5737, #1803, #6327, #186, #3555, #259, #149, #1283, #2413, #724, #5254, #1249, #3481, #688, #6399, #3515, #2935, #5183, #4183, #5147, #4112, #1356, #4637, #5773, #111, #3010, #5701, #4671, #2968, #4741, #6360, #5219, #1317 ),
 .UNSPECIFIED., .F., .F. ) 
 B_SPLINE_CURVE_WITH_KNOTS ( ( 3, 2, 2, 2, 2, 2, 2, 2, 2, 2, 2, 2, 2, 2, 2, 2, 2, 2, 2, 2, 2, 2, 2, 2, 2, 2, 2, 2, 2, 2, 2, 2, 2, 2, 2, 2, 2, 2, 2, 2, 2, 2, 2, 2, 2, 2, 2, 2, 2, 2, 2, 2, 2, 2, 2, 2, 2, 2, 2, 2, 2, 2, 2, 2, 2, 2, 2, 2, 2, 2, 2, 2, 2, 2, 2, 2, 3 ),
 ( 0.05000000000000021788, 0.05555555555555555247, 0.06666666666666666574, 0.07777777777777777901, 0.08888888888888890616, 0.1000000000000000056, 0.1111111111111111049, 0.1222222222222222043, 0.1333333333333333315, 0.1444444444444444309, 0.1555555555555555580, 0.1666666666666666574, 0.1777777777777777846, 0.1888888888888888840, 0.2000000000000000389, 0.2111111111111111105, 0.2222222222222221821, 0.2333333333333333370, 0.2444444444444444364, 0.2555555555555555358, 0.2666666666666666630, 0.2777777777777777901, 0.2888888888888888618, 0.2999999999999999889, 0.3111111111111111160, 0.3222222222222222432, 0.3333333333333333148, 0.3444444444444444420, 0.3555555555555556246, 0.3666666666666666408, 0.3777777777777777679, 0.3888888888888888951, 0.4000000000000000222, 0.4111111111111110938, 0.4222222222222222210, 0.4333333333333333481, 0.4444444444444444198, 0.4555555555555554914, 0.4666666666666666741, 0.4777777777777778012, 0.4888888888888888729, 0.5000000000000000000, 0.5111111111111111827, 0.5222222222222223653, 0.5333333333333333259, 0.5444444444444443976, 0.5555555555555555802, 0.5666666666666666519, 0.5777777777777777235, 0.5888888888888889062, 0.5999999999999999778, 0.6111111111111111605, 0.6222222222222222321, 0.6333333333333333037, 0.6444444444444444864, 0.6555555555555555580, 0.6666666666666666297, 0.6777777777777778123, 0.6888888888888888840, 0.6999999999999999556, 0.7111111111111112493, 0.7222222222222222099, 0.7333333333333332815, 0.7444444444444444642, 0.7555555555555555358, 0.7666666666666668295, 0.7777777777777777901, 0.7888888888888888618, 0.8000000000000000444, 0.8111111111111111160, 0.8222222222222221877, 0.8333333333333333703, 0.8444444444444444420, 0.8555555555555554026, 0.8666666666666666963, 0.8777777777777777679, 0.8888888888888888395 ),
 .UNSPECIFIED. ) 
 CURVE ( )  GEOMETRIC_REPRESENTATION_ITEM ( )  RATIONAL_B_SPLINE_CURVE ( ( 0.9330127018922194093, 0.9330127018922219628, 1.000000000000000000, 0.8660254037844387076, 1.000000000000000000, 0.8660254037844387076, 1.000000000000000000, 0.8660254037844387076, 1.000000000000000000, 0.8660254037844387076, 1.000000000000000000, 0.8660254037844387076, 1.000000000000000000, 0.8660254037844387076, 1.000000000000000000, 0.8660254037844387076, 1.000000000000000000, 0.8660254037844387076, 1.000000000000000000, 0.8660254037844387076, 1.000000000000000000, 0.8660254037844387076, 1.000000000000000000, 0.8660254037844387076, 1.000000000000000000, 0.8660254037844387076, 1.000000000000000000, 0.8660254037844387076, 1.000000000000000000, 0.8660254037844387076, 1.000000000000000000, 0.8660254037844387076, 1.000000000000000000, 0.8660254037844387076, 1.000000000000000000, 0.8660254037844387076, 1.000000000000000000, 0.8660254037844387076, 1.000000000000000000, 0.8660254037844387076, 1.000000000000000000, 0.8660254037844387076, 1.000000000000000000, 0.8660254037844387076, 1.000000000000000000, 0.8660254037844387076, 1.000000000000000000, 0.8660254037844387076, 1.000000000000000000, 0.8660254037844387076, 1.000000000000000000, 0.8660254037844387076, 1.000000000000000000, 0.8660254037844387076, 1.000000000000000000, 0.8660254037844387076, 1.000000000000000000, 0.8660254037844387076, 1.000000000000000000, 0.8660254037844387076, 1.000000000000000000, 0.8660254037844387076, 1.000000000000000000, 0.8660254037844387076, 1.000000000000000000, 0.8660254037844387076, 1.000000000000000000, 0.8660254037844387076, 1.000000000000000000, 0.8660254037844387076, 1.000000000000000000, 0.8660254037844387076, 1.000000000000000000, 0.8660254037844387076, 1.000000000000000000, 0.8660254037844387076, 1.000000000000000000, 0.8660254037844387076, 1.000000000000000000, 0.8660254037844387076, 1.000000000000000000, 0.8660254037844387076, 1.000000000000000000, 0.8660254037844387076, 1.000000000000000000, 0.8660254037844387076, 1.000000000000000000, 0.8660254037844387076, 1.000000000000000000, 0.8660254037844387076, 1.000000000000000000, 0.8660254037844387076, 1.000000000000000000, 0.8660254037844387076, 1.000000000000000000, 0.8660254037844387076, 1.000000000000000000, 0.8660254037844387076, 1.000000000000000000, 0.8660254037844387076, 1.000000000000000000, 0.8660254037844387076, 1.000000000000000000, 0.8660254037844387076, 1.000000000000000000, 0.8660254037844387076, 1.000000000000000000, 0.8660254037844387076, 1.000000000000000000, 0.8660254037844387076, 1.000000000000000000, 0.8660254037844387076, 1.000000000000000000, 0.8660254037844387076, 1.000000000000000000, 0.8660254037844387076, 1.000000000000000000, 0.8660254037844387076, 1.000000000000000000, 0.8660254037844387076, 1.000000000000000000, 0.8660254037844387076, 1.000000000000000000, 0.8660254037844387076, 1.000000000000000000, 0.8660254037844387076, 1.000000000000000000, 0.8660254037844387076, 1.000000000000000000, 0.8660254037844387076, 1.000000000000000000, 0.8660254037844387076, 1.000000000000000000, 0.8660254037844387076, 1.000000000000000000, 0.8660254037844387076, 1.000000000000000000, 0.8660254037844387076, 1.000000000000000000, 0.8660254037844387076, 1.000000000000000000, 0.8660254037844387076, 1.000000000000000000, 0.8660254037844387076, 1.000000000000000000, 0.8660254037844387076, 1.000000000000000000, 0.8660254037844387076, 1.000000000000000000, 0.8660254037844387076, 1.000000000000000000, 0.8660254037844387076, 1.000000000000000000 ) ) 
 REPRESENTATION_ITEM ( '' )  );
#962 = CARTESIAN_POINT ( 'NONE',  ( 0.8294067547305616905, 0.4788582131113863216, -1.500000000000002442 ) ) ;
#963 = CARTESIAN_POINT ( 'NONE',  ( 7.041719095097280880E-16, 5.444722215136415855, -4.596194077712560500 ) ) ;
#964 = CARTESIAN_POINT ( 'NONE',  ( -0.5529378364870412010, -0.9577164262227633174, 1.068749999999998535 ) ) ;
#965 = CARTESIAN_POINT ( 'NONE',  ( 0.000000000000000000, 1.175240473580829725, 0.3124999999999855116 ) ) ;
#966 = CARTESIAN_POINT ( 'NONE',  ( 0.7357503364870390250, 1.274356964481451193, 1.054687499999996669 ) ) ;
#967 = ORIENTED_EDGE ( 'NONE', *, *, #581, .T. ) ;
#968 = ORIENTED_EDGE ( 'NONE', *, *, #992, .T. ) ;
#969 = AXIS2_PLACEMENT_3D ( 'NONE', #7215, #1689, #3924 ) ;
#970 = FACE_OUTER_BOUND ( 'NONE', #6075, .T. ) ;
#971 = CARTESIAN_POINT ( 'NONE',  ( 2.933349480478300464, -5.084323085060601599, -7.866650519521702911 ) ) ;
#972 = CARTESIAN_POINT ( 'NONE',  ( 1.732050807568876971, -3.392656912481952001E-15, -0.06250000000001670886 ) ) ;
#973 = CARTESIAN_POINT ( 'NONE',  ( 1.017788105676660004, 0.5876202367904054258, -1.333333333333344362 ) ) ;
#974 = LOCAL_TIME ( 13, 37, 30.00000000000000000, #1833 ) ;
#975 = CARTESIAN_POINT ( 'NONE',  ( 1.103625504730557871, 0.6371784822407264848, 1.889062499999999201 ) ) ;
#976 = PERSON_AND_ORGANIZATION ( #6108, #451 ) ;
#977 = CARTESIAN_POINT ( 'NONE',  ( 0.000000000000000000, 0.9577164262227704228, -0.07500000000000257849 ) ) ;
#978 = CARTESIAN_POINT ( 'NONE',  ( 0.000000000000000000, 1.527063293868257121, 0.04687499999998529648 ) ) ;
#979 = CIRCLE ( 'NONE', #1510, 0.1500000000000001887 ) ;
#980 = CARTESIAN_POINT ( 'NONE',  ( 0.8294067547305616905, 0.4788582131113863216, -1.443750000000001643 ) ) ;
#981 = CARTESIAN_POINT ( 'NONE',  ( 3.000000000000000000, 6.279839152450467310, -7.128367289874323554 ) ) ;
#982 = CARTESIAN_POINT ( 'NONE',  ( -0.6785254037844271613, 1.175240473580835054, 3.354166666666646091 ) ) ;
#983 = LINE ( 'NONE', #3226, #4044 ) ;
#984 = CARTESIAN_POINT ( 'NONE',  ( -3.000000000000000000, -5.064582904840246869, 7.799999999999998046 ) ) ;
#985 = PERSON_AND_ORGANIZATION ( #6017, #2973 ) ;
#986 = CARTESIAN_POINT ( 'NONE',  ( 0.6785254037844365982, -1.175240473580835721, -4.395833333333338366 ) ) ;
#987 = CARTESIAN_POINT ( 'NONE',  ( 1.017788105676655341, -0.5876202367904199697, 6.083333333333307280 ) ) ;
#988 = VECTOR ( 'NONE', #1069, 1000.000000000000000 ) ;
#989 = ORIENTED_EDGE ( 'NONE', *, *, #5543, .F. ) ;
#990 = VECTOR ( 'NONE', #3397, 1000.000000000000114 ) ;
#991 = CARTESIAN_POINT ( 'NONE',  ( 3.000000000000000000, -4.737615433949867949, 4.737615433949867949 ) ) ;
#992 = EDGE_CURVE ( 'NONE', #7009, #6410, #824, .T. ) ;
#993 = EDGE_LOOP ( 'NONE', ( #3780, #6284, #4784, #4695 ) ) ;
#994 = CARTESIAN_POINT ( 'NONE',  ( 1.250000000000010658, 2.872028296898914181E-14, -2.662499999999998757 ) ) ;
#995 = FACE_OUTER_BOUND ( 'NONE', #4818, .T. ) ;
#996 = CARTESIAN_POINT ( 'NONE',  ( 0.000000000000000000, 1.499999999999996669, 1.999999999999984457 ) ) ;
#997 = CONICAL_SURFACE ( 'NONE', #4880, 2.024999999999999911, 0.7853981633974548293 ) ;
#998 = CARTESIAN_POINT ( 'NONE',  ( -1.322475605676655119, 0.7635316469341273393, -0.9010416666666785090 ) ) ;
#999 = ORIENTED_EDGE ( 'NONE', *, *, #2751, .F. ) ;
#1000 = CARTESIAN_POINT ( 'NONE',  ( 0.6785254037844365982, -1.175240473580835721, -2.958333333333341031 ) ) ;
#1001 = CARTESIAN_POINT ( 'NONE',  ( 1.322475605676655563, 0.7635316469341260071, 5.963541666666639429 ) ) ;
#1002 = CARTESIAN_POINT ( 'NONE',  ( -1.082531754730548856, -0.6249999999999964473, -1.443749999999996758 ) ) ;
#1003 = CC_DESIGN_PERSON_AND_ORGANIZATION_ASSIGNMENT ( #4299, #5434, ( #2083 ) ) ;
#1004 = CARTESIAN_POINT ( 'NONE',  ( -1.172864355864553979E-16, -0.9577164262227636504, 0.5999999999999976463 ) ) ;
#1005 = CARTESIAN_POINT ( 'NONE',  ( -0.5529378364870407569, 0.9577164262227702007, 2.718749999999997780 ) ) ;
#1006 = CARTESIAN_POINT ( 'NONE',  ( -1.439254484199186421E-16, -1.175240473580835721, -0.9375000000000121014 ) ) ;
#1007 = CARTESIAN_POINT ( 'NONE',  ( 0.000000000000000000, 1.274356964481451415, 2.892187499999996358 ) ) ;
#1008 = ORIENTED_EDGE ( 'NONE', *, *, #3946, .T. ) ;
#1009 = B_SPLINE_CURVE_WITH_KNOTS ( 'NONE', 3,
 ( #699, #2946, #5193, #2391, #5371, #5444, #409, #1550, #3164, #6520, #304, #4823 ),
 .UNSPECIFIED., .F., .F.,
 ( 4, 2, 2, 2, 2, 4 ),
 ( 0.000000000000000000, 0.0002436637658658312314, 0.0004873275317316624628, 0.0009746550634633249256, 0.001461982595194987388, 0.001949310126926649851 ),
 .UNSPECIFIED. ) ;
#1010 = CARTESIAN_POINT ( 'NONE',  ( 0.9999999999999986677, -0.3984438525967710087, 6.560546791703572467 ) ) ;
#1011 = DIRECTION ( 'NONE',  ( 1.000000000000000000, -0.000000000000000000, -0.000000000000000000 ) ) ;
#1012 = CARTESIAN_POINT ( 'NONE',  ( 0.000000000000000000, 1.499999999999996669, 3.562499999999975575 ) ) ;
#1013 = CARTESIAN_POINT ( 'NONE',  ( 0.6785254037844341557, -1.175240473580837497, -1.458333333333344362 ) ) ;
#1014 = CARTESIAN_POINT ( 'NONE',  ( 0.8294067547305610244, -0.4788582131113802709, -2.868750000000001688 ) ) ;
#1015 = CARTESIAN_POINT ( 'NONE',  ( -0.5529378364870412010, -0.9577164262227633174, 1.462499999999997469 ) ) ;
#1016 = CARTESIAN_POINT ( 'NONE',  ( 0.8816504037844360431, -1.527063293868263560, 1.338541666666649199 ) ) ;
#1017 = CARTESIAN_POINT ( 'NONE',  ( 1.105875672974081736, 3.237222899078965494E-15, 0.3187499999999983125 ) ) ;
#1018 = CARTESIAN_POINT ( 'NONE',  ( 0.5529378364870414231, 0.9577164262227702007, -1.856250000000001510 ) ) ;
#1019 = CARTESIAN_POINT ( 'NONE',  ( 1.299038105676657562, -0.7500000000000035527, -4.104166666666674068 ) ) ;
#1020 = DIRECTION ( 'NONE',  ( -0.000000000000000000, 5.195471269110015593E-17, 1.000000000000000000 ) ) ;
#1021 = CARTESIAN_POINT ( 'NONE',  ( 0.7649112347960862479, -0.9021224886647770669, -4.945711934268178567 ) ) ;
#1022 = CALENDAR_DATE ( 2025, 8, 10 ) ;
#1023 = CARTESIAN_POINT ( 'NONE',  ( 0.000000000000000000, 1.527063293868257343, 7.015624999999971578 ) ) ;
#1024 = CARTESIAN_POINT ( 'NONE',  ( 1.357050807568873863, -3.323770530029912691E-15, 6.624999999999971578 ) ) ;
#1025 = EDGE_LOOP ( 'NONE', ( #3926, #2474 ) ) ;
#1026 = CARTESIAN_POINT ( 'NONE',  ( -0.9093266739736605153, -0.5250000000000000222, 4.499999999999996447 ) ) ;
#1027 = ORIENTED_EDGE ( 'NONE', *, *, #6229, .F. ) ;
#1028 = PLANE ( 'NONE',  #4947 ) ;
#1029 = LINE ( 'NONE', #2312, #5217 ) ;
#1030 = CARTESIAN_POINT ( 'NONE',  ( -1.299038105676658006, -0.7500000000000026645, 3.166666666666647423 ) ) ;
#1031 = ADVANCED_FACE ( 'NONE', ( #1702, #6268 ), #2283, .T. ) ;
#1032 = EDGE_CURVE ( 'NONE', #5156, #821, #2873, .T. ) ;
#1033 = CARTESIAN_POINT ( 'NONE',  ( -0.8816504037844372643, -1.527063293868263116, -0.2760416666666796193 ) ) ;
#1034 = ORIENTED_EDGE ( 'NONE', *, *, #7074, .T. ) ;
#1035 = CARTESIAN_POINT ( 'NONE',  ( -1.439254484199186421E-16, -1.175240473580835721, -3.000000000000007994 ) ) ;
#1036 = CARTESIAN_POINT ( 'NONE',  ( 0.3235293953625337227, -0.9679107548759345869, 6.511735735160802285 ) ) ;
#1037 = LOCAL_TIME ( 13, 37, 30.00000000000000000, #3044 ) ;
#1038 = CARTESIAN_POINT ( 'NONE',  ( 1.402268835794219015, -0.3768919357935854864, -4.676178233423190278 ) ) ;
#1039 = CARTESIAN_POINT ( 'NONE',  ( 0.5529378364870414231, 0.9577164262227699787, 1.237499999999997380 ) ) ;
#1040 = CARTESIAN_POINT ( 'NONE',  ( -2.800000000000004707, 4.490128060534575916, 3.240128060534577692 ) ) ;
#1041 = CARTESIAN_POINT ( 'NONE',  ( -0.8294067547305612464, 0.4788582131113869877, 2.756249999999998312 ) ) ;
#1042 = CARTESIAN_POINT ( 'NONE',  ( 0.000000000000000000, 1.175240473580829725, 2.312499999999981348 ) ) ;
#1043 = FACE_OUTER_BOUND ( 'NONE', #3236, .T. ) ;
#1044 = ORIENTED_EDGE ( 'NONE', *, *, #204, .T. ) ;
#1045 = CYLINDRICAL_SURFACE ( 'NONE', #7178, 0.7946314968241675603 ) ;
#1046 = CARTESIAN_POINT ( 'NONE',  ( 0.8660254037844393737, 1.499999999999996669, 3.520833333333309501 ) ) ;
#1047 = CARTESIAN_POINT ( 'NONE',  ( 1.105875672974081736, 3.282108869019865772E-15, -0.5812500000000014877 ) ) ;
#1048 = CARTESIAN_POINT ( 'NONE',  ( 1.357050807568874085, -7.728666526791978061E-15, -1.875000000000010436 ) ) ;
#1049 = CARTESIAN_POINT ( 'NONE',  ( 0.000000000000000000, 0.9577164262227705338, -3.168750000000001510 ) ) ;
#1050 = CARTESIAN_POINT ( 'NONE',  ( -0.5529378364870407569, 0.9577164262227702007, 2.212499999999997691 ) ) ;
#1051 = CARTESIAN_POINT ( 'NONE',  ( 0.8816504037844374864, 1.527063293868256677, 0.005208333333318882798 ) ) ;
#1052 = CC_DESIGN_DATE_AND_TIME_ASSIGNMENT ( #7211, #6657, ( #737 ) ) ;
#1053 = CARTESIAN_POINT ( 'NONE',  ( -0.5529378364870412010, -0.9577164262227633174, -1.181250000000001688 ) ) ;
#1054 = CARTESIAN_POINT ( 'NONE',  ( 3.000000000000000000, -4.171930009000630157, 5.303300858899106629 ) ) ;
#1055 = DIRECTION ( 'NONE',  ( -1.000000000000000000, -0.000000000000000000, -0.000000000000000000 ) ) ;
#1056 = CARTESIAN_POINT ( 'NONE',  ( -1.560637177523342561E-16, -1.274356964481444310, -2.760937500000000711 ) ) ;
#1057 = PERSON_AND_ORGANIZATION_ROLE ( 'creator' ) ;
#1058 = CARTESIAN_POINT ( 'NONE',  ( 1.322475605676654675, -0.7635316469341338896, 6.848958333333305504 ) ) ;
#1059 = EDGE_CURVE ( 'NONE', #1115, #1115, #2354, .T. ) ;
#1060 = CARTESIAN_POINT ( 'NONE',  ( -1.017788105676655563, -0.5876202367904191926, 6.916666666666636765 ) ) ;
#1061 = VECTOR ( 'NONE', #1665, 1000.000000000000000 ) ;
#1062 = ORIENTED_EDGE ( 'NONE', *, *, #4029, .F. ) ;
#1063 = DIRECTION ( 'NONE',  ( 0.000000000000000000, 0.000000000000000000, -1.000000000000000000 ) ) ;
#1064 = VERTEX_POINT ( 'NONE', #1739 ) ;
#1065 = CARTESIAN_POINT ( 'NONE',  ( 0.7216878364870319418, -1.249999999999997113, -0.4875000000000069278 ) ) ;
#1066 = CIRCLE ( 'NONE', #3643, 0.1500000000000002720 ) ;
#1067 = VERTEX_POINT ( 'NONE', #3970 ) ;
#1068 = CARTESIAN_POINT ( 'NONE',  ( -0.6785254037844417052, -1.175240473580832834, -2.979166666666673624 ) ) ;
#1069 = DIRECTION ( 'NONE',  ( -0.000000000000000000, -0.000000000000000000, 1.000000000000000000 ) ) ;
#1070 = CARTESIAN_POINT ( 'NONE',  ( 0.8660254037844381525, -1.500000000000003331, -1.708333333333341031 ) ) ;
#1071 = CARTESIAN_POINT ( 'NONE',  ( 1.322475605676655785, 0.7635316469341261181, -1.567708333333343251 ) ) ;
#1072 = CARTESIAN_POINT ( 'NONE',  ( 1.017788105676656008, 0.5876202367904124202, -1.833333333333343473 ) ) ;
#1073 = DIRECTION ( 'NONE',  ( 0.000000000000000000, -1.000000000000000000, 6.938893903907265849E-16 ) ) ;
#1074 = CYLINDRICAL_SURFACE ( 'NONE', #1769, 9.500000000000000000 ) ;
#1075 = CARTESIAN_POINT ( 'NONE',  ( 0.5529378364870414231, 0.9577164262227699787, 0.3374999999999975797 ) ) ;
#1076 = DIRECTION ( 'NONE',  ( 0.5000000000000101030, -0.8660254037844328234, 0.000000000000000000 ) ) ;
#1077 = LINE ( 'NONE', #5602, #5226 ) ;
#1078 = CARTESIAN_POINT ( 'NONE',  ( -0.6785254037844372643, -1.175240473580835721, 2.520833333333314386 ) ) ;
#1079 = CARTESIAN_POINT ( 'NONE',  ( -0.7357503364870382478, 1.274356964481451415, 2.929687499999996447 ) ) ;
#1080 = ORIENTED_EDGE ( 'NONE', *, *, #5588, .F. ) ;
#1081 = CARTESIAN_POINT ( 'NONE',  ( -2.799999999999998934, -4.171930009000630157, 5.020458146424486401 ) ) ;
#1082 = CARTESIAN_POINT ( 'NONE',  ( -1.836970198721029688E-16, -1.500000000000002887, 1.812499999999980016 ) ) ;
#1083 = CARTESIAN_POINT ( 'NONE',  ( 0.8294067547305610244, -0.4788582131113804374, -0.1687500000000017875 ) ) ;
#1084 = CARTESIAN_POINT ( 'NONE',  ( 1.017788105676660226, 0.5876202367904050927, -0.8333333333333456938 ) ) ;
#1085 = CARTESIAN_POINT ( 'NONE',  ( -0.8294067547305613575, -0.4788582131113797158, -2.118750000000001688 ) ) ;
#1086 = CARTESIAN_POINT ( 'NONE',  ( 0.8294067547305610244, -0.4788582131113806040, 2.924999999999997158 ) ) ;
#1087 = CARTESIAN_POINT ( 'NONE',  ( -0.8816504037844364872, 1.527063293868256899, 0.08854166666665171104 ) ) ;
#1089 = CARTESIAN_POINT ( 'NONE',  ( -1.105875672974081736, 3.586634767108067076E-15, -1.256250000000001643 ) ) ;
#1088 = CIRCLE ( 'NONE', #7229, 2.849999999999998757 ) ;
#1090 = CONICAL_SURFACE ( 'NONE', #4978, 9.500000000000000000, 0.7853981633974418397 ) ;
#1091 = CARTESIAN_POINT ( 'NONE',  ( -1.299038105676658006, 0.7499999999999971134, -4.354166666666674068 ) ) ;
#1092 = ADVANCED_FACE ( 'NONE', ( #3455 ), #6127, .F. ) ;
#1093 = CARTESIAN_POINT ( 'NONE',  ( 0.000000000000000000, -4.769999282678940410E-16, 5.247499999999999609 ) ) ;
#1094 = CARTESIAN_POINT ( 'NONE',  ( -0.2918909029135001720, 1.292159021116763284, -4.812499513030723541 ) ) ;
#1095 = COORDINATED_UNIVERSAL_TIME_OFFSET ( 6, 0, .BEHIND. ) ;
#1096 = CARTESIAN_POINT ( 'NONE',  ( 2.800000000000001155, 0.000000000000000000, 0.000000000000000000 ) ) ;
#1097 = CARTESIAN_POINT ( 'NONE',  ( 0.6785254037844365982, -1.175240473580835721, 5.041666666666642094 ) ) ;
#1098 = ORIENTED_EDGE ( 'NONE', *, *, #643, .F. ) ;
#1099 = CARTESIAN_POINT ( 'NONE',  ( -0.9999999999999997780, 0.5773502691896249539, 6.649999999999999467 ) ) ;
#1100 = LOCAL_TIME ( 13, 37, 30.00000000000000000, #6035 ) ;
#1101 = ORIENTED_EDGE ( 'NONE', *, *, #1939, .F. ) ;
#1102 = CARTESIAN_POINT ( 'NONE',  ( 1.082531754730549078, 0.6250000000000028866, -0.3750000000000071054 ) ) ;
#1103 = CARTESIAN_POINT ( 'NONE',  ( 1.017788105676651567, -0.5876202367904261870, -1.354166666666678065 ) ) ;
#1104 = CARTESIAN_POINT ( 'NONE',  ( 0.000000000000000000, -1.006795617199585902E-15, -4.949759526419166278 ) ) ;
#1105 = CARTESIAN_POINT ( 'NONE',  ( -0.8660254037844383745, 1.499999999999996669, -1.458333333333341697 ) ) ;
#1106 = AXIS2_PLACEMENT_3D ( 'NONE', #1839, #5851, #1767 ) ;
#1107 = CARTESIAN_POINT ( 'NONE',  ( 0.000000000000000000, 1.527063293868257343, -1.484375000000009992 ) ) ;
#1108 = CARTESIAN_POINT ( 'NONE',  ( 0.6785254037844365982, -1.175240473580835721, -0.9583333333333459159 ) ) ;
#1109 = CARTESIAN_POINT ( 'NONE',  ( 3.000000000000000000, -5.123475382979804316, 7.999999999999996447 ) ) ;
#1110 = CIRCLE ( 'NONE', #6248, 0.7946314968241675603 ) ;
#1111 = CONICAL_SURFACE ( 'NONE', #505, 1.154700538379250796, 0.7853981633974500554 ) ;
#1112 = DIRECTION ( 'NONE',  ( -0.5000000000000039968, 0.8660254037844363761, -5.457635026140482618E-16 ) ) ;
#1113 = AXIS2_PLACEMENT_3D ( 'NONE', #5316, #4733, #6975 ) ;
#1114 = CARTESIAN_POINT ( 'NONE',  ( 0.5529378364870414231, 0.9577164262227702007, -0.5625000000000022204 ) ) ;
#1115 = VERTEX_POINT ( 'NONE', #5601 ) ;
#1116 = CARTESIAN_POINT ( 'NONE',  ( 2.800000000000001155, -1.791857758372713105, 0.9433296209488570838 ) ) ;
#1117 = CARTESIAN_POINT ( 'NONE',  ( 1.017788105676655341, -0.5876202367904199697, 1.645833333333315940 ) ) ;
#1118 = CARTESIAN_POINT ( 'NONE',  ( 0.7357503364870378038, -1.274356964481444976, 2.704687499999996803 ) ) ;
#1119 = VECTOR ( 'NONE', #197, 1000.000000000000114 ) ;
#1120 = CARTESIAN_POINT ( 'NONE',  ( -1.082531754730548856, -0.6249999999999966693, 2.606250000000002842 ) ) ;
#1121 = CARTESIAN_POINT ( 'NONE',  ( 1.299038105676658450, 0.7499999999999958922, 2.479166666666644758 ) ) ;
#1122 = CARTESIAN_POINT ( 'NONE',  ( 1.105875672974081736, 3.304551853990315319E-15, -1.031250000000001776 ) ) ;
#1123 = CARTESIAN_POINT ( 'NONE',  ( 0.6785254037844427044, 1.175240473580826173, -1.291666666666677843 ) ) ;
#1124 = CARTESIAN_POINT ( 'NONE',  ( -1.560637177523342561E-16, -1.274356964481444532, 2.189062499999999023 ) ) ;
#1125 = ADVANCED_FACE ( 'NONE', ( #3526 ), #1399, .F. ) ;
#1126 = EDGE_CURVE ( 'NONE', #3056, #6995, #3757, .T. ) ;
#1127 = CARTESIAN_POINT ( 'NONE',  ( -0.8294067547305613575, -0.4788582131113799933, 2.774999999999997247 ) ) ;
#1128 = CARTESIAN_POINT ( 'NONE',  ( -1.870113174931178938E-16, -1.527063293868263116, 2.796874999999980016 ) ) ;
#1129 = CARTESIAN_POINT ( 'NONE',  ( -0.5529378364870412010, -0.9577164262227633174, 0.1687499999999983458 ) ) ;
#1130 = CARTESIAN_POINT ( 'NONE',  ( 0.9273049422875226933, -0.2394291065556591325, 3.000000000000000888 ) ) ;
#1131 = CARTESIAN_POINT ( 'NONE',  ( -0.1571845235116780537, -1.063950011417340358, 6.559249473037192857 ) ) ;
#1132 = FACE_OUTER_BOUND ( 'NONE', #6129, .T. ) ;
#1133 = APPROVAL_STATUS ( 'not_yet_approved' ) ;
#1134 = CARTESIAN_POINT ( 'NONE',  ( -0.8294067547305613575, -0.4788582131113799933, 2.774999999999997247 ) ) ;
#1135 = CARTESIAN_POINT ( 'NONE',  ( -0.6785254037844368202, 1.175240473580829503, 6.791666666666638541 ) ) ;
#1136 = ORIENTED_EDGE ( 'NONE', *, *, #5260, .F. ) ;
#1137 = DIRECTION ( 'NONE',  ( -0.000000000000000000, -0.000000000000000000, 1.000000000000000000 ) ) ;
#1138 = VERTEX_POINT ( 'NONE', #303 ) ;
#1139 = ORIENTED_EDGE ( 'NONE', *, *, #2393, .F. ) ;
#1140 = CARTESIAN_POINT ( 'NONE',  ( 1.082531754730548634, -0.6249999999999973355, -0.9000000000000070166 ) ) ;
#1141 = CARTESIAN_POINT ( 'NONE',  ( 1.357050807568874085, -8.061048112345887592E-15, -1.312500000000011324 ) ) ;
#1142 = DIRECTION ( 'NONE',  ( 1.000000000000000000, 0.000000000000000000, 0.000000000000000000 ) ) ;
#1143 = CARTESIAN_POINT ( 'NONE',  ( 1.732050807568876971, -3.392656912481952001E-15, -1.125000000000009104 ) ) ;
#1144 = CARTESIAN_POINT ( 'NONE',  ( -1.322475605676655119, -0.7635316469341328904, -1.317708333333343917 ) ) ;
#1145 = CARTESIAN_POINT ( 'NONE',  ( 1.017788105676655341, -0.5876202367904199697, -2.916666666666674512 ) ) ;
#1146 = DIRECTION ( 'NONE',  ( 0.000000000000000000, -0.7071067811865475727, -0.7071067811865475727 ) ) ;
#1147 = PRODUCT_RELATED_PRODUCT_CATEGORY ( 'detail', '', ( #316 ) ) ;
#1148 = CARTESIAN_POINT ( 'NONE',  ( 1.181446144018880679E-16, -1.154700538379250796, 5.495000000000000107 ) ) ;
#1149 = CARTESIAN_POINT ( 'NONE',  ( 2.800000000000001155, -7.999999999999998224, -5.123475382979802539 ) ) ;
#1150 = CARTESIAN_POINT ( 'NONE',  ( -0.8294067547305613575, -0.4788582131113798823, 0.9749999999999975353 ) ) ;
#1151 = DIRECTION ( 'NONE',  ( 0.000000000000000000, -0.000000000000000000, 1.000000000000000000 ) ) ;
#1152 = CARTESIAN_POINT ( 'NONE',  ( -1.439254484199186421E-16, -1.175240473580835721, 3.562499999999978684 ) ) ;
#1153 = CARTESIAN_POINT ( 'NONE',  ( -3.000000000000000000, 5.123475382979804316, 7.799999999999998046 ) ) ;
#1154 = CARTESIAN_POINT ( 'NONE',  ( 1.082531754730548634, -0.6249999999999974465, 1.856250000000002620 ) ) ;
#1155 = CARTESIAN_POINT ( 'NONE',  ( -1.732050807568876971, -2.968426816991988742E-15, 3.687499999999975575 ) ) ;
#1156 = CARTESIAN_POINT ( 'NONE',  ( -1.105875672974081736, 3.519305812196717645E-15, 0.09374999999999834854 ) ) ;
#1157 = CARTESIAN_POINT ( 'NONE',  ( 0.6785254037844237196, -1.175240473580843048, 2.041666666666648311 ) ) ;
#1158 = CARTESIAN_POINT ( 'NONE',  ( 1.103625504730557205, -0.6371784822407212667, 3.164062499999998668 ) ) ;
#1159 = CARTESIAN_POINT ( 'NONE',  ( 0.8294067547305616905, 0.4788582131113860996, 2.999999999999997335 ) ) ;
#1160 = CARTESIAN_POINT ( 'NONE',  ( 0.000000000000000000, 1.527063293868257121, 4.546874999999974243 ) ) ;
#1161 = ADVANCED_FACE ( 'NONE', ( #158 ), #2980, .F. ) ;
#1162 = B_SPLINE_CURVE_WITH_KNOTS ( 'NONE', 3,
 ( #2041, #4771, #6537, #3040 ),
 .UNSPECIFIED., .F., .F.,
 ( 4, 4 ),
 ( 0.000000000000000000, 0.0003165475275202289185 ),
 .UNSPECIFIED. ) ;
#1163 = CARTESIAN_POINT ( 'NONE',  ( 1.105875672974081736, 3.192336929138065610E-15, 1.218749999999998446 ) ) ;
#1164 = DIRECTION ( 'NONE',  ( -1.000000000000000000, -0.000000000000000000, -0.000000000000000000 ) ) ;
#1165 = CARTESIAN_POINT ( 'NONE',  ( 7.041719095097280880E-16, 8.000000000000003553, 3.333095244168785332 ) ) ;
#1166 = CARTESIAN_POINT ( 'NONE',  ( -0.7872287588170044925, 1.080536561152157793, -4.791088448294178015 ) ) ;
#1167 = PERSON_AND_ORGANIZATION ( #6017, #2973 ) ;
#1168 = CARTESIAN_POINT ( 'NONE',  ( -0.5529378364870407569, 0.9577164262227705338, -3.187500000000001776 ) ) ;
#1169 = CARTESIAN_POINT ( 'NONE',  ( 0.8816504037844360431, -1.527063293868263560, -3.661458333333340587 ) ) ;
#1170 = ORIENTED_EDGE ( 'NONE', *, *, #2958, .T. ) ;
#1171 = CARTESIAN_POINT ( 'NONE',  ( 0.6785254037844365982, -1.175240473580835943, -4.895833333333337478 ) ) ;
#1172 = EDGE_CURVE ( 'NONE', #518, #613, #4232, .T. ) ;
#1173 = ORIENTED_EDGE ( 'NONE', *, *, #1888, .T. ) ;
#1174 = CARTESIAN_POINT ( 'NONE',  ( 1.082531754730548634, -0.6249999999999974465, 0.8999999999999930278 ) ) ;
#1175 = CARTESIAN_POINT ( 'NONE',  ( 0.6785254037844341557, -1.175240473580837497, -1.395833333333344362 ) ) ;
#1176 = DIRECTION ( 'NONE',  ( 1.000000000000000000, 0.000000000000000000, 0.000000000000000000 ) ) ;
#1177 = CARTESIAN_POINT ( 'NONE',  ( -1.299038105676658006, 0.7499999999999971134, -0.4166666666666770658 ) ) ;
#1178 = AXIS2_PLACEMENT_3D ( 'NONE', #342, #2646, #7116 ) ;
#1179 = CARTESIAN_POINT ( 'NONE',  ( -1.322475605676655119, 0.7635316469341273393, 3.098958333333313053 ) ) ;
#1180 = CARTESIAN_POINT ( 'NONE',  ( 1.357050807568873863, -3.323770530029912691E-15, 0.1249999999999853728 ) ) ;
#1181 = DIRECTION ( 'NONE',  ( 0.000000000000000000, 1.000000000000000000, -3.538566068381623796E-16 ) ) ;
#1182 = AXIS2_PLACEMENT_3D ( 'NONE', #5712, #2389, #4158 ) ;
#1183 = CARTESIAN_POINT ( 'NONE',  ( -0.8994798301350838132, 0.6746764499392456926, 3.449999999999995737 ) ) ;
#1184 = FACE_BOUND ( 'NONE', #6145, .T. ) ;
#1185 = FACE_OUTER_BOUND ( 'NONE', #1762, .T. ) ;
#1186 = ADVANCED_FACE ( 'NONE', ( #6956 ), #1915, .T. ) ;
#1187 =( NAMED_UNIT ( * ) SI_UNIT ( $, .STERADIAN. ) SOLID_ANGLE_UNIT ( ) );
#1188 = CARTESIAN_POINT ( 'NONE',  ( -0.8294067547305613575, -0.4788582131113797158, -2.175000000000002487 ) ) ;
#1189 = CARTESIAN_POINT ( 'NONE',  ( 0.000000000000000000, 1.175240473580829725, 1.812499999999982458 ) ) ;
#1190 = CARTESIAN_POINT ( 'NONE',  ( 0.000000000000000000, 0.9577164262227704228, -1.818750000000001643 ) ) ;
#1191 = CARTESIAN_POINT ( 'NONE',  ( 0.7216878364870319418, -1.249999999999997113, 1.368750000000002798 ) ) ;
#1192 = CARTESIAN_POINT ( 'NONE',  ( 0.8660254037844381525, -1.500000000000003331, 4.291666666666644758 ) ) ;
#1193 = CARTESIAN_POINT ( 'NONE',  ( -1.172864355864553979E-16, -0.9577164262227636504, 0.6562499999999984457 ) ) ;
#1194 = CARTESIAN_POINT ( 'NONE',  ( 1.357050807568874085, -9.058192869007619342E-15, 0.1249999999999853728 ) ) ;
#1195 = CARTESIAN_POINT ( 'NONE',  ( 0.000000000000000000, 0.9577164262227704228, -0.01875000000000183811 ) ) ;
#1196 = CARTESIAN_POINT ( 'NONE',  ( -1.439254484199186421E-16, -1.175240473580835721, -4.937500000000003553 ) ) ;
#1197 = CARTESIAN_POINT ( 'NONE',  ( 0.5529378364870405349, -0.9577164262227638725, 2.887499999999997957 ) ) ;
#1198 = CARTESIAN_POINT ( 'NONE',  ( -0.8816504037844364872, 1.527063293868256899, 5.088541666666640317 ) ) ;
#1199 = CARTESIAN_POINT ( 'NONE',  ( -1.172864355864553979E-16, -0.9577164262227637614, 2.906249999999998224 ) ) ;
#1200 = CARTESIAN_POINT ( 'NONE',  ( 1.732050807568876971, -3.392656912481952001E-15, -3.062500000000010658 ) ) ;
#1201 = CYLINDRICAL_SURFACE ( 'NONE', #1819, 1.250000000000010658 ) ;
#1202 = CARTESIAN_POINT ( 'NONE',  ( -1.471500672974076718, 3.689677318642534586E-15, -2.873437500000000089 ) ) ;
#1203 = PERSON_AND_ORGANIZATION_ROLE ( 'creator' ) ;
#1204 = CARTESIAN_POINT ( 'NONE',  ( -0.5529378364870412010, -0.9577164262227635394, 2.362499999999997602 ) ) ;
#1205 = CARTESIAN_POINT ( 'NONE',  ( -0.8816504037844370423, -1.527063293868262894, -4.244791666666673180 ) ) ;
#1206 = EDGE_LOOP ( 'NONE', ( #267, #384, #7214, #4379 ) ) ;
#1207 = CARTESIAN_POINT ( 'NONE',  ( -1.007478138939430445E-15, -1.175240473580835721, -3.437500000000006661 ) ) ;
#1208 = CONICAL_SURFACE ( 'NONE', #6729, 2.224999999999999201, 0.7853981633974428389 ) ;
#1209 = CARTESIAN_POINT ( 'NONE',  ( -3.000000000000000000, 1.933279114610021221, -0.8019082647115491902 ) ) ;
#1210 = CARTESIAN_POINT ( 'NONE',  ( 0.000000000000000000, 1.250000000000003997, -0.7500000000000071054 ) ) ;
#1211 = CARTESIAN_POINT ( 'NONE',  ( -1.017788105676658228, -0.5876202367904146406, -0.5208333333333462489 ) ) ;
#1212 = CARTESIAN_POINT ( 'NONE',  ( -2.799999999999998934, -0.9433296209488563067, 1.791857758372713549 ) ) ;
#1213 = CARTESIAN_POINT ( 'NONE',  ( 0.8660254037844393737, 1.499999999999996447, -1.541666666666675178 ) ) ;
#1214 = CARTESIAN_POINT ( 'NONE',  ( -1.870113174931179184E-16, -1.527063293868263338, 1.265624999999983791 ) ) ;
#1215 = CC_DESIGN_APPROVAL ( #2660, ( #690 ) ) ;
#1216 = CARTESIAN_POINT ( 'NONE',  ( -0.6785254037844372643, -1.175240473580835721, 1.458333333333315718 ) ) ;
#1217 = EDGE_CURVE ( 'NONE', #771, #2563, #1066, .T. ) ;
#1218 = VERTEX_POINT ( 'NONE', #5192 ) ;
#1219 = CARTESIAN_POINT ( 'NONE',  ( -0.8559320959787829475, -0.8216044132688332668, -2.735252912944384995 ) ) ;
#1220 = EDGE_LOOP ( 'NONE', ( #2643 ) ) ;
#1221 = DIRECTION ( 'NONE',  ( 0.000000000000000000, -0.000000000000000000, 1.000000000000000000 ) ) ;
#1222 = CONICAL_SURFACE ( 'NONE', #4154, 2.224999999999999201, 0.7853981633974428389 ) ;
#1223 = DIRECTION ( 'NONE',  ( 0.000000000000000000, 0.7071067811865474617, -0.7071067811865474617 ) ) ;
#1224 = CARTESIAN_POINT ( 'NONE',  ( -0.5529378364870407569, 0.9577164262227703118, 1.762499999999997735 ) ) ;
#1225 =( NAMED_UNIT ( * ) PLANE_ANGLE_UNIT ( ) SI_UNIT ( $, .RADIAN. ) );
#1226 = CARTESIAN_POINT ( 'NONE',  ( 0.5529378364870405349, -0.9577164262227636504, -1.162500000000002531 ) ) ;
#1227 = CARTESIAN_POINT ( 'NONE',  ( 0.6785254037844365982, -1.175240473580835721, 4.604166666666643870 ) ) ;
#1228 = CARTESIAN_POINT ( 'NONE',  ( 0.8294067547305610244, -0.4788582131113803264, -2.418750000000001510 ) ) ;
#1229 = AXIS2_PLACEMENT_3D ( 'NONE', #4665, #2302, #1242 ) ;
#1230 = EDGE_CURVE ( 'NONE', #2199, #4087, #3497, .T. ) ;
#1231 = CARTESIAN_POINT ( 'NONE',  ( -0.7216878364870322748, 1.250000000000003775, 1.143750000000003153 ) ) ;
#1232 = CARTESIAN_POINT ( 'NONE',  ( 0.8294067547305616905, 0.4788582131113861551, 2.156249999999998224 ) ) ;
#1233 = CARTESIAN_POINT ( 'NONE',  ( 1.017788105676650900, -0.5876202367904272972, 1.083333333333316384 ) ) ;
#1234 = CARTESIAN_POINT ( 'NONE',  ( -0.8294067547305612464, 0.4788582131113870988, 0.05624999999999814176 ) ) ;
#1235 = CARTESIAN_POINT ( 'NONE',  ( 1.017788105676656008, 0.5876202367904124202, -2.770833333333341475 ) ) ;
#1236 = CIRCLE ( 'NONE', #5343, 9.300000000000000711 ) ;
#1237 = CARTESIAN_POINT ( 'NONE',  ( 0.7357503364870390250, 1.274356964481451193, -0.2953125000000029754 ) ) ;
#1238 = ORIENTED_EDGE ( 'NONE', *, *, #2261, .F. ) ;
#1239 = CARTESIAN_POINT ( 'NONE',  ( 1.322475605676655563, 0.7635316469341260071, 4.463541666666642094 ) ) ;
#1240 = CARTESIAN_POINT ( 'NONE',  ( -0.8294067547305613575, -0.4788582131113798823, 1.031249999999998224 ) ) ;
#1241 = CARTESIAN_POINT ( 'NONE',  ( 1.299038105676658450, 0.7499999999999958922, -3.520833333333342807 ) ) ;
#1242 = DIRECTION ( 'NONE',  ( 0.000000000000000000, 0.000000000000000000, -1.000000000000000000 ) ) ;
#1243 = CARTESIAN_POINT ( 'NONE',  ( 1.103625504730557205, -0.6371784822407210447, -1.785937500000000844 ) ) ;
#1244 = APPROVAL_STATUS ( 'not_yet_approved' ) ;
#1245 = CARTESIAN_POINT ( 'NONE',  ( 0.5529378364870405349, -0.9577164262227636504, -2.512500000000001954 ) ) ;
#1246 = CARTESIAN_POINT ( 'NONE',  ( -1.870113174931178938E-16, -1.527063293868263116, -3.703125000000006661 ) ) ;
#1247 = EDGE_LOOP ( 'NONE', ( #5442 ) ) ;
#1248 = CARTESIAN_POINT ( 'NONE',  ( 0.6785254037844358210, -1.175240473580836165, -4.395833333333338366 ) ) ;
#1249 = CARTESIAN_POINT ( 'NONE',  ( 0.7216878364870319418, -1.249999999999997113, 2.212499999999992806 ) ) ;
#1250 = CARTESIAN_POINT ( 'NONE',  ( -1.669971672328944715E-14, -1.175240473580835721, 2.062499999999981792 ) ) ;
#1251 = DIRECTION ( 'NONE',  ( 0.000000000000000000, -1.000000000000000000, 0.000000000000000000 ) ) ;
#1252 = B_SPLINE_CURVE_WITH_KNOTS ( 'NONE', 3,
 ( #2301, #2701, #507, #5033 ),
 .UNSPECIFIED., .F., .F.,
 ( 4, 4 ),
 ( 0.000000000000000000, 0.0002889088506456982414 ),
 .UNSPECIFIED. ) ;
#1253 = CARTESIAN_POINT ( 'NONE',  ( -1.299038105676658006, -0.7500000000000026645, -3.333333333333337478 ) ) ;
#1254 = CARTESIAN_POINT ( 'NONE',  ( -1.763300807568873418, -2.966513306368321794E-15, 3.140624999999980460 ) ) ;
#1255 = CARTESIAN_POINT ( 'NONE',  ( 1.017788105676656008, 0.5876202367904124202, 0.1666666666666517804 ) ) ;
#1256 = ORIENTED_EDGE ( 'NONE', *, *, #2688, .F. ) ;
#1257 = CARTESIAN_POINT ( 'NONE',  ( 0.000000000000000000, 1.250000000000004219, -2.999999999999999112 ) ) ;
#1258 = EDGE_LOOP ( 'NONE', ( #4077 ) ) ;
#1259 = EDGE_CURVE ( 'NONE', #4311, #5369, #3491, .T. ) ;
#1260 = EDGE_CURVE ( 'NONE', #3404, #6111, #6404, .T. ) ;
#1261 = DIRECTION ( 'NONE',  ( 0.000000000000000000, 0.000000000000000000, -1.000000000000000000 ) ) ;
#1262 = CARTESIAN_POINT ( 'NONE',  ( 0.5616510825356250125, -0.7757375938701589480, -2.954783573777229666 ) ) ;
#1263 = CARTESIAN_POINT ( 'NONE',  ( -0.8294067547305613575, -0.4788582131113799378, 2.324999999999997069 ) ) ;
#1264 = CARTESIAN_POINT ( 'NONE',  ( -1.172864355864553979E-16, -0.9577164262227635394, -1.650000000000002354 ) ) ;
#1265 = CARTESIAN_POINT ( 'NONE',  ( 0.6785254037844365982, -1.175240473580835721, 5.104166666666642982 ) ) ;
#1266 = CARTESIAN_POINT ( 'NONE',  ( 0.5529378364870414231, 0.9577164262227702007, -2.756250000000001421 ) ) ;
#1267 = CARTESIAN_POINT ( 'NONE',  ( -1.443375672974064994, 3.416535309594853812E-15, 2.568750000000002309 ) ) ;
#1268 = CARTESIAN_POINT ( 'NONE',  ( -1.172864355864553979E-16, -0.9577164262227637614, 2.906249999999998224 ) ) ;
#1269 = CARTESIAN_POINT ( 'NONE',  ( -1.017788105676652455, 0.5876202367904183044, 2.333333333333313941 ) ) ;
#1270 = CARTESIAN_POINT ( 'NONE',  ( 0.5529378364870414231, 0.9577164262227702007, -0.5062500000000015321 ) ) ;
#1271 = CARTESIAN_POINT ( 'NONE',  ( 1.017788105676655341, -0.5876202367904199697, -3.354166666666673624 ) ) ;
#1272 = CARTESIAN_POINT ( 'NONE',  ( 1.103625504730557205, -0.6371784822407210447, -2.207812500000003286 ) ) ;
#1273 = CARTESIAN_POINT ( 'NONE',  ( -0.8816504037844364872, 1.527063293868256899, 4.088541666666642982 ) ) ;
#1274 = CARTESIAN_POINT ( 'NONE',  ( 0.8294067547305610244, -0.4788582131113804929, 1.631249999999998090 ) ) ;
#1275 = CARTESIAN_POINT ( 'NONE',  ( -0.8660254037844383745, 1.499999999999996669, -2.395833333333345472 ) ) ;
#1276 = FACE_OUTER_BOUND ( 'NONE', #1323, .T. ) ;
#1277 = CARTESIAN_POINT ( 'NONE',  ( -1.560637177523342561E-16, -1.274356964481444310, -0.9609375000000008882 ) ) ;
#1278 = PERSON_AND_ORGANIZATION_ROLE ( 'design_supplier' ) ;
#1279 = EDGE_CURVE ( 'NONE', #4452, #3056, #3057, .T. ) ;
#1280 = CARTESIAN_POINT ( 'NONE',  ( -1.172864355864553979E-16, -0.9577164262227634284, -2.550000000000002487 ) ) ;
#1281 = CARTESIAN_POINT ( 'NONE',  ( 0.8816504037844360431, -1.527063293868263560, -5.161458333333337478 ) ) ;
#1282 = CARTESIAN_POINT ( 'NONE',  ( -4.317763452597558768E-16, -1.175240473580835721, -4.437500000000004441 ) ) ;
#1283 = CARTESIAN_POINT ( 'NONE',  ( -1.443375672974064994, 3.441783667686610390E-15, 2.062499999999992895 ) ) ;
#1284 = CARTESIAN_POINT ( 'NONE',  ( -1.017788105676658672, -0.5876202367904138635, 0.9791666666666507535 ) ) ;
#1285 = CARTESIAN_POINT ( 'NONE',  ( 0.9878468585438943128, -1.024435419198365338, 4.920321911571774010 ) ) ;
#1286 = CARTESIAN_POINT ( 'NONE',  ( 0.8660254037844393737, 1.499999999999996447, -4.041666666666669627 ) ) ;
#1287 = CARTESIAN_POINT ( 'NONE',  ( 1.763300807568873418, -3.398397444352954817E-15, 1.390624999999983791 ) ) ;
#1288 = CARTESIAN_POINT ( 'NONE',  ( 1.017788105676656008, 0.5876202367904124202, -0.3333333333333469151 ) ) ;
#1289 = ORIENTED_EDGE ( 'NONE', *, *, #3633, .T. ) ;
#1290 = PLANE ( 'NONE',  #7207 ) ;
#1291 =( BOUNDED_CURVE ( )  B_SPLINE_CURVE ( 2, ( #2460, #2294, #4791, #1918, #6924, #1747, #3639, #4194, #1328, #2497, #4756, #5895, #234, #3570, #4544, #5825, #4161, #1192, #776, #3528, #6958, #198, #3022, #6414, #810, #4717, #1367, #1956, #843, #6445, #1401, #3095, #5339, #305, #2533, #6482, #7032, #738, #5092, #1990, #600, #2843, #916, #5407, #1030, #2676, #3273, #2098, #2064, #6521, #337, #2133, #3674, #5445, #7107, #446, #4309, #410, #2639, #4974, #3199, #4346, #4937, #2023, #4904, #1551, #1588, #5934, #880, #1477, #3711, #6007, #996, #7146, #5480, #6559, #4268, #6597, #6667, #6080, #3783, #1514, #2599, #7186, #5517, #3746, #6044, #3239, #4386, #6631, #5971, #3820, #484, #371, #2715, #7223, #3165, #4865, #2171, #952, #4425, #3131, #5372, #2566, #4825, #7067, #114, #6700, #3892, #5116, #6734, #2830, #5704, #2313, #586, #5077, #41, #3930, #5664, #522, #1696, #4599, #5629, #5556, #657, #2278, #1660, #2348, #2865, #3377, #1177, #3308, #81, #1623, #4565, #1735, #3963, #6192, #4530, #6226, #3855, #2206, #6771, #6151, #3412, #620, #6116, #1143, #6263, #4458, #6806, #1768, #3448, #4004, #2902, #1105, #5150, #1213, #2794, #3346, #5594, #1070, #2757, #5012, #7263, #555, #5046, #5, #2239, #4491, #6841, #4709, #692, #4151, #5222, #800, #5186, #3519, #2971, #6950, #6881, #5776, #2938, #225, #3595, #152, #768, #297, #6437, #835, #728, #2382, #2450, #5852, #4641, #3013, #2524, #1392, #3086, #189, #1253, #1806, #1840, #4081, #1872, #6402, #5815, #1359, #2416, #6330, #5257, #4043, #1947, #1908, #3628, #6297, #5740, #1286, #4674, #3558, #6914, #3050, #5293, #4115, #262, #2488, #6364, #4745, #6989, #1320, #4186, #5886, #5329 ),
 .UNSPECIFIED., .F., .F. ) 
 B_SPLINE_CURVE_WITH_KNOTS ( ( 3, 2, 2, 2, 2, 2, 2, 2, 2, 2, 2, 2, 2, 2, 2, 2, 2, 2, 2, 2, 2, 2, 2, 2, 2, 2, 2, 2, 2, 2, 2, 2, 2, 2, 2, 2, 2, 2, 2, 2, 2, 2, 2, 2, 2, 2, 2, 2, 2, 2, 2, 2, 2, 2, 2, 2, 2, 2, 2, 2, 2, 2, 2, 2, 2, 2, 2, 2, 2, 2, 2, 2, 2, 2, 2, 2, 2, 2, 2, 2, 2, 2, 2, 2, 2, 2, 2, 2, 2, 2, 2, 2, 2, 2, 2, 2, 2, 2, 2, 2, 2, 2, 2, 2, 2, 2, 2, 2, 2, 2, 2, 2, 2, 2, 2, 2, 3 ),
 ( 0.2000000000000000389, 0.2066666666666667485, 0.2133333333333334580, 0.2200000000000000566, 0.2266666666666667662, 0.2333333333333333648, 0.2400000000000000744, 0.2466666666666667840, 0.2533333333333333548, 0.2600000000000000644, 0.2666666666666668295, 0.2733333333333334281, 0.2800000000000000822, 0.2866666666666666807, 0.2933333333333333903, 0.3000000000000000999, 0.3066666666666666985, 0.3133333333333334081, 0.3200000000000000067, 0.3266666666666667163, 0.3333333333333334259, 0.3400000000000000244, 0.3466666666666667895, 0.3533333333333334436, 0.3600000000000000422, 0.3666666666666667518, 0.3733333333333333504, 0.3800000000000000044, 0.3866666666666667695, 0.3933333333333333126, 0.4000000000000000777, 0.4066666666666667318, 0.4133333333333333859, 0.4200000000000000955, 0.4266666666666666941, 0.4333333333333334036, 0.4400000000000000022, 0.4466666666666667118, 0.4533333333333333659, 0.4599999999999999645, 0.4666666666666666741, 0.4733333333333333837, 0.4799999999999999822, 0.4866666666666666918, 0.4933333333333332904, 0.5000000000000000000, 0.5066666666666667096, 0.5133333333333333082, 0.5200000000000000178, 0.5266666666666666163, 0.5333333333333333259, 0.5400000000000001465, 0.5466666666666666341, 0.5533333333333334547, 0.5600000000000000533, 0.5666666666666666519, 0.5733333333333332504, 0.5800000000000000711, 0.5866666666666666696, 0.5933333333333332682, 0.6000000000000000888, 0.6066666666666666874, 0.6133333333333333970, 0.6199999999999999956, 0.6266666666666667052, 0.6333333333333333037, 0.6400000000000000133, 0.6466666666666667229, 0.6533333333333333215, 0.6599999999999999201, 0.6666666666666667407, 0.6733333333333333393, 0.6799999999999999378, 0.6866666666666666474, 0.6933333333333333570, 0.6999999999999999556, 0.7066666666666666652, 0.7133333333333334858, 0.7199999999999999734, 0.7266666666666667940, 0.7333333333333333925, 0.7400000000000001021, 0.7466666666666665897, 0.7533333333333334103, 0.7600000000000000089, 0.7666666666666666075, 0.7733333333333333171, 0.7800000000000000266, 0.7866666666666666252, 0.7933333333333333348, 0.8000000000000000444, 0.8066666666666666430, 0.8133333333333333526, 0.8200000000000000622, 0.8266666666666666607, 0.8333333333333333703, 0.8399999999999999689, 0.8466666666666666785, 0.8533333333333332771, 0.8599999999999999867, 0.8666666666666666963, 0.8733333333333332948, 0.8800000000000000044, 0.8866666666666667140, 0.8933333333333333126, 0.9000000000000000222, 0.9066666666666666208, 0.9133333333333333304, 0.9200000000000000400, 0.9266666666666666385, 0.9333333333333333481, 0.9399999999999999467, 0.9466666666666666563, 0.9533333333333333659, 0.9599999999999999645, 0.9666666666666666741, 0.9700000000000000844 ),
 .UNSPECIFIED. ) 
 CURVE ( )  GEOMETRIC_REPRESENTATION_ITEM ( )  RATIONAL_B_SPLINE_CURVE ( ( 0.9999999999999983347, 0.8660254037844403729, 1.000000000000000000, 0.8660254037844387076, 1.000000000000000000, 0.8660254037844387076, 1.000000000000000000, 0.8660254037844387076, 1.000000000000000000, 0.8660254037844387076, 1.000000000000000000, 0.8660254037844387076, 1.000000000000000000, 0.8660254037844387076, 1.000000000000000000, 0.8660254037844387076, 1.000000000000000000, 0.8660254037844387076, 1.000000000000000000, 0.8660254037844387076, 1.000000000000000000, 0.8660254037844387076, 1.000000000000000000, 0.8660254037844387076, 1.000000000000000000, 0.8660254037844387076, 1.000000000000000000, 0.8660254037844387076, 1.000000000000000000, 0.8660254037844387076, 1.000000000000000000, 0.8660254037844387076, 1.000000000000000000, 0.8660254037844387076, 1.000000000000000000, 0.8660254037844387076, 1.000000000000000000, 0.8660254037844387076, 1.000000000000000000, 0.8660254037844387076, 1.000000000000000000, 0.8660254037844387076, 1.000000000000000000, 0.8660254037844387076, 1.000000000000000000, 0.8660254037844387076, 1.000000000000000000, 0.8660254037844387076, 1.000000000000000000, 0.8660254037844387076, 1.000000000000000000, 0.8660254037844387076, 1.000000000000000000, 0.8660254037844387076, 1.000000000000000000, 0.8660254037844387076, 1.000000000000000000, 0.8660254037844387076, 1.000000000000000000, 0.8660254037844387076, 1.000000000000000000, 0.8660254037844387076, 1.000000000000000000, 0.8660254037844387076, 1.000000000000000000, 0.8660254037844387076, 1.000000000000000000, 0.8660254037844387076, 1.000000000000000000, 0.8660254037844387076, 1.000000000000000000, 0.8660254037844387076, 1.000000000000000000, 0.8660254037844387076, 1.000000000000000000, 0.8660254037844387076, 1.000000000000000000, 0.8660254037844387076, 1.000000000000000000, 0.8660254037844387076, 1.000000000000000000, 0.8660254037844387076, 1.000000000000000000, 0.8660254037844387076, 1.000000000000000000, 0.8660254037844387076, 1.000000000000000000, 0.8660254037844387076, 1.000000000000000000, 0.8660254037844387076, 1.000000000000000000, 0.8660254037844387076, 1.000000000000000000, 0.8660254037844387076, 1.000000000000000000, 0.8660254037844387076, 1.000000000000000000, 0.8660254037844387076, 1.000000000000000000, 0.8660254037844387076, 1.000000000000000000, 0.8660254037844387076, 1.000000000000000000, 0.8660254037844387076, 1.000000000000000000, 0.8660254037844387076, 1.000000000000000000, 0.8660254037844387076, 1.000000000000000000, 0.8660254037844387076, 1.000000000000000000, 0.8660254037844387076, 1.000000000000000000, 0.8660254037844387076, 1.000000000000000000, 0.8660254037844387076, 1.000000000000000000, 0.8660254037844387076, 1.000000000000000000, 0.8660254037844387076, 1.000000000000000000, 0.8660254037844387076, 1.000000000000000000, 0.8660254037844387076, 1.000000000000000000, 0.8660254037844387076, 1.000000000000000000, 0.8660254037844387076, 1.000000000000000000, 0.8660254037844387076, 1.000000000000000000, 0.8660254037844387076, 1.000000000000000000, 0.8660254037844387076, 1.000000000000000000, 0.8660254037844387076, 1.000000000000000000, 0.8660254037844387076, 1.000000000000000000, 0.8660254037844387076, 1.000000000000000000, 0.8660254037844387076, 1.000000000000000000, 0.8660254037844387076, 1.000000000000000000, 0.8660254037844387076, 1.000000000000000000, 0.8660254037844387076, 1.000000000000000000, 0.8660254037844387076, 1.000000000000000000, 0.8660254037844387076, 1.000000000000000000, 0.8660254037844387076, 1.000000000000000000, 0.8660254037844387076, 1.000000000000000000, 0.8660254037844387076, 1.000000000000000000, 0.8660254037844387076, 1.000000000000000000, 0.8660254037844387076, 1.000000000000000000, 0.8660254037844387076, 1.000000000000000000, 0.8660254037844387076, 1.000000000000000000, 0.8660254037844387076, 1.000000000000000000, 0.8660254037844387076, 1.000000000000000000, 0.8660254037844387076, 1.000000000000000000, 0.8660254037844387076, 1.000000000000000000, 0.8660254037844387076, 1.000000000000000000, 0.8660254037844387076, 1.000000000000000000, 0.8660254037844387076, 1.000000000000000000, 0.8660254037844387076, 1.000000000000000000, 0.8660254037844387076, 1.000000000000000000, 0.8660254037844387076, 1.000000000000000000, 0.8660254037844387076, 1.000000000000000000, 0.8660254037844387076, 1.000000000000000000, 0.8660254037844387076, 1.000000000000000000, 0.8660254037844387076, 1.000000000000000000, 0.8660254037844387076, 1.000000000000000000, 0.8660254037844387076, 1.000000000000000000, 0.8660254037844387076, 1.000000000000000000, 0.8660254037844387076, 1.000000000000000000, 0.8660254037844387076, 1.000000000000000000, 0.8660254037844387076, 1.000000000000000000, 0.8660254037844387076, 1.000000000000000000, 0.8660254037844387076, 1.000000000000000000, 0.8660254037844387076, 1.000000000000000000, 0.8660254037844387076, 1.000000000000000000, 0.8660254037844387076, 1.000000000000000000, 0.8660254037844387076, 1.000000000000000000, 0.8660254037844387076, 1.000000000000000000, 0.8660254037844387076, 1.000000000000000000, 0.8660254037844387076, 1.000000000000000000, 0.8660254037844387076, 1.000000000000000000, 0.8660254037844387076, 1.000000000000000000, 0.8660254037844387076, 1.000000000000000000, 0.9330127018922182991, 0.9330127018922194093 ) ) 
 REPRESENTATION_ITEM ( '' )  );
#1292 = VERTEX_POINT ( 'NONE', #232 ) ;
#1293 = DIRECTION ( 'NONE',  ( -3.064488108188113379E-16, -1.769283034190819047E-16, -1.000000000000000000 ) ) ;
#1294 = DIRECTION ( 'NONE',  ( -1.000000000000000000, 0.000000000000000000, 0.000000000000000000 ) ) ;
#1295 = CARTESIAN_POINT ( 'NONE',  ( 0.8294067547305610244, -0.4788582131113805485, 2.474999999999996980 ) ) ;
#1296 = CARTESIAN_POINT ( 'NONE',  ( -0.5529378364870412010, -0.9577164262227633174, -2.137500000000002398 ) ) ;
#1297 = CARTESIAN_POINT ( 'NONE',  ( 0.6785254037844377084, 1.175240473580829059, 6.270833333333305504 ) ) ;
#1298 = ORIENTED_EDGE ( 'NONE', *, *, #3009, .F. ) ;
#1299 = ADVANCED_FACE ( 'NONE', ( #6922 ), #591, .F. ) ;
#1300 = CARTESIAN_POINT ( 'NONE',  ( -0.7216878364870328300, -1.249999999999996891, 0.8437500000000032196 ) ) ;
#1301 = CARTESIAN_POINT ( 'NONE',  ( -1.172864355864553979E-16, -0.9577164262227636504, 1.106249999999997957 ) ) ;
#1302 = CARTESIAN_POINT ( 'NONE',  ( 1.357050807568874085, -9.722956040115438404E-15, 1.124999999999983569 ) ) ;
#1303 = CARTESIAN_POINT ( 'NONE',  ( -1.105875672974081736, 3.586634767108066287E-15, -1.256250000000001643 ) ) ;
#1304 = CARTESIAN_POINT ( 'NONE',  ( -1.439254484199186421E-16, -1.175240473580835721, -2.437500000000008882 ) ) ;
#1305 = CARTESIAN_POINT ( 'NONE',  ( -0.7357503364870382478, 1.274356964481451415, -1.120312500000003153 ) ) ;
#1306 = ORIENTED_EDGE ( 'NONE', *, *, #6929, .T. ) ;
#1307 = CARTESIAN_POINT ( 'NONE',  ( -1.322475605676654897, 0.7635316469341272283, 5.630208333333306392 ) ) ;
#1308 = ADVANCED_FACE ( 'NONE', ( #6888, #2945 ), #1846, .F. ) ;
#1309 = CARTESIAN_POINT ( 'NONE',  ( -1.172864355864553979E-16, -0.9577164262227637614, 2.456249999999998490 ) ) ;
#1310 = CARTESIAN_POINT ( 'NONE',  ( -1.732050807568876971, -2.968426816991988742E-15, -2.312500000000011990 ) ) ;
#1311 = DIRECTION ( 'NONE',  ( -0.000000000000000000, -0.000000000000000000, 1.000000000000000000 ) ) ;
#1312 = CARTESIAN_POINT ( 'NONE',  ( -1.103625504730557427, 0.6371784822407277060, -2.460937500000000888 ) ) ;
#1313 = MECHANICAL_CONTEXT ( 'NONE', #4787, 'mechanical' ) ;
#1314 = CARTESIAN_POINT ( 'NONE',  ( -0.5529378364870412010, -0.9577164262227633174, -1.237500000000002487 ) ) ;
#1315 = CARTESIAN_POINT ( 'NONE',  ( 0.8816504037844374864, 1.527063293868256677, -3.494791666666673624 ) ) ;
#1316 = B_SPLINE_CURVE_WITH_KNOTS ( 'NONE', 3,
 ( #4354, #2138, #6602, #1038, #6051, #4392, #3278, #6159, #5017, #5562, #2212, #560, #6705, #1629, #528, #2799 ),
 .UNSPECIFIED., .F., .F.,
 ( 4, 2, 2, 2, 2, 2, 2, 4 ),
 ( 4.288700021084918627E-17, 0.0002943926615896081127, 0.0005887853231791733994, 0.0008831779847687387403, 0.001177570646358303864, 0.001766355969537435414, 0.002060748631127001188, 0.002355141292716566529 ),
 .UNSPECIFIED. ) ;
#1317 = CARTESIAN_POINT ( 'NONE',  ( -1.082531754730548856, -0.6249999999999967804, 2.999999999999992450 ) ) ;
#1318 = CARTESIAN_POINT ( 'NONE',  ( 1.017788105676646682, -0.5876202367904347357, 1.645833333333315940 ) ) ;
#1319 = CARTESIAN_POINT ( 'NONE',  ( 0.8473254749045562306, -1.135236153738792497, 4.913763266472009228 ) ) ;
#1320 = CARTESIAN_POINT ( 'NONE',  ( 0.8660254037844393737, 1.499999999999996447, -4.541666666666668739 ) ) ;
#1321 = CARTESIAN_POINT ( 'NONE',  ( 0.000000000000000000, 1.527063293868257343, 2.015624999999982681 ) ) ;
#1322 = CARTESIAN_POINT ( 'NONE',  ( 1.357050807568873863, -3.323770530029912691E-15, 0.6249999999999841238 ) ) ;
#1323 = EDGE_LOOP ( 'NONE', ( #6222 ) ) ;
#1324 = CARTESIAN_POINT ( 'NONE',  ( -1.136577933382319383, 0.1491277098689608727, -2.775689065715229553 ) ) ;
#1325 = VERTEX_POINT ( 'NONE', #335 ) ;
#1326 = CARTESIAN_POINT ( 'NONE',  ( 2.800000000000001155, 0.000000000000000000, 0.000000000000000000 ) ) ;
#1327 = LINE ( 'NONE', #6304, #2758 ) ;
#1328 = CARTESIAN_POINT ( 'NONE',  ( -1.299038105676658006, -0.7500000000000026645, 4.666666666666645646 ) ) ;
#1329 = AXIS2_PLACEMENT_3D ( 'NONE', #2387, #4569, #6408 ) ;
#1330 = CARTESIAN_POINT ( 'NONE',  ( 0.000000000000000000, 0.9577164262227702007, 3.074999999999997069 ) ) ;
#1331 = APPROVAL_ROLE ( '' ) ;
#1332 = CARTESIAN_POINT ( 'NONE',  ( -0.8294067547305613575, -0.4788582131113797713, -1.275000000000002354 ) ) ;
#1333 = CARTESIAN_POINT ( 'NONE',  ( 0.6785254037844377084, 1.175240473580829059, 4.270833333333310833 ) ) ;
#1334 = LOCAL_TIME ( 13, 37, 30.00000000000000000, #4108 ) ;
#1335 = CARTESIAN_POINT ( 'NONE',  ( 0.7216878364870319418, -1.249999999999996891, -1.331249999999996936 ) ) ;
#1336 = CARTESIAN_POINT ( 'NONE',  ( -0.5529378364870407569, 0.9577164262227703118, 1.368749999999998357 ) ) ;
#1337 = DIRECTION ( 'NONE',  ( 1.000000000000000000, 0.000000000000000000, 0.000000000000000000 ) ) ;
#1338 = CARTESIAN_POINT ( 'NONE',  ( -1.172864355864553979E-16, -0.9577164262227635394, -0.2437500000000017708 ) ) ;
#1339 = CARTESIAN_POINT ( 'NONE',  ( -1.017788105676655563, 0.5876202367904134194, -3.104166666666674068 ) ) ;
#1340 = AXIS2_PLACEMENT_3D ( 'NONE', #915, #2063, #370 ) ;
#1341 = AXIS2_PLACEMENT_3D ( 'NONE', #6621, #7174, #3264 ) ;
#1342 = CARTESIAN_POINT ( 'NONE',  ( 0.7357503364870378038, -1.274356964481444754, -1.345312500000003020 ) ) ;
#1343 = CARTESIAN_POINT ( 'NONE',  ( 0.000000000000000000, 1.527063293868257121, 7.046874999999969802 ) ) ;
#1344 = EDGE_LOOP ( 'NONE', ( #2754 ) ) ;
#1345 = EDGE_LOOP ( 'NONE', ( #5709, #1379, #1653, #2785 ) ) ;
#1346 = CYLINDRICAL_SURFACE ( 'NONE', #175, 9.500000000000000000 ) ;
#1347 = EDGE_CURVE ( 'NONE', #6887, #1773, #6557, .T. ) ;
#1348 = EDGE_CURVE ( 'NONE', #4419, #5204, #5294, .T. ) ;
#1349 = CIRCLE ( 'NONE', #2991, 9.500000000000000000 ) ;
#1350 = CARTESIAN_POINT ( 'NONE',  ( -1.836970198721029688E-16, -1.500000000000002887, -2.687500000000011102 ) ) ;
#1351 = CARTESIAN_POINT ( 'NONE',  ( 0.000000000000000000, -6.613092715395706678E-15, -2.999999999999999112 ) ) ;
#1352 = CARTESIAN_POINT ( 'NONE',  ( -0.7357503364870382478, 1.274356964481451415, -0.6984375000000010436 ) ) ;
#1353 = DATE_AND_TIME ( #2929, #1037 ) ;
#1354 = CARTESIAN_POINT ( 'NONE',  ( -1.105875672974081736, 3.656769095140723933E-15, -2.662500000000001865 ) ) ;
#1355 = CARTESIAN_POINT ( 'NONE',  ( 0.8816504037844374864, 1.527063293868256677, -0.4947916666666806740 ) ) ;
#1356 = CARTESIAN_POINT ( 'NONE',  ( -0.7216878364870328300, -1.249999999999996891, 2.587499999999992806 ) ) ;
#1357 = CARTESIAN_POINT ( 'NONE',  ( 1.357050807568874085, -9.058192869007619342E-15, 0.1874999999999854283 ) ) ;
#1358 = DIRECTION ( 'NONE',  ( 0.000000000000000000, 0.7071067811865475727, -0.7071067811865475727 ) ) ;
#1359 = CARTESIAN_POINT ( 'NONE',  ( 1.732050807568876971, -3.392656912481952001E-15, -3.625000000000003553 ) ) ;
#1360 = CARTESIAN_POINT ( 'NONE',  ( -0.8816504037844365982, 1.527063293868257121, 3.557291666666646091 ) ) ;
#1361 = CARTESIAN_POINT ( 'NONE',  ( -0.6785254037844372643, -1.175240473580835721, 3.958333333333309945 ) ) ;
#1362 = ORIENTED_EDGE ( 'NONE', *, *, #4854, .T. ) ;
#1363 = CARTESIAN_POINT ( 'NONE',  ( -0.2265088160839651144, -1.194125599781176827, -2.706107122496562933 ) ) ;
#1364 = VERTEX_POINT ( 'NONE', #4789 ) ;
#1365 = CARTESIAN_POINT ( 'NONE',  ( 2.800000000000001155, 8.000000000000003553, 0.000000000000000000 ) ) ;
#1366 = CARTESIAN_POINT ( 'NONE',  ( -1.694631496824167138, 1.759430863800268502E-15, 3.449999999999996181 ) ) ;
#1367 = CARTESIAN_POINT ( 'NONE',  ( 1.299038105676658450, 0.7499999999999957812, 3.916666666666646535 ) ) ;
#1368 = CARTESIAN_POINT ( 'NONE',  ( -0.8816504037844372643, -1.527063293868263116, -4.276041666666671404 ) ) ;
#1369 = CARTESIAN_POINT ( 'NONE',  ( 0.5529378364870414231, 0.9577164262227699787, 1.687499999999997113 ) ) ;
#1370 = CARTESIAN_POINT ( 'NONE',  ( 1.357050807568873863, -3.323770530029912691E-15, 6.187499999999972466 ) ) ;
#1371 = PRODUCT_DEFINITION ( 'UNKNOWN', '', #2037, #2750 ) ;
#1372 = CARTESIAN_POINT ( 'NONE',  ( 0.7216878364870319418, -1.249999999999997113, -0.8812499999999967581 ) ) ;
#1373 = CARTESIAN_POINT ( 'NONE',  ( 0.8294067547305610244, -0.4788582131113805485, 2.531249999999997780 ) ) ;
#1374 = CARTESIAN_POINT ( 'NONE',  ( -1.017788105676663779, -0.5876202367904048707, 4.416666666666642982 ) ) ;
#1375 = CARTESIAN_POINT ( 'NONE',  ( -0.5529378364870412010, -0.9577164262227633174, 1.518749999999998268 ) ) ;
#1376 = EDGE_CURVE ( 'NONE', #4398, #4768, #5266, .T. ) ;
#1377 = CARTESIAN_POINT ( 'NONE',  ( -1.357050807568873863, -2.991388944476002371E-15, -3.562500000000007105 ) ) ;
#1378 = CARTESIAN_POINT ( 'NONE',  ( 1.103625504730557871, 0.6371784822407265958, -0.3328125000000032307 ) ) ;
#1379 = ORIENTED_EDGE ( 'NONE', *, *, #4578, .F. ) ;
#1380 = DIRECTION ( 'NONE',  ( 0.000000000000000000, 0.000000000000000000, 1.000000000000000000 ) ) ;
#1381 = DIRECTION ( 'NONE',  ( 0.000000000000000000, 0.000000000000000000, -1.000000000000000000 ) ) ;
#1382 = CARTESIAN_POINT ( 'NONE',  ( -3.000000000000000000, -4.030508652763320931, 5.161879502661795627 ) ) ;
#1383 = CARTESIAN_POINT ( 'NONE',  ( -1.836970198721029688E-16, -1.500000000000002887, -0.6875000000000155431 ) ) ;
#1384 = CARTESIAN_POINT ( 'NONE',  ( 0.8923782719897040971, -0.8048364405049821535, -4.932068918985630823 ) ) ;
#1385 = CARTESIAN_POINT ( 'NONE',  ( -0.7357503364870382478, 1.274356964481451637, -1.598437500000000844 ) ) ;
#1386 = APPROVAL_DATE_TIME ( #6431, #2438 ) ;
#1387 = CARTESIAN_POINT ( 'NONE',  ( -1.105875672974081736, 3.566997155258924166E-15, -0.8625000000000025979 ) ) ;
#1388 = CARTESIAN_POINT ( 'NONE',  ( 1.322475605676654453, -0.7635316469341337786, -2.119791666666676733 ) ) ;
#1389 = CARTESIAN_POINT ( 'NONE',  ( -1.082531754730548634, 0.6250000000000037748, 1.124999999999992450 ) ) ;
#1390 = CARTESIAN_POINT ( 'NONE',  ( 1.162453265119515189, -0.1728946996164963390, 4.675240473580834610 ) ) ;
#1391 = CARTESIAN_POINT ( 'NONE',  ( 2.800000000000000266, 0.9433296209488570838, -1.791857758372713105 ) ) ;
#1392 = CARTESIAN_POINT ( 'NONE',  ( 0.8660254037844381525, -1.500000000000003331, -3.208333333333338366 ) ) ;
#1393 = CARTESIAN_POINT ( 'NONE',  ( -1.322475605676655119, -0.7635316469341328904, 5.682291666666641206 ) ) ;
#1394 = CARTESIAN_POINT ( 'NONE',  ( 1.017788105676655341, -0.5876202367904199697, 3.583333333333311721 ) ) ;
#1395 = EDGE_LOOP ( 'NONE', ( #5366, #5812, #6554, #2100 ) ) ;
#1396 = CARTESIAN_POINT ( 'NONE',  ( -2.799999999999998490, 0.000000000000000000, 0.000000000000000000 ) ) ;
#1397 = ADVANCED_FACE ( 'NONE', ( #2021, #5969 ), #1028, .F. ) ;
#1398 = ORIENTED_EDGE ( 'NONE', *, *, #4036, .T. ) ;
#1399 = PLANE ( 'NONE',  #5887 ) ;
#1400 = CARTESIAN_POINT ( 'NONE',  ( 3.000000000000000000, 5.064582904840233546, -7.800000000000002487 ) ) ;
#1401 = CARTESIAN_POINT ( 'NONE',  ( -1.836970198721029688E-16, -1.500000000000002887, 3.749999999999980904 ) ) ;
#1402 = CARTESIAN_POINT ( 'NONE',  ( -0.8816504037844365982, 1.527063293868257121, -4.442708333333336590 ) ) ;
#1403 = CARTESIAN_POINT ( 'NONE',  ( 1.105875672974081736, 3.240028272200272525E-15, 0.2624999999999975686 ) ) ;
#1404 = CARTESIAN_POINT ( 'NONE',  ( 0.000000000000000000, 1.175240473580829725, 7.312499999999969802 ) ) ;
#1405 = CARTESIAN_POINT ( 'NONE',  ( -1.082531754730548634, 0.6250000000000036637, 0.7312500000000026201 ) ) ;
#1406 = EDGE_CURVE ( 'NONE', #334, #946, #961, .T. ) ;
#1407 = CARTESIAN_POINT ( 'NONE',  ( -1.105875672974081736, 3.362204917403566869E-15, 3.243749999999998579 ) ) ;
#1408 = CARTESIAN_POINT ( 'NONE',  ( -1.357050807568874085, 1.953334339401069406E-14, 3.374999999999979128 ) ) ;
#1409 = CARTESIAN_POINT ( 'NONE',  ( -0.5529378364870412010, -0.9577164262227635394, 2.418749999999997957 ) ) ;
#1410 = EDGE_LOOP ( 'NONE', ( #4987, #4259, #3167, #4051, #927, #5743, #4488, #3452, #3019, #315, #5511, #6846, #5071, #3650, #7179, #1414 ) ) ;
#1411 = CARTESIAN_POINT ( 'NONE',  ( 1.017788105676655341, -0.5876202367904199697, -0.8541666666666783980 ) ) ;
#1412 = AXIS2_PLACEMENT_3D ( 'NONE', #5985, #4323, #3761 ) ;
#1413 = CARTESIAN_POINT ( 'NONE',  ( -1.103625504730557427, 0.6371784822407274840, 0.7171874999999964251 ) ) ;
#1414 = ORIENTED_EDGE ( 'NONE', *, *, #4495, .T. ) ;
#1415 = CARTESIAN_POINT ( 'NONE',  ( 1.763300807568873196, -3.398397444352954028E-15, 6.921874999999968914 ) ) ;
#1416 = CARTESIAN_POINT ( 'NONE',  ( -2.866169322782475160, 1.873119963137366506, -0.9310142720214920065 ) ) ;
#1417 = FACE_OUTER_BOUND ( 'NONE', #2202, .T. ) ;
#1418 = CARTESIAN_POINT ( 'NONE',  ( -1.836970198721029688E-16, -1.500000000000002887, 0.8124999999999814593 ) ) ;
#1419 = CARTESIAN_POINT ( 'NONE',  ( 1.357050807568874085, -7.063903355684157421E-15, -2.875000000000007550 ) ) ;
#1420 = CARTESIAN_POINT ( 'NONE',  ( -0.7357503364870385809, -1.274356964481444532, 0.3515624999999990008 ) ) ;
#1421 = APPROVAL_ROLE ( '' ) ;
#1422 = CARTESIAN_POINT ( 'NONE',  ( -0.5529378364870407569, 0.9577164262227704228, -0.03750000000000237171 ) ) ;
#1423 = CARTESIAN_POINT ( 'NONE',  ( 0.8816504037844374864, 1.527063293868256677, -1.994791666666677177 ) ) ;
#1424 = PRODUCT_DEFINITION_SHAPE ( 'NONE', 'NONE',  #690 ) ;
#1425 = CARTESIAN_POINT ( 'NONE',  ( -0.8294067547305613575, -0.4788582131113796603, -3.018750000000001599 ) ) ;
#1426 = CARTESIAN_POINT ( 'NONE',  ( 1.017788105676661559, 0.5876202367904027613, 3.729166666666644758 ) ) ;
#1427 = LINE ( 'NONE', #1682, #1462 ) ;
#1428 = DIRECTION ( 'NONE',  ( 0.000000000000000000, -1.000000000000000000, 0.000000000000000000 ) ) ;
#1429 = EDGE_CURVE ( 'NONE', #954, #6220, #2118, .T. ) ;
#1430 = CARTESIAN_POINT ( 'NONE',  ( 1.763300807568873418, -3.398397444352954817E-15, 4.890624999999976019 ) ) ;
#1431 = CARTESIAN_POINT ( 'NONE',  ( -1.439254484199186421E-16, -1.175240473580835721, 4.499999999999976019 ) ) ;
#1432 = EDGE_LOOP ( 'NONE', ( #582 ) ) ;
#1433 = CARTESIAN_POINT ( 'NONE',  ( 0.8473157484120703575, 1.467593926302985574, 3.449999999999995737 ) ) ;
#1434 = ORIENTED_EDGE ( 'NONE', *, *, #5612, .F. ) ;
#1435 = CARTESIAN_POINT ( 'NONE',  ( 3.496703285417282571E-15, -1.049999999999999378, 3.449999999999996181 ) ) ;
#1436 = DIRECTION ( 'NONE',  ( 0.000000000000000000, -7.077132136763247592E-16, -1.000000000000000000 ) ) ;
#1437 = CARTESIAN_POINT ( 'NONE',  ( -1.836970198721029688E-16, -1.500000000000002887, 4.312499999999974243 ) ) ;
#1438 = EDGE_CURVE ( 'NONE', #3056, #2025, #959, .T. ) ;
#1439 = CARTESIAN_POINT ( 'NONE',  ( -0.8816504037844372643, -1.527063293868263116, -3.776041666666671848 ) ) ;
#1440 = ORIENTED_EDGE ( 'NONE', *, *, #712, .T. ) ;
#1441 = CARTESIAN_POINT ( 'NONE',  ( 0.8294067547305610244, -0.4788582131113804929, 0.6749999999999976019 ) ) ;
#1442 = CARTESIAN_POINT ( 'NONE',  ( -1.439254484199186421E-16, -1.175240473580835721, -4.000000000000005329 ) ) ;
#1443 = CIRCLE ( 'NONE', #2164, 0.7946314968241676713 ) ;
#1444 = CYLINDRICAL_SURFACE ( 'NONE', #1178, 1.349999999999998535 ) ;
#1445 = VECTOR ( 'NONE', #6156, 1000.000000000000000 ) ;
#1446 = CARTESIAN_POINT ( 'NONE',  ( -1.172864355864553979E-16, -0.9577164262227635394, -1.200000000000002176 ) ) ;
#1447 = CARTESIAN_POINT ( 'NONE',  ( 1.357050807568874085, -1.105248238233108284E-14, 3.124999999999978240 ) ) ;
#1448 = CARTESIAN_POINT ( 'NONE',  ( -1.105875672974081736, 3.496862827226267309E-15, 0.5437499999999981792 ) ) ;
#1449 = CARTESIAN_POINT ( 'NONE',  ( -1.439254484199186421E-16, -1.175240473580835721, 0.5624999999999849010 ) ) ;
#1450 = CARTESIAN_POINT ( 'NONE',  ( -0.7357503364870385809, -1.274356964481444532, 1.729687499999996714 ) ) ;
#1451 = ORIENTED_EDGE ( 'NONE', *, *, #5015, .F. ) ;
#1452 = LOCAL_TIME ( 13, 37, 30.00000000000000000, #6182 ) ;
#1453 = CARTESIAN_POINT ( 'NONE',  ( 2.800000000000001599, -4.490128060534575916, -4.490128060534575916 ) ) ;
#1454 = CARTESIAN_POINT ( 'NONE',  ( 0.000000000000000000, -6.654424544866929159E-15, -2.662499999999998757 ) ) ;
#1455 = AXIS2_PLACEMENT_3D ( 'NONE', #879, #5970, #7106 ) ;
#1456 = CARTESIAN_POINT ( 'NONE',  ( 0.8660254037844393737, 1.499999999999996669, 0.02083333333331699108 ) ) ;
#1457 = CARTESIAN_POINT ( 'NONE',  ( -5.470621942149870973E-15, -1.175240473580835721, -3.000000000000007994 ) ) ;
#1458 = CARTESIAN_POINT ( 'NONE',  ( 0.7357503364870390250, 1.274356964481451193, 1.026562499999998934 ) ) ;
#1459 = CALENDAR_DATE ( 2025, 8, 10 ) ;
#1460 = CARTESIAN_POINT ( 'NONE',  ( 0.000000000000000000, 0.9577164262227703118, 1.724999999999997424 ) ) ;
#1461 = CARTESIAN_POINT ( 'NONE',  ( -1.870113174931178938E-16, -1.527063293868263116, -1.703125000000011102 ) ) ;
#1462 = VECTOR ( 'NONE', #5582, 1000.000000000000000 ) ;
#1463 = AXIS2_PLACEMENT_3D ( 'NONE', #3865, #4397, #493 ) ;
#1464 = LINE ( 'NONE', #4891, #2978 ) ;
#1465 = CARTESIAN_POINT ( 'NONE',  ( -1.017788105676648014, 0.5876202367904261870, 3.895833333333310389 ) ) ;
#1466 = DIRECTION ( 'NONE',  ( 0.000000000000000000, 0.000000000000000000, 1.000000000000000000 ) ) ;
#1467 = CARTESIAN_POINT ( 'NONE',  ( 0.3315357407867653428, 1.249139381623585621, -4.835695062220830565 ) ) ;
#1468 = MECHANICAL_CONTEXT ( 'NONE', #509, 'mechanical' ) ;
#1469 = CARTESIAN_POINT ( 'NONE',  ( 0.8816504037844361541, -1.527063293868264005, 5.307291666666642094 ) ) ;
#1470 = CARTESIAN_POINT ( 'NONE',  ( -1.439254484199186421E-16, -1.175240473580835721, 2.499999999999980460 ) ) ;
#1471 = VECTOR ( 'NONE', #87, 1000.000000000000000 ) ;
#1472 = ORIENTED_EDGE ( 'NONE', *, *, #7172, .F. ) ;
#1473 = FACE_OUTER_BOUND ( 'NONE', #2793, .T. ) ;
#1474 = ORIENTED_EDGE ( 'NONE', *, *, #3231, .T. ) ;
#1475 = CARTESIAN_POINT ( 'NONE',  ( 0.1920320562135362785, 1.467883113638526416, 4.977277888186778299 ) ) ;
#1476 = CARTESIAN_POINT ( 'NONE',  ( 3.000000000000000000, 0.000000000000000000, 0.000000000000000000 ) ) ;
#1477 = CARTESIAN_POINT ( 'NONE',  ( -1.732050807568876971, -2.968426816991988742E-15, 2.124999999999983569 ) ) ;
#1478 = CARTESIAN_POINT ( 'NONE',  ( -1.322475605676655119, 0.7635316469341273393, -4.401041666666670515 ) ) ;
#1479 = EDGE_LOOP ( 'NONE', ( #5119 ) ) ;
#1480 = CARTESIAN_POINT ( 'NONE',  ( 1.105875672974081736, 3.172699317288922700E-15, 1.612499999999997602 ) ) ;
#1481 = CARTESIAN_POINT ( 'NONE',  ( 0.000000000000000000, 1.175240473580829725, 6.812499999999971578 ) ) ;
#1482 = EDGE_CURVE ( 'NONE', #2914, #3996, #250, .T. ) ;
#1483 = CARTESIAN_POINT ( 'NONE',  ( -0.7216878364870322748, 1.250000000000003775, -2.006249999999996536 ) ) ;
#1484 = CARTESIAN_POINT ( 'NONE',  ( 0.000000000000000000, 0.9577164262227704228, -0.9750000000000023093 ) ) ;
#1485 = CARTESIAN_POINT ( 'NONE',  ( 1.357050807568874085, -2.102728990163939986E-14, 3.624999999999977351 ) ) ;
#1486 = CARTESIAN_POINT ( 'NONE',  ( 1.105875672974081736, 3.169893944167615668E-15, 1.668749999999998179 ) ) ;
#1487 = CARTESIAN_POINT ( 'NONE',  ( 1.017788105676655341, -0.5876202367904199697, 1.145833333333316384 ) ) ;
#1488 = CARTESIAN_POINT ( 'NONE',  ( -1.103625504730557649, -0.6371784822407202675, 0.3421874999999969802 ) ) ;
#1489 = ORIENTED_EDGE ( 'NONE', *, *, #358, .F. ) ;
#1490 = EDGE_CURVE ( 'NONE', #6599, #6113, #3065, .T. ) ;
#1491 = PLANE ( 'NONE',  #3395 ) ;
#1492 = LINE ( 'NONE', #1382, #3689 ) ;
#1493 = CARTESIAN_POINT ( 'NONE',  ( -1.732050807568876971, -2.968426816991988742E-15, -0.8125000000000146549 ) ) ;
#1494 = CARTESIAN_POINT ( 'NONE',  ( -3.000000000000000000, 7.800000000000005151, -5.123475382979792769 ) ) ;
#1495 = CARTESIAN_POINT ( 'NONE',  ( 0.7357503364870390250, 1.274356964481451193, 1.476562499999998668 ) ) ;
#1496 = CONTEXT_DEPENDENT_SHAPE_REPRESENTATION ( #3879, #4241 ) ;
#1497 = CARTESIAN_POINT ( 'NONE',  ( -0.5529378364870407569, 0.9577164262227703118, 0.8624999999999978240 ) ) ;
#1498 = CARTESIAN_POINT ( 'NONE',  ( 1.322475605676655563, 0.7635316469341260071, -2.536458333333342807 ) ) ;
#1499 = CARTESIAN_POINT ( 'NONE',  ( -1.172864355864553979E-16, -0.9577164262227634284, -2.493750000000001688 ) ) ;
#1500 = CARTESIAN_POINT ( 'NONE',  ( 1.324405105901843943E-14, 1.175240473580829725, 3.312499999999978684 ) ) ;
#1501 = ADVANCED_FACE ( 'NONE', ( #1979 ), #359, .F. ) ;
#1502 = CARTESIAN_POINT ( 'NONE',  ( 2.800000000000001599, -4.490128060534575916, -4.490128060534575916 ) ) ;
#1503 = CARTESIAN_POINT ( 'NONE',  ( 0.000000000000000000, -6.613092715395706678E-15, -2.999999999999999112 ) ) ;
#1504 = PERSON_AND_ORGANIZATION_ROLE ( 'classification_officer' ) ;
#1505 = CARTESIAN_POINT ( 'NONE',  ( -0.8816504037844365982, 1.527063293868257121, 6.057291666666639429 ) ) ;
#1506 = CARTESIAN_POINT ( 'NONE',  ( -1.357050807568873863, -2.991388944476002371E-15, 3.374999999999978684 ) ) ;
#1507 = LOCAL_TIME ( 13, 37, 30.00000000000000000, #3184 ) ;
#1508 = VERTEX_POINT ( 'NONE', #4333 ) ;
#1509 = DIRECTION ( 'NONE',  ( 0.5773502691896218453, -0.8164965809277288100, -2.247462639710803156E-15 ) ) ;
#1510 = AXIS2_PLACEMENT_3D ( 'NONE', #822, #3616, #5873 ) ;
#1511 = ORIENTED_EDGE ( 'NONE', *, *, #333, .T. ) ;
#1512 = CARTESIAN_POINT ( 'NONE',  ( -1.443375672974064994, 3.643770532420660261E-15, -1.987500000000007150 ) ) ;
#1513 = CARTESIAN_POINT ( 'NONE',  ( 1.694631496824167138, 1.425278597743190449E-15, 4.499999999999996447 ) ) ;
#1514 = CARTESIAN_POINT ( 'NONE',  ( -1.732050807568876971, -2.968426816991988742E-15, 1.624999999999984901 ) ) ;
#1515 = CARTESIAN_POINT ( 'NONE',  ( -0.8816504037844372643, -1.527063293868263116, -2.776041666666674068 ) ) ;
#1516 = EDGE_LOOP ( 'NONE', ( #476 ) ) ;
#1517 = CARTESIAN_POINT ( 'NONE',  ( -1.172864355864553979E-16, -0.9577164262227636504, 1.049999999999997158 ) ) ;
#1518 = CARTESIAN_POINT ( 'NONE',  ( 1.017788105676655341, -0.5876202367904199697, -4.416666666666671404 ) ) ;
#1519 = CARTESIAN_POINT ( 'NONE',  ( 2.933349480478300908, 7.866650519521702911, 5.084323085060603375 ) ) ;
#1520 = CARTESIAN_POINT ( 'NONE',  ( -0.8294067547305613575, -0.4788582131113797158, -1.725000000000002309 ) ) ;
#1521 = VERTEX_POINT ( 'NONE', #6567 ) ;
#1522 = CARTESIAN_POINT ( 'NONE',  ( 1.105875672974081736, 3.125007974226715785E-15, 2.568749999999998312 ) ) ;
#1523 = CARTESIAN_POINT ( 'NONE',  ( 1.017788105676656008, 0.5876202367904124202, 0.2291666666666518359 ) ) ;
#1524 = CARTESIAN_POINT ( 'NONE',  ( -0.7357503364870382478, 1.274356964481451415, 1.129687499999997069 ) ) ;
#1525 = EDGE_LOOP ( 'NONE', ( #854 ) ) ;
#1526 = CARTESIAN_POINT ( 'NONE',  ( 0.9999999999999991118, -0.2032753359766517054, 6.495286663959756623 ) ) ;
#1527 = CARTESIAN_POINT ( 'NONE',  ( 2.932876473991200772, -0.9172998287710624199, 1.953743677833591263 ) ) ;
#1528 = AXIS2_PLACEMENT_3D ( 'NONE', #6259, #3444, #5281 ) ;
#1529 = CARTESIAN_POINT ( 'NONE',  ( -1.732050807568876971, -2.968426816991988742E-15, 0.6874999999999823475 ) ) ;
#1530 = CARTESIAN_POINT ( 'NONE',  ( 1.357050807568874085, -8.061048112345887592E-15, -1.375000000000011102 ) ) ;
#1531 = CARTESIAN_POINT ( 'NONE',  ( 1.103625504730557205, -0.6371784822407211557, 1.814062499999998801 ) ) ;
#1532 = DATE_AND_TIME ( #1459, #6211 ) ;
#1533 = CARTESIAN_POINT ( 'NONE',  ( -1.172864355864553979E-16, -0.9577164262227636504, 0.5999999999999976463 ) ) ;
#1534 = CARTESIAN_POINT ( 'NONE',  ( -1.763300807568873196, -2.966513306368321794E-15, 0.6718749999999841238 ) ) ;
#1535 = AXIS2_PLACEMENT_3D ( 'NONE', #4122, #1954, #4192 ) ;
#1536 = CARTESIAN_POINT ( 'NONE',  ( -0.5529378364870407569, 0.9577164262227704228, -0.4312500000000015210 ) ) ;
#1537 = CARTESIAN_POINT ( 'NONE',  ( -0.5529378364870412010, -0.9577164262227633174, -2.081250000000001599 ) ) ;
#1538 = CARTESIAN_POINT ( 'NONE',  ( -9.788385394747428558E-15, -1.175240473580835721, 4.562499999999976019 ) ) ;
#1539 = CARTESIAN_POINT ( 'NONE',  ( -0.9571526613635058522, -0.8031136684244937207, 3.000000000000210054 ) ) ;
#1540 = DIRECTION ( 'NONE',  ( 1.000000000000000000, 0.000000000000000000, 0.000000000000000000 ) ) ;
#1541 = APPROVAL_STATUS ( 'not_yet_approved' ) ;
#1542 = CARTESIAN_POINT ( 'NONE',  ( -1.322475605676655119, 0.7635316469341273393, 6.098958333333307280 ) ) ;
#1543 = CARTESIAN_POINT ( 'NONE',  ( 0.000000000000000000, 1.175240473580829725, 6.249999999999972466 ) ) ;
#1544 = EDGE_LOOP ( 'NONE', ( #77 ) ) ;
#1545 = CARTESIAN_POINT ( 'NONE',  ( 0.9434779557954122708, 0.7007421192354609252, 4.675240473580834610 ) ) ;
#1546 = APPROVAL ( #4930, 'UNSPECIFIED' ) ;
#1547 = VERTEX_POINT ( 'NONE', #4252 ) ;
#1548 = MANIFOLD_SOLID_BREP ( 'Boss-Extrude1', #6237 ) ;
#1549 = CARTESIAN_POINT ( 'NONE',  ( -1.530808498934192310E-16, -1.249999999999996669, -1.875000000000007105 ) ) ;
#1550 = CARTESIAN_POINT ( 'NONE',  ( 0.8988342186196260908, -0.7168464052320143720, -2.773955354455305500 ) ) ;
#1551 = CARTESIAN_POINT ( 'NONE',  ( 0.8660254037844381525, -1.500000000000003331, 2.291666666666650087 ) ) ;
#1552 = CARTESIAN_POINT ( 'NONE',  ( -1.870113174931179184E-16, -1.527063293868263338, 0.2656249999999863443 ) ) ;
#1553 = VERTEX_POINT ( 'NONE', #6030 ) ;
#1554 = CARTESIAN_POINT ( 'NONE',  ( 0.6785254037844365982, -1.175240473580835721, -3.958333333333338810 ) ) ;
#1555 = LINE ( 'NONE', #1967, #3070 ) ;
#1556 = CARTESIAN_POINT ( 'NONE',  ( 2.866682547644414658, 7.933317452355589161, 5.103952732046619367 ) ) ;
#1557 = CARTESIAN_POINT ( 'NONE',  ( -0.5529378364870412010, -0.9577164262227633174, -0.7875000000000021982 ) ) ;
#1558 = CARTESIAN_POINT ( 'NONE',  ( -0.8294067547305612464, 0.4788582131113872098, -2.700000000000002398 ) ) ;
#1559 = CARTESIAN_POINT ( 'NONE',  ( -1.017788105676655563, 0.5876202367904134194, -0.1041666666666803409 ) ) ;
#1560 = CARTESIAN_POINT ( 'NONE',  ( -1.103625504730557427, 0.6371784822407274840, 1.617187499999997113 ) ) ;
#1561 = ORIENTED_EDGE ( 'NONE', *, *, #2872, .T. ) ;
#1562 = AXIS2_PLACEMENT_3D ( 'NONE', #5066, #6759, #2265 ) ;
#1563 = DIRECTION ( 'NONE',  ( -1.000000000000000000, -0.000000000000000000, -0.000000000000000000 ) ) ;
#1564 = CARTESIAN_POINT ( 'NONE',  ( 3.000000000000000000, -0.9024128347050693888, 2.033783684603546416 ) ) ;
#1565 = CARTESIAN_POINT ( 'NONE',  ( 1.299038105676657562, -0.7500000000000035527, 2.895833333333310389 ) ) ;
#1566 = CARTESIAN_POINT ( 'NONE',  ( -1.017788105676658228, -0.5876202367904148627, -1.083333333333345028 ) ) ;
#1567 =( GEOMETRIC_REPRESENTATION_CONTEXT ( 3 ) GLOBAL_UNCERTAINTY_ASSIGNED_CONTEXT ( ( #5771 ) ) GLOBAL_UNIT_ASSIGNED_CONTEXT ( ( #5749, #5125, #6815 ) ) REPRESENTATION_CONTEXT ( 'NONE', 'WORKASPACE' ) );
#1568 = CARTESIAN_POINT ( 'NONE',  ( -0.7357503364870385809, -1.274356964481444532, 0.8015624999999989564 ) ) ;
#1569 = CARTESIAN_POINT ( 'NONE',  ( 0.5529378364870414231, 0.9577164262227699787, 1.237499999999997380 ) ) ;
#1570 = CARTESIAN_POINT ( 'NONE',  ( -1.763300807568873196, -2.966513306368321794E-15, 1.171874999999982681 ) ) ;
#1571 = EDGE_CURVE ( 'NONE', #7182, #3056, #4847, .T. ) ;
#1572 = EDGE_CURVE ( 'NONE', #2439, #5700, #7054, .T. ) ;
#1573 = CIRCLE ( 'NONE', #7224, 9.500000000000000000 ) ;
#1574 = CARTESIAN_POINT ( 'NONE',  ( -0.5529378364870412010, -0.9577164262227633174, -0.2812500000000015543 ) ) ;
#1575 = CARTESIAN_POINT ( 'NONE',  ( 0.8294067547305616905, 0.4788582131113863771, -1.893750000000001599 ) ) ;
#1576 = DIRECTION ( 'NONE',  ( 0.5773502691896313932, -2.948542785788117676E-15, -0.8164965809277221487 ) ) ;
#1577 = CYLINDRICAL_SURFACE ( 'NONE', #6050, 1.249999999999998002 ) ;
#1578 = DIRECTION ( 'NONE',  ( 3.064488108188113379E-16, 1.769283034190819047E-16, 1.000000000000000000 ) ) ;
#1579 = DATE_AND_TIME ( #4376, #3673 ) ;
#1580 = CARTESIAN_POINT ( 'NONE',  ( -0.8816504037844372643, -1.527063293868263116, 6.223958333333307280 ) ) ;
#1581 = CARTESIAN_POINT ( 'NONE',  ( -1.017788105676655563, -0.5876202367904191926, 4.916666666666642094 ) ) ;
#1582 = AXIS2_PLACEMENT_3D ( 'NONE', #4780, #7023, #1981 ) ;
#1583 = ORIENTED_EDGE ( 'NONE', *, *, #6788, .F. ) ;
#1584 = DIRECTION ( 'NONE',  ( 3.064488108188113379E-16, 1.769283034190819047E-16, 1.000000000000000000 ) ) ;
#1585 = ORIENTED_EDGE ( 'NONE', *, *, #6475, .F. ) ;
#1586 = CARTESIAN_POINT ( 'NONE',  ( -1.082531754730548856, -0.6249999999999964473, -1.500000000000006883 ) ) ;
#1587 = DIRECTION ( 'NONE',  ( 0.000000000000000000, -1.000000000000000000, 0.000000000000000000 ) ) ;
#1588 = CARTESIAN_POINT ( 'NONE',  ( -1.836970198721029688E-16, -1.500000000000002887, 2.249999999999983569 ) ) ;
#1589 = CONICAL_SURFACE ( 'NONE', #756, 1.449999999999993738, 0.7853981633974492782 ) ;
#1590 = CARTESIAN_POINT ( 'NONE',  ( 1.322475605676654675, -0.7635316469341338896, -0.6510416666666782870 ) ) ;
#1591 = CARTESIAN_POINT ( 'NONE',  ( -0.6785254037844368202, 1.175240473580829503, -1.708333333333343917 ) ) ;
#1592 = PLANE ( 'NONE',  #5799 ) ;
#1593 = CARTESIAN_POINT ( 'NONE',  ( 0.7216878364870332740, 1.250000000000003775, -2.081249999999996714 ) ) ;
#1594 = CARTESIAN_POINT ( 'NONE',  ( -0.8294067547305612464, 0.4788582131113870433, 0.8999999999999971356 ) ) ;
#1595 = APPROVAL ( #5390, 'UNKNOWN' ) ;
#1596 = DIRECTION ( 'NONE',  ( 3.064488108188088727E-16, -1.769283034190776153E-16, -1.000000000000000000 ) ) ;
#1597 = CARTESIAN_POINT ( 'NONE',  ( 0.7272088978397558412, -0.6558700936709084273, -2.938862027087001838 ) ) ;
#1598 = CARTESIAN_POINT ( 'NONE',  ( -1.439254484199186421E-16, -1.175240473580835721, 1.562499999999982236 ) ) ;
#1599 = DIRECTION ( 'NONE',  ( -1.000000000000000000, 0.000000000000000000, -0.000000000000000000 ) ) ;
#1600 = ORIENTED_EDGE ( 'NONE', *, *, #4322, .F. ) ;
#1601 = CARTESIAN_POINT ( 'NONE',  ( 0.000000000000000000, 3.454988393958160231E-16, 6.649999999999999467 ) ) ;
#1602 = CARTESIAN_POINT ( 'NONE',  ( -1.299038105676658006, 0.7499999999999971134, 3.645833333333308168 ) ) ;
#1603 = CARTESIAN_POINT ( 'NONE',  ( -0.5529378364870412010, -0.9577164262227633174, -1.181250000000001688 ) ) ;
#1604 = CARTESIAN_POINT ( 'NONE',  ( 0.6785254037844345998, -1.175240473580837053, -2.458333333333342363 ) ) ;
#1605 = CARTESIAN_POINT ( 'NONE',  ( -1.471500672974076718, 3.375475529056235401E-15, 3.426562499999998845 ) ) ;
#1606 = CARTESIAN_POINT ( 'NONE',  ( -0.8294067547305613575, -0.4788582131113799378, 1.874999999999997335 ) ) ;
#1607 = CARTESIAN_POINT ( 'NONE',  ( -1.322475605676654897, -0.7635316469341327794, 0.2135416666666518082 ) ) ;
#1608 = CARTESIAN_POINT ( 'NONE',  ( 0.8294067547305610244, -0.4788582131113804374, 0.2812499999999980571 ) ) ;
#1609 = DIRECTION ( 'NONE',  ( -0.000000000000000000, 5.195471269110015593E-17, 1.000000000000000000 ) ) ;
#1610 = CARTESIAN_POINT ( 'NONE',  ( 2.800000000000001155, -5.020458146424486401, 4.171930009000630157 ) ) ;
#1611 = DIRECTION ( 'NONE',  ( 0.000000000000000000, 0.000000000000000000, 1.000000000000000000 ) ) ;
#1612 = CALENDAR_DATE ( 2025, 8, 10 ) ;
#1613 = CARTESIAN_POINT ( 'NONE',  ( 1.322475605676655785, 0.7635316469341261181, 7.432291666666637653 ) ) ;
#1614 = CARTESIAN_POINT ( 'NONE',  ( -1.439254484199186421E-16, -1.175240473580835721, 5.499999999999973355 ) ) ;
#1615 = ORIENTED_EDGE ( 'NONE', *, *, #4095, .T. ) ;
#1616 = FACE_OUTER_BOUND ( 'NONE', #2885, .T. ) ;
#1617 = ORIENTED_EDGE ( 'NONE', *, *, #4269, .F. ) ;
#1618 = CARTESIAN_POINT ( 'NONE',  ( 0.7216878364870319418, -1.249999999999996891, -0.9375000000000072164 ) ) ;
#1619 = ORIENTED_EDGE ( 'NONE', *, *, #1032, .T. ) ;
#1620 = CARTESIAN_POINT ( 'NONE',  ( 0.6785254037844250519, -1.175240473580842382, -0.3958333333333461934 ) ) ;
#1621 = B_SPLINE_CURVE_WITH_KNOTS ( 'NONE', 3,
 ( #2523, #2012, #3735, #5396, #361, #2588, #5996, #5432 ),
 .UNSPECIFIED., .F., .F.,
 ( 4, 2, 2, 4 ),
 ( 2.544396950724781735E-07, 0.0002984430161323450956, 0.0005966315925696176426, 0.001193008745444162954 ),
 .UNSPECIFIED. ) ;
#1622 = DIRECTION ( 'NONE',  ( -0.000000000000000000, 5.195471269110015593E-17, 1.000000000000000000 ) ) ;
#1623 = CARTESIAN_POINT ( 'NONE',  ( 0.8660254037844393737, 1.499999999999996447, -0.5416666666666771768 ) ) ;
#1624 = B_SPLINE_CURVE_WITH_KNOTS ( 'NONE', 3,
 ( #6061, #593, #1527, #1564 ),
 .UNSPECIFIED., .F., .F.,
 ( 4, 4 ),
 ( 0.000000000000000000, 0.0003165475275202224133 ),
 .UNSPECIFIED. ) ;
#1625 = CARTESIAN_POINT ( 'NONE',  ( 1.763300807568873418, -3.398397444352954817E-15, -1.609375000000009992 ) ) ;
#1626 = CARTESIAN_POINT ( 'NONE',  ( -1.357050807568873863, -2.991388944476002371E-15, -2.125000000000009770 ) ) ;
#1627 = EDGE_CURVE ( 'NONE', #805, #448, #1464, .T. ) ;
#1628 = DIRECTION ( 'NONE',  ( 0.5000000000000101030, -0.8660254037844328234, 5.457635026140483604E-16 ) ) ;
#1629 = CARTESIAN_POINT ( 'NONE',  ( -0.001424066979354585800, -1.207716571749327006, -4.921104622020716413 ) ) ;
#1630 = CARTESIAN_POINT ( 'NONE',  ( -0.8294067547305612464, 0.4788582131113870988, -2.602085213965210642E-15 ) ) ;
#1631 = VERTEX_POINT ( 'NONE', #7232 ) ;
#1632 = CARTESIAN_POINT ( 'NONE',  ( -0.8294067547305613575, -0.4788582131113799933, 3.281249999999997780 ) ) ;
#1633 = CARTESIAN_POINT ( 'NONE',  ( 1.357050807568873863, -3.323770530029912691E-15, 1.687499999999982458 ) ) ;
#1634 = CARTESIAN_POINT ( 'NONE',  ( -2.799999999999998490, 0.9433296209488570838, -1.791857758372713105 ) ) ;
#1635 = EDGE_LOOP ( 'NONE', ( #3338, #3490, #2076, #4303 ) ) ;
#1636 = ADVANCED_FACE ( 'NONE', ( #2521 ), #5453, .T. ) ;
#1637 = CYLINDRICAL_SURFACE ( 'NONE', #6589, 2.024999999999999911 ) ;
#1638 = CARTESIAN_POINT ( 'NONE',  ( -1.299038105676658006, 0.7499999999999971134, 2.145833333333312165 ) ) ;
#1639 = CARTESIAN_POINT ( 'NONE',  ( -0.8294067547305612464, 0.4788582131113871543, -1.293750000000001510 ) ) ;
#1640 = CARTESIAN_POINT ( 'NONE',  ( -1.357050807568874085, 6.567101604717177061E-15, -1.625000000000010880 ) ) ;
#1641 = CARTESIAN_POINT ( 'NONE',  ( 0.8294067547305616905, 0.4788582131113863771, -2.343750000000001776 ) ) ;
#1642 = CARTESIAN_POINT ( 'NONE',  ( 0.7357503364870378038, -1.274356964481444754, -2.695312500000003109 ) ) ;
#1643 = CARTESIAN_POINT ( 'NONE',  ( 1.322475605676654453, -0.7635316469341337786, 1.880208333333314386 ) ) ;
#1644 = CARTESIAN_POINT ( 'NONE',  ( -1.105875672974081736, 3.496862827226267309E-15, 0.5437499999999981792 ) ) ;
#1645 = DIRECTION ( 'NONE',  ( -0.000000000000000000, -0.000000000000000000, 1.000000000000000000 ) ) ;
#1646 = CARTESIAN_POINT ( 'NONE',  ( 1.004210375300829674E-15, 8.000000000000003553, -3.596551211459378727 ) ) ;
#1647 = FACE_OUTER_BOUND ( 'NONE', #1395, .T. ) ;
#1648 = DATE_TIME_ROLE ( 'classification_date' ) ;
#1649 = CARTESIAN_POINT ( 'NONE',  ( 1.017788105676656008, 0.5876202367904124202, -4.770833333333336590 ) ) ;
#1650 = CARTESIAN_POINT ( 'NONE',  ( 0.5529378364870405349, -0.9577164262227639835, 2.887499999999997513 ) ) ;
#1651 = CARTESIAN_POINT ( 'NONE',  ( -1.439254484199186421E-16, -1.175240473580835721, 4.999999999999975131 ) ) ;
#1652 = AXIS2_PLACEMENT_3D ( 'NONE', #4989, #928, #3796 ) ;
#1653 = ORIENTED_EDGE ( 'NONE', *, *, #1230, .F. ) ;
#1654 = DIRECTION ( 'NONE',  ( 0.000000000000000000, 0.7071067811865474617, -0.7071067811865474617 ) ) ;
#1655 = DESIGN_CONTEXT ( 'detailed design', #7142, 'design' ) ;
#1656 = ORIENTED_EDGE ( 'NONE', *, *, #3187, .F. ) ;
#1657 = CARTESIAN_POINT ( 'NONE',  ( 1.082531754730549078, 0.6250000000000028866, -1.275000000000007239 ) ) ;
#1658 = CARTESIAN_POINT ( 'NONE',  ( -6.334174632669382332E-15, -1.175240473580835721, -1.437500000000010880 ) ) ;
#1659 = DIRECTION ( 'NONE',  ( -0.000000000000000000, -1.000000000000000000, 0.000000000000000000 ) ) ;
#1660 = CARTESIAN_POINT ( 'NONE',  ( -1.836970198721029688E-16, -1.500000000000002887, -0.2500000000000113798 ) ) ;
#1661 = CARTESIAN_POINT ( 'NONE',  ( 0.8816504037844375974, 1.527063293868256677, -0.5260416666666790642 ) ) ;
#1662 = CARTESIAN_POINT ( 'NONE',  ( 1.017788105676656008, 0.5876202367904124202, -1.333333333333344362 ) ) ;
#1663 = DIRECTION ( 'NONE',  ( 0.7071067811865414665, -0.5000000000000044409, -0.5000000000000044409 ) ) ;
#1664 = ADVANCED_FACE ( 'NONE', ( #4926, #7021 ), #3224, .F. ) ;
#1665 = DIRECTION ( 'NONE',  ( -0.000000000000000000, -0.000000000000000000, 1.000000000000000000 ) ) ;
#1666 = CARTESIAN_POINT ( 'NONE',  ( 1.105875672974081736, 3.240028272200272525E-15, 0.2624999999999975686 ) ) ;
#1667 = VERTEX_POINT ( 'NONE', #3280 ) ;
#1668 = CARTESIAN_POINT ( 'NONE',  ( -2.799999999999998490, -5.123475382979792769, -8.000000000000003553 ) ) ;
#1669 = CARTESIAN_POINT ( 'NONE',  ( -0.6785254037844372643, -1.175240473580835721, 1.520833333333315940 ) ) ;
#1670 = CARTESIAN_POINT ( 'NONE',  ( -0.07820083002083517976, -0.9577164262227635394, -2.949053545773632212 ) ) ;
#1671 = DIRECTION ( 'NONE',  ( 0.000000000000000000, -1.000000000000000000, 0.000000000000000000 ) ) ;
#1672 = CARTESIAN_POINT ( 'NONE',  ( -0.8660254037844383745, 1.499999999999996669, 3.104166666666643426 ) ) ;
#1673 = CARTESIAN_POINT ( 'NONE',  ( 0.000000000000000000, 0.9577164262227704228, -0.9187500000000016209 ) ) ;
#1674 = CARTESIAN_POINT ( 'NONE',  ( 0.6785254037844429265, 1.175240473580825729, -0.7916666666666793972 ) ) ;
#1675 = CARTESIAN_POINT ( 'NONE',  ( -1.103625504730557427, 0.6371784822407273730, 2.489062499999999289 ) ) ;
#1676 = CARTESIAN_POINT ( 'NONE',  ( 0.8294067547305610244, -0.4788582131113805485, 2.024999999999997247 ) ) ;
#1677 = CARTESIAN_POINT ( 'NONE',  ( 1.322475605676654453, -0.7635316469341337786, 0.3802083333333174942 ) ) ;
#1678 = AXIS2_PLACEMENT_3D ( 'NONE', #5035, #6216, #1611 ) ;
#1679 = CARTESIAN_POINT ( 'NONE',  ( -1.105875672974081736, 3.564191782137616345E-15, -0.8062500000000017986 ) ) ;
#1680 = VECTOR ( 'NONE', #5049, 1000.000000000000000 ) ;
#1681 = CARTESIAN_POINT ( 'NONE',  ( 1.732050807568876971, -3.392656912481952001E-15, -4.562500000000006217 ) ) ;
#1682 = CARTESIAN_POINT ( 'NONE',  ( 2.800000000000001155, -7.999999999999998224, 5.123475382979802539 ) ) ;
#1683 = CARTESIAN_POINT ( 'NONE',  ( -1.371687970092158482, -0.2443325884927043112, -4.734578248898077213 ) ) ;
#1684 = CALENDAR_DATE ( 2025, 8, 10 ) ;
#1685 = CC_DESIGN_DATE_AND_TIME_ASSIGNMENT ( #1866, #4667, ( #395 ) ) ;
#1686 = CARTESIAN_POINT ( 'NONE',  ( -2.933349480478300020, 7.866650519521704688, -5.084323085060604264 ) ) ;
#1687 = CARTESIAN_POINT ( 'NONE',  ( -0.6785254037844368202, 1.175240473580829503, 6.291666666666638541 ) ) ;
#1688 = ORIENTED_EDGE ( 'NONE', *, *, #1376, .T. ) ;
#1689 = DIRECTION ( 'NONE',  ( -1.000000000000000000, 0.000000000000000000, 0.000000000000000000 ) ) ;
#1690 = PRODUCT_DEFINITION_FORMATION_WITH_SPECIFIED_SOURCE ( 'ANY', '', #495, .NOT_KNOWN. ) ;
#1691 = VERTEX_POINT ( 'NONE', #7091 ) ;
#1692 = CARTESIAN_POINT ( 'NONE',  ( 0.7216878364870333851, 1.250000000000003553, -0.7875000000000073053 ) ) ;
#1693 = AXIS2_PLACEMENT_3D ( 'NONE', #5429, #3699, #4778 ) ;
#1694 = CARTESIAN_POINT ( 'NONE',  ( 0.6785254037844343777, -1.175240473580837053, -1.895833333333342807 ) ) ;
#1695 = DIRECTION ( 'NONE',  ( 0.000000000000000000, -1.000000000000000000, 0.000000000000000000 ) ) ;
#1696 = CARTESIAN_POINT ( 'NONE',  ( 0.000000000000000000, 1.499999999999996669, -1.203633818048360782E-14 ) ) ;
#1697 = AXIS2_PLACEMENT_3D ( 'NONE', #2792, #4, #1659 ) ;
#1698 = CARTESIAN_POINT ( 'NONE',  ( 0.8816504037844375974, 1.527063293868256677, -0.02604166666668027499 ) ) ;
#1699 = AXIS2_PLACEMENT_3D ( 'NONE', #1503, #6070, #328 ) ;
#1700 = CARTESIAN_POINT ( 'NONE',  ( -0.6785254037844368202, 1.175240473580829503, -0.7083333333333463600 ) ) ;
#1701 = CARTESIAN_POINT ( 'NONE',  ( -3.000000000000000000, 7.800000000000005151, 5.064582904840234434 ) ) ;
#1702 = FACE_BOUND ( 'NONE', #1516, .T. ) ;
#1703 = CIRCLE ( 'NONE', #1463, 1.249999999999998002 ) ;
#1704 = FACE_OUTER_BOUND ( 'NONE', #2593, .T. ) ;
#1705 = CARTESIAN_POINT ( 'NONE',  ( -0.8294067547305613575, -0.4788582131113798268, 0.5249999999999976907 ) ) ;
#1706 = DIRECTION ( 'NONE',  ( 1.000000000000000000, 0.000000000000000000, 0.000000000000000000 ) ) ;
#1707 = CARTESIAN_POINT ( 'NONE',  ( 1.105875672974081736, 3.397129166993422118E-15, -2.887500000000002398 ) ) ;
#1708 = CARTESIAN_POINT ( 'NONE',  ( -1.439254484199186421E-16, -1.175240473580835721, 3.062499999999980016 ) ) ;
#1709 = CARTESIAN_POINT ( 'NONE',  ( -1.560637177523342561E-16, -1.274356964481444532, 2.667187499999996714 ) ) ;
#1710 = ADVANCED_FACE ( 'NONE', ( #7133 ), #1725, .T. ) ;
#1711 = AXIS2_PLACEMENT_3D ( 'NONE', #4363, #6777, #1740 ) ;
#1712 = CARTESIAN_POINT ( 'NONE',  ( -0.7216878364870322748, 1.250000000000003775, 2.493750000000003020 ) ) ;
#1713 = CARTESIAN_POINT ( 'NONE',  ( 0.8660254037844393737, 1.499999999999996669, 4.020833333333308168 ) ) ;
#1714 = CARTESIAN_POINT ( 'NONE',  ( -0.5529378364870407569, 0.9577164262227704228, 0.01874999999999836867 ) ) ;
#1715 = CARTESIAN_POINT ( 'NONE',  ( 1.017788105676656452, 0.5876202367904117541, 0.1666666666666517804 ) ) ;
#1716 = CARTESIAN_POINT ( 'NONE',  ( -0.7357503364870382478, 1.274356964481451415, 2.901562499999998934 ) ) ;
#1717 = CARTESIAN_POINT ( 'NONE',  ( -0.8294067547305613575, -0.4788582131113799378, 2.324999999999997069 ) ) ;
#1718 = EDGE_CURVE ( 'NONE', #805, #6077, #1110, .T. ) ;
#1719 = CARTESIAN_POINT ( 'NONE',  ( 0.000000000000000000, 1.527063293868257121, 3.546874999999976907 ) ) ;
#1720 = CARTESIAN_POINT ( 'NONE',  ( -1.105875672974081736, 3.384647902374017206E-15, 2.793749999999997513 ) ) ;
#1721 = LINE ( 'NONE', #6214, #4738 ) ;
#1722 = CARTESIAN_POINT ( 'NONE',  ( -0.9999999999999991118, -0.5773502691896253980, 6.649999999999999467 ) ) ;
#1723 = CARTESIAN_POINT ( 'NONE',  ( 0.4324066519503588779, -1.454429944527514618, -4.650758277967307563 ) ) ;
#1724 = COORDINATED_UNIVERSAL_TIME_OFFSET ( 6, 0, .BEHIND. ) ;
#1725 =( BOUNDED_SURFACE ( )  B_SPLINE_SURFACE ( 1, 2, ( 
 ( #4215, #396, #2120, #4811, #1425, #2051, #868, #3119, #325, #3152, #3733, #5360, #4372, #5394, #2586, #4295, #2627, #6547, #1499, #6618, #3625, #5883, #5994, #5326, #832, #939, #2086, #3083, #6582, #1537, #4412, #2700, #2157, #3808, #1575, #1018, #5504, #4959, #468, #6068, #3261, #7206, #4471, #3835, #3869, #6751, #2771, #5645, #6648, #3288, #1639, #500, #2693, #1603, #6132, #2220, #462, #1122, #6714, #2295, #1673, #5026, #22, #4403, #5536, #2730, #3943, #5572, #6096, #1047, #6241, #4953, #3907, #6170, #7275, #4507, #4992, #536, #2255, #3358, #1083, #5607, #5060, #566, #2808, #1714, #6206, #1156, #4439, #3390, #601, #2844, #5093, #7200, #60, #6785, #4545, #7240, #1748, #2186, #3981, #6681, #1193, #3425, #2149, #3323, #2432, #2880, #6897, #3535, #6345, #2993, #1853, #2398, #1301, #3500, #4690, #2364, #6931, #1890, #5832, #1336, #5130, #2951, #4725, #4097, #6278, #6964, #672, #5791, #3464, #4657, #4130, #2469, #3030, #6380, #93, #747, #5240, #241, #5199, #1924, #1232, #4167, #205, #3577, #782, #1822, #5273, #6420, #2328, #6310, #1373, #132, #5681, #5755, #707, #637, #4580, #6822, #1785, #6859, #1268, #166, #4018, #5720, #2918, #5165, #4615, #4063, #3138, #1407, #3171 ),
 ( #310, #5308, #815, #3103, #1960, #6013, #5944, #5867, #2647, #5414, #419, #4200, #6603, #2503, #4797, #7075, #7039, #3068, #377, #3208, #3682, #6530, #4832, #7117, #3717, #6452, #2071, #2609, #2539, #4874, #3645, #5977, #276, #922, #5900, #5345, #849, #4316, #6566, #1995, #1520, #3753, #2104, #3608, #343, #4235, #962, #5454, #4911, #5378, #7154, #4355, #4762, #6488, #1446, #7003, #886, #2573, #2031, #4276, #1484, #3790, #2682, #2720, #3313, #1557, #2213, #5563, #3384, #530, #3861, #1114, #5488, #6639, #3827, #5052, #6672, #4944, #2139, #51, #6052, #2764, #5018, #6123, #5600, #453, #1630, #3351, #7268, #7231, #4463, #6160, #6707, #1666, #3897, #1075, #561, #5526, #2800, #14, #1705, #4499, #1004, #2248, #594, #6743, #4393, #2837, #6087, #3937, #1594, #6199, #1150, #5635, #5086, #2286, #3246, #4537, #7192, #1039, #3279, #489, #4982, #2178, #4430, #5785, #4092, #2911, #2427, #3571, #3418, #122, #6338, #1224, #199, #4609, #1815, #777, #5268, #1849, #5672, #665, #2358, #6851, #2985, #3529, #4055, #3493, #1263, #3023, #6305, #4572, #1295, #6925, #5748, #1778, #1741, #1881, #4651, #4685, #6778, #5234, #700, #740, #6374, #4125, #5159, #630, #1330, #5124, #2947, #2461, #5826 ) ),
 .UNSPECIFIED., .F., .F., .F. ) 
 B_SPLINE_SURFACE_WITH_KNOTS ( ( 2, 2 ),
 ( 3, 2, 2, 2, 2, 2, 2, 2, 2, 2, 2, 2, 2, 2, 2, 2, 2, 2, 2, 2, 2, 2, 2, 2, 2, 2, 2, 2, 2, 2, 2, 2, 2, 2, 2, 2, 2, 2, 2, 2, 2, 2, 2, 2, 2, 2, 2, 2, 2, 2, 2, 2, 2, 2, 2, 2, 2, 2, 2, 2, 2, 2, 2, 2, 2, 2, 2, 2, 2, 2, 2, 2, 2, 2, 2, 2, 2, 2, 2, 2, 2, 2, 2, 2, 2, 2, 3 ),
 ( 0.000000000000000000, 1.000000000000000000 ),
 ( 0.000000000000000000, 0.01111111111111111154, 0.02222222222222222307, 0.03333333333333333287, 0.04444444444444444614, 0.05555555555555555247, 0.06666666666666666574, 0.07777777777777777901, 0.08888888888888889228, 0.1000000000000000056, 0.1111111111111111049, 0.1222222222222222182, 0.1333333333333333315, 0.1444444444444444309, 0.1555555555555555580, 0.1666666666666666574, 0.1777777777777777846, 0.1888888888888888840, 0.2000000000000000111, 0.2111111111111111105, 0.2222222222222222099, 0.2333333333333333370, 0.2444444444444444364, 0.2555555555555555358, 0.2666666666666666630, 0.2777777777777777901, 0.2888888888888888618, 0.2999999999999999889, 0.3111111111111111160, 0.3222222222222222432, 0.3333333333333333148, 0.3444444444444444420, 0.3555555555555555691, 0.3666666666666666408, 0.3777777777777777679, 0.3888888888888888951, 0.4000000000000000222, 0.4111111111111110938, 0.4222222222222222210, 0.4333333333333333481, 0.4444444444444444198, 0.4555555555555555469, 0.4666666666666666741, 0.4777777777777778012, 0.4888888888888888729, 0.5000000000000000000, 0.5111111111111110716, 0.5222222222222222543, 0.5333333333333333259, 0.5444444444444443976, 0.5555555555555555802, 0.5666666666666666519, 0.5777777777777777235, 0.5888888888888889062, 0.5999999999999999778, 0.6111111111111111605, 0.6222222222222222321, 0.6333333333333333037, 0.6444444444444444864, 0.6555555555555555580, 0.6666666666666666297, 0.6777777777777778123, 0.6888888888888888840, 0.6999999999999999556, 0.7111111111111111382, 0.7222222222222222099, 0.7333333333333332815, 0.7444444444444444642, 0.7555555555555555358, 0.7666666666666667185, 0.7777777777777777901, 0.7888888888888888618, 0.8000000000000000444, 0.8111111111111111160, 0.8222222222222221877, 0.8333333333333333703, 0.8444444444444444420, 0.8555555555555555136, 0.8666666666666666963, 0.8777777777777777679, 0.8888888888888888395, 0.9000000000000000222, 0.9111111111111110938, 0.9222222222222222765, 0.9333333333333333481, 0.9444444444444444198, 0.9555555555555556024 ),
 .UNSPECIFIED. ) 
 GEOMETRIC_REPRESENTATION_ITEM ( )  RATIONAL_B_SPLINE_SURFACE ( (
 ( 1.000000000000000000, 0.8660254037844387076, 1.000000000000000000, 0.8660254037844387076, 1.000000000000000000, 0.8660254037844387076, 1.000000000000000000, 0.8660254037844387076, 1.000000000000000000, 0.8660254037844387076, 1.000000000000000000, 0.8660254037844387076, 1.000000000000000000, 0.8660254037844387076, 1.000000000000000000, 0.8660254037844387076, 1.000000000000000000, 0.8660254037844387076, 1.000000000000000000, 0.8660254037844387076, 1.000000000000000000, 0.8660254037844387076, 1.000000000000000000, 0.8660254037844387076, 1.000000000000000000, 0.8660254037844387076, 1.000000000000000000, 0.8660254037844387076, 1.000000000000000000, 0.8660254037844387076, 1.000000000000000000, 0.8660254037844387076, 1.000000000000000000, 0.8660254037844387076, 1.000000000000000000, 0.8660254037844387076, 1.000000000000000000, 0.8660254037844387076, 1.000000000000000000, 0.8660254037844387076, 1.000000000000000000, 0.8660254037844387076, 1.000000000000000000, 0.8660254037844387076, 1.000000000000000000, 0.8660254037844387076, 1.000000000000000000, 0.8660254037844387076, 1.000000000000000000, 0.8660254037844387076, 1.000000000000000000, 0.8660254037844387076, 1.000000000000000000, 0.8660254037844387076, 1.000000000000000000, 0.8660254037844387076, 1.000000000000000000, 0.8660254037844387076, 1.000000000000000000, 0.8660254037844387076, 1.000000000000000000, 0.8660254037844387076, 1.000000000000000000, 0.8660254037844387076, 1.000000000000000000, 0.8660254037844387076, 1.000000000000000000, 0.8660254037844387076, 1.000000000000000000, 0.8660254037844387076, 1.000000000000000000, 0.8660254037844387076, 1.000000000000000000, 0.8660254037844387076, 1.000000000000000000, 0.8660254037844387076, 1.000000000000000000, 0.8660254037844387076, 1.000000000000000000, 0.8660254037844387076, 1.000000000000000000, 0.8660254037844387076, 1.000000000000000000, 0.8660254037844387076, 1.000000000000000000, 0.8660254037844387076, 1.000000000000000000, 0.8660254037844387076, 1.000000000000000000, 0.8660254037844387076, 1.000000000000000000, 0.8660254037844387076, 1.000000000000000000, 0.8660254037844387076, 1.000000000000000000, 0.8660254037844387076, 1.000000000000000000, 0.8660254037844387076, 1.000000000000000000, 0.8660254037844387076, 1.000000000000000000, 0.8660254037844387076, 1.000000000000000000, 0.8660254037844387076, 1.000000000000000000, 0.8660254037844387076, 1.000000000000000000, 0.8660254037844387076, 1.000000000000000000, 0.8660254037844387076, 1.000000000000000000, 0.8660254037844387076, 1.000000000000000000, 0.8660254037844387076, 1.000000000000000000, 0.8660254037844387076, 1.000000000000000000, 0.8660254037844387076, 1.000000000000000000, 0.8660254037844387076, 1.000000000000000000, 0.8660254037844387076, 1.000000000000000000, 0.8660254037844387076, 1.000000000000000000, 0.8660254037844387076, 1.000000000000000000, 0.8660254037844387076, 1.000000000000000000, 0.8660254037844387076, 1.000000000000000000, 0.8660254037844387076, 1.000000000000000000, 0.8660254037844387076, 1.000000000000000000, 0.8660254037844387076, 1.000000000000000000, 0.8660254037844387076, 1.000000000000000000, 0.8660254037844387076, 1.000000000000000000, 0.8660254037844387076, 1.000000000000000000, 0.8660254037844387076, 1.000000000000000000, 0.8660254037844387076, 1.000000000000000000, 0.8660254037844387076, 1.000000000000000000, 0.8660254037844387076, 1.000000000000000000, 0.8660254037844387076, 1.000000000000000000, 0.8660254037844387076, 1.000000000000000000, 0.8660254037844387076, 1.000000000000000000, 0.8660254037844387076, 1.000000000000000000, 0.8660254037844387076, 1.000000000000000000, 0.8660254037844387076, 1.000000000000000000, 0.8660254037844387076, 1.000000000000000000, 0.8660254037844387076, 1.000000000000000000, 0.8660254037844387076, 1.000000000000000000, 0.8660254037844387076, 1.000000000000000000, 0.8660254037844387076, 1.000000000000000000),
 ( 1.000000000000000000, 0.8660254037844387076, 1.000000000000000000, 0.8660254037844387076, 1.000000000000000000, 0.8660254037844387076, 1.000000000000000000, 0.8660254037844387076, 1.000000000000000000, 0.8660254037844387076, 1.000000000000000000, 0.8660254037844387076, 1.000000000000000000, 0.8660254037844387076, 1.000000000000000000, 0.8660254037844387076, 1.000000000000000000, 0.8660254037844387076, 1.000000000000000000, 0.8660254037844387076, 1.000000000000000000, 0.8660254037844387076, 1.000000000000000000, 0.8660254037844387076, 1.000000000000000000, 0.8660254037844387076, 1.000000000000000000, 0.8660254037844387076, 1.000000000000000000, 0.8660254037844387076, 1.000000000000000000, 0.8660254037844387076, 1.000000000000000000, 0.8660254037844387076, 1.000000000000000000, 0.8660254037844387076, 1.000000000000000000, 0.8660254037844387076, 1.000000000000000000, 0.8660254037844387076, 1.000000000000000000, 0.8660254037844387076, 1.000000000000000000, 0.8660254037844387076, 1.000000000000000000, 0.8660254037844387076, 1.000000000000000000, 0.8660254037844387076, 1.000000000000000000, 0.8660254037844387076, 1.000000000000000000, 0.8660254037844387076, 1.000000000000000000, 0.8660254037844387076, 1.000000000000000000, 0.8660254037844387076, 1.000000000000000000, 0.8660254037844387076, 1.000000000000000000, 0.8660254037844387076, 1.000000000000000000, 0.8660254037844387076, 1.000000000000000000, 0.8660254037844387076, 1.000000000000000000, 0.8660254037844387076, 1.000000000000000000, 0.8660254037844387076, 1.000000000000000000, 0.8660254037844387076, 1.000000000000000000, 0.8660254037844387076, 1.000000000000000000, 0.8660254037844387076, 1.000000000000000000, 0.8660254037844387076, 1.000000000000000000, 0.8660254037844387076, 1.000000000000000000, 0.8660254037844387076, 1.000000000000000000, 0.8660254037844387076, 1.000000000000000000, 0.8660254037844387076, 1.000000000000000000, 0.8660254037844387076, 1.000000000000000000, 0.8660254037844387076, 1.000000000000000000, 0.8660254037844387076, 1.000000000000000000, 0.8660254037844387076, 1.000000000000000000, 0.8660254037844387076, 1.000000000000000000, 0.8660254037844387076, 1.000000000000000000, 0.8660254037844387076, 1.000000000000000000, 0.8660254037844387076, 1.000000000000000000, 0.8660254037844387076, 1.000000000000000000, 0.8660254037844387076, 1.000000000000000000, 0.8660254037844387076, 1.000000000000000000, 0.8660254037844387076, 1.000000000000000000, 0.8660254037844387076, 1.000000000000000000, 0.8660254037844387076, 1.000000000000000000, 0.8660254037844387076, 1.000000000000000000, 0.8660254037844387076, 1.000000000000000000, 0.8660254037844387076, 1.000000000000000000, 0.8660254037844387076, 1.000000000000000000, 0.8660254037844387076, 1.000000000000000000, 0.8660254037844387076, 1.000000000000000000, 0.8660254037844387076, 1.000000000000000000, 0.8660254037844387076, 1.000000000000000000, 0.8660254037844387076, 1.000000000000000000, 0.8660254037844387076, 1.000000000000000000, 0.8660254037844387076, 1.000000000000000000, 0.8660254037844387076, 1.000000000000000000, 0.8660254037844387076, 1.000000000000000000, 0.8660254037844387076, 1.000000000000000000, 0.8660254037844387076, 1.000000000000000000, 0.8660254037844387076, 1.000000000000000000, 0.8660254037844387076, 1.000000000000000000, 0.8660254037844387076, 1.000000000000000000, 0.8660254037844387076, 1.000000000000000000, 0.8660254037844387076, 1.000000000000000000, 0.8660254037844387076, 1.000000000000000000, 0.8660254037844387076, 1.000000000000000000, 0.8660254037844387076, 1.000000000000000000, 0.8660254037844387076, 1.000000000000000000, 0.8660254037844387076, 1.000000000000000000, 0.8660254037844387076, 1.000000000000000000, 0.8660254037844387076, 1.000000000000000000, 0.8660254037844387076, 1.000000000000000000, 0.8660254037844387076, 1.000000000000000000, 0.8660254037844387076, 1.000000000000000000) ) ) 
 REPRESENTATION_ITEM ( '' )  SURFACE ( )  );
#1726 = CARTESIAN_POINT ( 'NONE',  ( 0.000000000000000000, 0.9577164262227705338, -3.225000000000002309 ) ) ;
#1727 = CARTESIAN_POINT ( 'NONE',  ( -1.763300807568873196, -2.966513306368321794E-15, -5.328125000000003553 ) ) ;
#1728 = VERTEX_POINT ( 'NONE', #6233 ) ;
#1729 = CARTESIAN_POINT ( 'NONE',  ( 0.000000000000000000, -4.041334437186261072E-16, 6.649999999999999467 ) ) ;
#1731 = ADVANCED_FACE ( 'NONE', ( #1185 ), #6835, .T. ) ;
#1730 = ORIENTED_EDGE ( 'NONE', *, *, #2595, .F. ) ;
#1732 = CARTESIAN_POINT ( 'NONE',  ( 0.7216878364870319418, -1.249999999999997113, 0.8624999999999928280 ) ) ;
#1733 = CARTESIAN_POINT ( 'NONE',  ( -1.357050807568874085, 5.902338433609357209E-15, -2.562500000000008438 ) ) ;
#1734 = CARTESIAN_POINT ( 'NONE',  ( -2.799999999999998490, 0.000000000000000000, 0.000000000000000000 ) ) ;
#1735 = CARTESIAN_POINT ( 'NONE',  ( 1.732050807568876971, -3.392656912481952001E-15, -0.6250000000000099920 ) ) ;
#1736 = CARTESIAN_POINT ( 'NONE',  ( -1.870113174931179184E-16, -1.527063293868263338, 2.765624999999980904 ) ) ;
#1737 = CARTESIAN_POINT ( 'NONE',  ( 1.017788105676656008, 0.5876202367904124202, -2.333333333333342807 ) ) ;
#1738 = CARTESIAN_POINT ( 'NONE',  ( -3.000000000000000000, -5.064582904840234434, -7.800000000000005151 ) ) ;
#1739 = CARTESIAN_POINT ( 'NONE',  ( 3.000000000000000000, -5.064582904840245980, 7.799999999999995381 ) ) ;
#1740 = DIRECTION ( 'NONE',  ( 0.000000000000000000, 0.000000000000000000, -1.000000000000000000 ) ) ;
#1741 = CARTESIAN_POINT ( 'NONE',  ( 0.000000000000000000, 0.9577164262227702007, 2.624999999999997335 ) ) ;
#1742 = DIRECTION ( 'NONE',  ( 0.000000000000000000, -0.6273058375655470309, -0.7787730004026766073 ) ) ;
#1743 = CARTESIAN_POINT ( 'NONE',  ( 1.105875672974081736, 3.374686182022972176E-15, -2.437500000000002665 ) ) ;
#1744 = CARTESIAN_POINT ( 'NONE',  ( -1.357050807568873863, -2.991388944476002371E-15, 2.937499999999979572 ) ) ;
#1745 = CARTESIAN_POINT ( 'NONE',  ( 0.7357503364870390250, 1.274356964481451193, 2.404687499999996092 ) ) ;
#1746 = CARTESIAN_POINT ( 'NONE',  ( 0.000000000000000000, 1.250000000000003997, 2.456250000000002487 ) ) ;
#1747 = CARTESIAN_POINT ( 'NONE',  ( 0.8660254037844381525, -1.500000000000003331, 4.791666666666645646 ) ) ;
#1748 = CARTESIAN_POINT ( 'NONE',  ( -0.8294067547305612464, 0.4788582131113870988, 0.5062499999999984235 ) ) ;
#1749 = CARTESIAN_POINT ( 'NONE',  ( 1.209264747165909148E-14, 1.175240473580829725, 1.249999999999982903 ) ) ;
#1750 = B_SPLINE_CURVE_WITH_KNOTS ( 'NONE', 3,
 ( #6334, #2977, #4008, #772 ),
 .UNSPECIFIED., .F., .F.,
 ( 4, 4 ),
 ( 0.000000000000000000, 0.0002889088506456978620 ),
 .UNSPECIFIED. ) ;
#1751 = CARTESIAN_POINT ( 'NONE',  ( -0.5529378364870412010, -0.9577164262227633174, -2.081250000000001599 ) ) ;
#1752 = CARTESIAN_POINT ( 'NONE',  ( -1.105875672974081736, 3.432339245436224121E-15, 1.837499999999997025 ) ) ;
#1753 = CARTESIAN_POINT ( 'NONE',  ( 1.763300807568873196, -3.398397444352954028E-15, 4.921874999999975131 ) ) ;
#1754 = CARTESIAN_POINT ( 'NONE',  ( -0.5529378364870407569, 0.9577164262227702007, 2.718749999999998224 ) ) ;
#1755 = ADVANCED_FACE ( 'NONE', ( #6526 ), #4062, .T. ) ;
#1756 = CARTESIAN_POINT ( 'NONE',  ( -1.299038105676658006, -0.7500000000000026645, -3.770833333333341919 ) ) ;
#1757 = CARTESIAN_POINT ( 'NONE',  ( -1.034026860050032859, -0.4416341581190588172, 3.449999999999996181 ) ) ;
#1758 = CARTESIAN_POINT ( 'NONE',  ( -0.7357503364870382478, 1.274356964481451637, -2.948437500000000266 ) ) ;
#1759 = PERSON_AND_ORGANIZATION_ROLE ( 'classification_officer' ) ;
#1760 = CARTESIAN_POINT ( 'NONE',  ( -1.172864355864553979E-16, -0.9577164262227634284, -3.000000000000002220 ) ) ;
#1761 = CARTESIAN_POINT ( 'NONE',  ( -1.763300807568873196, -2.966513306368321794E-15, -2.828125000000008438 ) ) ;
#1762 = EDGE_LOOP ( 'NONE', ( #3957, #1474, #3036, #6727 ) ) ;
#1763 = CARTESIAN_POINT ( 'NONE',  ( -1.017788105676657562, -0.5876202367904160839, -3.520833333333339699 ) ) ;
#1764 = DIRECTION ( 'NONE',  ( -0.000000000000000000, 3.538566068381623796E-16, 1.000000000000000000 ) ) ;
#1765 = CARTESIAN_POINT ( 'NONE',  ( -1.530808498934192310E-16, -1.249999999999996669, -1.425000000000006928 ) ) ;
#1766 = CARTESIAN_POINT ( 'NONE',  ( -1.017788105676653787, 0.5876202367904163060, -1.604166666666677399 ) ) ;
#1767 = DIRECTION ( 'NONE',  ( 0.5000000000000101030, -0.8660254037844328234, 5.457635026140483604E-16 ) ) ;
#1768 = CARTESIAN_POINT ( 'NONE',  ( -0.8660254037844391517, -1.500000000000002665, -1.291666666666676067 ) ) ;
#1769 = AXIS2_PLACEMENT_3D ( 'NONE', #5157, #3350, #3416 ) ;
#1770 = CARTESIAN_POINT ( 'NONE',  ( -1.322475605676655119, -0.7635316469341328904, 1.682291666666649643 ) ) ;
#1771 = CARTESIAN_POINT ( 'NONE',  ( -0.6785254037844372643, -1.175240473580835721, 0.4583333333333183823 ) ) ;
#1772 = EDGE_CURVE ( 'NONE', #368, #5156, #1555, .T. ) ;
#1773 = VERTEX_POINT ( 'NONE', #7150 ) ;
#1774 = CARTESIAN_POINT ( 'NONE',  ( 0.7655125943172920167, -0.9924887765155375741, -2.667993428329800132 ) ) ;
#1775 = AXIS2_PLACEMENT_3D ( 'NONE', #2318, #6812, #6776 ) ;
#1776 = FACE_OUTER_BOUND ( 'NONE', #6767, .T. ) ;
#1777 = CARTESIAN_POINT ( 'NONE',  ( -3.000000000000000000, -4.171930009000630157, 5.020458146424486401 ) ) ;
#1778 = CARTESIAN_POINT ( 'NONE',  ( 0.5529378364870414231, 0.9577164262227698677, 2.587499999999996803 ) ) ;
#1779 = DIRECTION ( 'NONE',  ( 0.000000000000000000, -0.7428473403867574820, -0.6694608494007107113 ) ) ;
#1780 = CARTESIAN_POINT ( 'NONE',  ( 0.8294067547305616905, 0.4788582131113863216, -1.500000000000002442 ) ) ;
#1781 = CARTESIAN_POINT ( 'NONE',  ( 0.6785254037844377084, 1.175240473580829059, 5.270833333333308168 ) ) ;
#1782 = CARTESIAN_POINT ( 'NONE',  ( -1.172864355864553979E-16, -0.9577164262227634284, -2.493750000000001688 ) ) ;
#1783 = ORIENTED_EDGE ( 'NONE', *, *, #1861, .F. ) ;
#1784 = CARTESIAN_POINT ( 'NONE',  ( 0.7216878364870332740, 1.250000000000003553, 1.518750000000002487 ) ) ;
#1785 = CARTESIAN_POINT ( 'NONE',  ( -0.8294067547305613575, -0.4788582131113799933, 2.831249999999998046 ) ) ;
#1786 = CARTESIAN_POINT ( 'NONE',  ( 1.017788105676665333, 0.5876202367903964330, 2.166666666666647423 ) ) ;
#1787 = CARTESIAN_POINT ( 'NONE',  ( -0.8294067547305612464, 0.4788582131113870988, -0.3937500000000017097 ) ) ;
#1788 = CARTESIAN_POINT ( 'NONE',  ( 1.017788105676656008, 0.5876202367904124202, -2.270833333333342363 ) ) ;
#1789 = CARTESIAN_POINT ( 'NONE',  ( -1.471500672974076718, 3.598502692200081698E-15, -1.045312500000003197 ) ) ;
#1790 = ORIENTED_EDGE ( 'NONE', *, *, #7217, .F. ) ;
#1791 = CARTESIAN_POINT ( 'NONE',  ( -0.8816504037844370423, -1.527063293868262894, 4.255208333333308168 ) ) ;
#1792 = CARTESIAN_POINT ( 'NONE',  ( 0.5529378364870405349, -0.9577164262227638725, 2.043749999999997957 ) ) ;
#1793 = CARTESIAN_POINT ( 'NONE',  ( -0.8660254037844388186, -1.500000000000002665, -3.729166666666675400 ) ) ;
#1794 = DIRECTION ( 'NONE',  ( -0.000000000000000000, -0.000000000000000000, 1.000000000000000000 ) ) ;
#1795 = CARTESIAN_POINT ( 'NONE',  ( -1.560637177523342561E-16, -1.274356964481444310, -1.860937500000000799 ) ) ;
#1796 = PERSON_AND_ORGANIZATION ( #6017, #2973 ) ;
#1797 = CARTESIAN_POINT ( 'NONE',  ( -0.8294067547305613575, -0.4788582131113799378, 2.324999999999997069 ) ) ;
#1798 = CARTESIAN_POINT ( 'NONE',  ( 1.322475605676655563, 0.7635316469341260071, -5.036458333333337478 ) ) ;
#1799 = ORIENTED_EDGE ( 'NONE', *, *, #7245, .F. ) ;
#1800 = CARTESIAN_POINT ( 'NONE',  ( 1.017788105676655341, -0.5876202367904199697, -4.854166666666669627 ) ) ;
#1801 = EDGE_CURVE ( 'NONE', #3828, #3828, #4815, .T. ) ;
#1802 = ADVANCED_FACE ( 'NONE', ( #1932 ), #3432, .T. ) ;
#1803 = CARTESIAN_POINT ( 'NONE',  ( 1.443375672974064994, 3.099480080596866768E-15, 1.837499999999993250 ) ) ;
#1804 = CARTESIAN_POINT ( 'NONE',  ( 0.6785254037844242747, -1.175240473580843048, 1.104166666666650087 ) ) ;
#1805 = CARTESIAN_POINT ( 'NONE',  ( 1.347036657157384631, -0.6215163977924004213, 4.939071485074983059 ) ) ;
#1806 = CARTESIAN_POINT ( 'NONE',  ( -1.732050807568876971, -2.968426816991988742E-15, -3.375000000000004441 ) ) ;
#1807 = CARTESIAN_POINT ( 'NONE',  ( -0.8816504037844372643, -1.527063293868263116, 2.223958333333314830 ) ) ;
#1808 = CC_DESIGN_APPROVAL ( #6679, ( #5797 ) ) ;
#1809 = CARTESIAN_POINT ( 'NONE',  ( -1.017788105676655563, 0.5876202367904134194, -0.1666666666666803964 ) ) ;
#1810 = ORIENTED_EDGE ( 'NONE', *, *, #5386, .F. ) ;
#1811 = CARTESIAN_POINT ( 'NONE',  ( -1.152542507621084900, -0.001730017178967295120, -2.769379394652375481 ) ) ;
#1812 = ORIENTED_EDGE ( 'NONE', *, *, #235, .F. ) ;
#1813 = CARTESIAN_POINT ( 'NONE',  ( -0.01658324999006316469, 1.095000359482443120, 3.000000000000000000 ) ) ;
#1814 = DIRECTION ( 'NONE',  ( 1.000000000000000000, 0.000000000000000000, 0.000000000000000000 ) ) ;
#1815 = CARTESIAN_POINT ( 'NONE',  ( -0.8294067547305613575, -0.4788582131113799378, 1.874999999999997335 ) ) ;
#1816 = CARTESIAN_POINT ( 'NONE',  ( 0.5529378364870405349, -0.9577164262227636504, -1.612500000000002487 ) ) ;
#1817 = CARTESIAN_POINT ( 'NONE',  ( 1.017788105676656008, 0.5876202367904124202, 6.229166666666639429 ) ) ;
#1818 = CARTESIAN_POINT ( 'NONE',  ( -0.5529378364870407569, 0.9577164262227705338, -2.231250000000001510 ) ) ;
#1819 = AXIS2_PLACEMENT_3D ( 'NONE', #1351, #5652, #608 ) ;
#1820 = AXIS2_PLACEMENT_3D ( 'NONE', #3921, #611, #6183 ) ;
#1821 = CARTESIAN_POINT ( 'NONE',  ( -1.082531754730548856, -0.6249999999999965583, 1.256250000000002975 ) ) ;
#1822 = CARTESIAN_POINT ( 'NONE',  ( -1.105875672974081736, 3.407090887344467147E-15, 2.343749999999997780 ) ) ;
#1823 = CARTESIAN_POINT ( 'NONE',  ( -0.6785254037844277164, 1.175240473580835054, 2.291666666666647867 ) ) ;
#1824 = CARTESIAN_POINT ( 'NONE',  ( -0.8294067547305612464, 0.4788582131113871543, -1.293750000000001510 ) ) ;
#1825 = CARTESIAN_POINT ( 'NONE',  ( -1.439254484199186421E-16, -1.175240473580835721, -3.937500000000005329 ) ) ;
#1826 = AXIS2_PLACEMENT_3D ( 'NONE', #6372, #6413, #1294 ) ;
#1827 = CARTESIAN_POINT ( 'NONE',  ( 0.000000000000000000, 1.274356964481451415, -0.7078125000000031752 ) ) ;
#1828 = CARTESIAN_POINT ( 'NONE',  ( -1.322475605676654897, 0.7635316469341272283, 2.630208333333312609 ) ) ;
#1829 = CARTESIAN_POINT ( 'NONE',  ( 0.5529378364870414231, 0.9577164262227699787, 1.293749999999997957 ) ) ;
#1830 = CARTESIAN_POINT ( 'NONE',  ( -1.299038105676658006, -0.7500000000000026645, -1.770833333333346360 ) ) ;
#1831 = CYLINDRICAL_SURFACE ( 'NONE', #634, 0.7946314968241675603 ) ;
#1832 = CARTESIAN_POINT ( 'NONE',  ( -0.7357503364870382478, 1.274356964481451637, -1.148437500000000666 ) ) ;
#1833 = COORDINATED_UNIVERSAL_TIME_OFFSET ( 6, 0, .BEHIND. ) ;
#1834 = CARTESIAN_POINT ( 'NONE',  ( -0.5529378364870407569, 0.9577164262227705338, -2.287500000000002309 ) ) ;
#1835 = CARTESIAN_POINT ( 'NONE',  ( 1.322475605676654453, -0.7635316469341337786, -5.119791666666669627 ) ) ;
#1836 = CARTESIAN_POINT ( 'NONE',  ( 1.017788105676654453, -0.5876202367904211910, -3.854166666666672292 ) ) ;
#1837 = CARTESIAN_POINT ( 'NONE',  ( 1.082531754730549078, 0.6250000000000027756, 0.9749999999999925393 ) ) ;
#1838 = CARTESIAN_POINT ( 'NONE',  ( -1.554831313593009761E-14, -1.175240473580835721, 0.06249999999998617772 ) ) ;
#1839 = CARTESIAN_POINT ( 'NONE',  ( -0.8473157484121002225, 1.467593926302968699, 3.449999999999995737 ) ) ;
#1840 = CARTESIAN_POINT ( 'NONE',  ( -1.299038105676658006, 0.7499999999999971134, -3.416666666666670960 ) ) ;
#1841 = CARTESIAN_POINT ( 'NONE',  ( -1.322475605676655119, 0.7635316469341273393, 2.598958333333314386 ) ) ;
#1842 = CARTESIAN_POINT ( 'NONE',  ( -1.017788105676655563, -0.5876202367904191926, 0.4166666666666519747 ) ) ;
#1843 = ORIENTED_EDGE ( 'NONE', *, *, #4095, .F. ) ;
#1844 = CARTESIAN_POINT ( 'NONE',  ( -0.2608820507055568672, 1.060601124056412603, -2.830372123306251542 ) ) ;
#1845 = ORIENTED_EDGE ( 'NONE', *, *, #6719, .F. ) ;
#1846 = CYLINDRICAL_SURFACE ( 'NONE', #2466, 2.449999999999999734 ) ;
#1847 = FACE_BOUND ( 'NONE', #2130, .T. ) ;
#1848 = EDGE_CURVE ( 'NONE', #3676, #4421, #979, .T. ) ;
#1849 = CARTESIAN_POINT ( 'NONE',  ( 0.5529378364870405349, -0.9577164262227637614, 1.987499999999996936 ) ) ;
#1850 = CARTESIAN_POINT ( 'NONE',  ( 1.105875672974081736, 3.352243197052522234E-15, -1.987500000000002487 ) ) ;
#1851 = CARTESIAN_POINT ( 'NONE',  ( 1.357050807568873863, -3.323770530029912691E-15, 5.687499999999973355 ) ) ;
#1852 = CARTESIAN_POINT ( 'NONE',  ( 0.7216878364870319418, -1.249999999999997113, 0.4687500000000028866 ) ) ;
#1853 = CARTESIAN_POINT ( 'NONE',  ( -0.8294067547305613575, -0.4788582131113798823, 1.031249999999998224 ) ) ;
#1854 = CARTESIAN_POINT ( 'NONE',  ( -1.017788105676658672, -0.5876202367904138635, 0.9166666666666507535 ) ) ;
#1855 = CARTESIAN_POINT ( 'NONE',  ( 1.105875672974081736, 3.349437823931214808E-15, -1.931250000000001688 ) ) ;
#1856 = CARTESIAN_POINT ( 'NONE',  ( -0.6785254037844368202, 1.175240473580829503, -2.645833333333341475 ) ) ;
#1857 = CARTESIAN_POINT ( 'NONE',  ( 0.7357503364870378038, -1.274356964481444754, -2.245312500000002931 ) ) ;
#1858 = ORIENTED_EDGE ( 'NONE', *, *, #6972, .F. ) ;
#1859 = EDGE_LOOP ( 'NONE', ( #7140, #5980, #697, #4576 ) ) ;
#1860 = CARTESIAN_POINT ( 'NONE',  ( 1.322475605676654453, -0.7635316469341337786, 2.880208333333312609 ) ) ;
#1861 = EDGE_CURVE ( 'NONE', #3996, #1691, #3075, .T. ) ;
#1862 = CARTESIAN_POINT ( 'NONE',  ( -0.8294067547305613575, -0.4788582131113799378, 2.381249999999997868 ) ) ;
#1863 = CARTESIAN_POINT ( 'NONE',  ( 0.8660254037844393737, 1.499999999999996669, -2.979166666666677621 ) ) ;
#1864 = CARTESIAN_POINT ( 'NONE',  ( 0.000000000000000000, -2.838437965211837159E-15, 4.675240473580835499 ) ) ;
#1865 = CARTESIAN_POINT ( 'NONE',  ( 1.471500672974076718, 3.273156138396233973E-15, -1.748437500000000755 ) ) ;
#1866 = DATE_AND_TIME ( #3511, #4509 ) ;
#1867 = CARTESIAN_POINT ( 'NONE',  ( 0.5529378364870405349, -0.9577164262227636504, -1.612500000000002487 ) ) ;
#1868 = CARTESIAN_POINT ( 'NONE',  ( 0.000000000000000000, 1.527063293868257121, -3.953125000000006217 ) ) ;
#1869 = CARTESIAN_POINT ( 'NONE',  ( -0.7216878364870328300, -1.249999999999996891, 1.237499999999992939 ) ) ;
#1870 = CARTESIAN_POINT ( 'NONE',  ( -0.6785254037844484776, -1.175240473580829059, 1.520833333333315940 ) ) ;
#1871 = CARTESIAN_POINT ( 'NONE',  ( 0.3552947971986792908, -1.359235042310077635, 4.893472871251755230 ) ) ;
#1872 = CARTESIAN_POINT ( 'NONE',  ( 0.000000000000000000, 1.499999999999996669, -3.500000000000003997 ) ) ;
#1873 = CARTESIAN_POINT ( 'NONE',  ( 0.000000000000000000, 1.527063293868257343, 1.515624999999983125 ) ) ;
#1874 = CARTESIAN_POINT ( 'NONE',  ( 1.017788105676655341, -0.5876202367904199697, 1.083333333333316384 ) ) ;
#1875 = ORIENTED_EDGE ( 'NONE', *, *, #6093, .F. ) ;
#1876 = CARTESIAN_POINT ( 'NONE',  ( -1.126534359053346757, -0.2949863454219007752, -2.757309929210573607 ) ) ;
#1877 = EDGE_LOOP ( 'NONE', ( #2059, #281, #5838, #5676 ) ) ;
#1878 = CARTESIAN_POINT ( 'NONE',  ( -1.172648567058430791, 0.4147243101085927308, 3.000000000000043077 ) ) ;
#1879 = CARTESIAN_POINT ( 'NONE',  ( -3.000000000000000000, -2.033783684603538866, 0.9024128347050752730 ) ) ;
#1880 = CARTESIAN_POINT ( 'NONE',  ( 1.299038105676657562, -0.7500000000000035527, 4.395833333333307280 ) ) ;
#1881 = CARTESIAN_POINT ( 'NONE',  ( -0.5529378364870407569, 0.9577164262227702007, 2.662499999999997424 ) ) ;
#1882 = PERSON_AND_ORGANIZATION_ROLE ( 'creator' ) ;
#1883 = CARTESIAN_POINT ( 'NONE',  ( -1.105875672974081736, 3.589440140229373319E-15, -1.312500000000002220 ) ) ;
#1884 = CARTESIAN_POINT ( 'NONE',  ( 1.017788105676655341, -0.5876202367904199697, 5.145833333333308168 ) ) ;
#1885 = ORIENTED_EDGE ( 'NONE', *, *, #333, .F. ) ;
#1886 = AXIS2_PLACEMENT_3D ( 'NONE', #3653, #4000, #3144 ) ;
#1887 = ADVANCED_FACE ( 'NONE', ( #6774 ), #3415, .T. ) ;
#1888 = EDGE_CURVE ( 'NONE', #6995, #3598, #7266, .T. ) ;
#1889 = CARTESIAN_POINT ( 'NONE',  ( 1.082531754730548856, 0.6250000000000028866, -1.218749999999996891 ) ) ;
#1890 = CARTESIAN_POINT ( 'NONE',  ( 0.5529378364870414231, 0.9577164262227699787, 1.293749999999997957 ) ) ;
#1891 = CARTESIAN_POINT ( 'NONE',  ( -0.6785254037844264952, 1.175240473580835499, 4.291666666666642982 ) ) ;
#1892 = CARTESIAN_POINT ( 'NONE',  ( -0.8294067547305613575, -0.4788582131113797713, -0.7687500000000015987 ) ) ;
#1893 = CARTESIAN_POINT ( 'NONE',  ( -0.6785254037844372643, -1.175240473580835721, -3.979166666666672292 ) ) ;
#1894 = CARTESIAN_POINT ( 'NONE',  ( 1.103625504730557871, 0.6371784822407265958, -1.682812500000003153 ) ) ;
#1895 = CARTESIAN_POINT ( 'NONE',  ( -0.8816504037844364872, 1.527063293868256899, 6.588541666666637653 ) ) ;
#1896 = ORIENTED_EDGE ( 'NONE', *, *, #3161, .T. ) ;
#1897 = FACE_OUTER_BOUND ( 'NONE', #6894, .T. ) ;
#1898 = CARTESIAN_POINT ( 'NONE',  ( -1.836970198721029688E-16, -1.500000000000002887, -3.187500000000009770 ) ) ;
#1899 = CARTESIAN_POINT ( 'NONE',  ( 2.866682547644414658, -5.103952732046631802, 7.933317452355582056 ) ) ;
#1900 = CARTESIAN_POINT ( 'NONE',  ( 0.000000000000000000, 1.274356964481451637, -1.635937500000000933 ) ) ;
#1901 = SECURITY_CLASSIFICATION_LEVEL ( 'unclassified' ) ;
#1902 = CARTESIAN_POINT ( 'NONE',  ( 1.105875672974081736, 3.307357227111622350E-15, -1.087500000000002576 ) ) ;
#1903 = CARTESIAN_POINT ( 'NONE',  ( -1.322475605676654897, -0.7635316469341327794, -2.286458333333343251 ) ) ;
#1904 = CARTESIAN_POINT ( 'NONE',  ( -0.7216878364870322748, 1.250000000000003775, 1.537499999999992983 ) ) ;
#1905 = CARTESIAN_POINT ( 'NONE',  ( 1.357050807568874085, -9.722956040115438404E-15, 1.187499999999983347 ) ) ;
#1906 = APPROVAL ( #5398, 'UNSPECIFIED' ) ;
#1907 = CARTESIAN_POINT ( 'NONE',  ( -2.799999999999998046, -5.020458146424486401, 4.171930009000630157 ) ) ;
#1908 = CARTESIAN_POINT ( 'NONE',  ( -1.732050807568876971, -2.968426816991988742E-15, -3.875000000000003553 ) ) ;
#1909 = CARTESIAN_POINT ( 'NONE',  ( 1.322475605676654675, -0.7635316469341338896, 4.348958333333310833 ) ) ;
#1910 = CARTESIAN_POINT ( 'NONE',  ( -1.017788105676655563, 0.5876202367904134194, 3.333333333333311277 ) ) ;
#1911 = EDGE_LOOP ( 'NONE', ( #3636, #913 ) ) ;
#1912 = CARTESIAN_POINT ( 'NONE',  ( -0.8994798301350841463, 0.6746764499392458037, 4.499999999999996447 ) ) ;
#1913 = CONICAL_SURFACE ( 'NONE', #6379, 1.154700538379250796, 0.7853981633974500554 ) ;
#1914 = EDGE_LOOP ( 'NONE', ( #2061, #5261 ) ) ;
#1915 = CYLINDRICAL_SURFACE ( 'NONE', #6821, 0.7946314968241675603 ) ;
#1916 = CARTESIAN_POINT ( 'NONE',  ( 0.1345470299149619242, -1.116310608058312726, 3.449999999999996625 ) ) ;
#1917 = CC_DESIGN_SECURITY_CLASSIFICATION ( #4503, ( #2037 ) ) ;
#1918 = CARTESIAN_POINT ( 'NONE',  ( 1.732050807568876971, -3.392656912481952001E-15, 4.874999999999978684 ) ) ;
#1919 = CARTESIAN_POINT ( 'NONE',  ( -1.870113174931179184E-16, -1.527063293868263338, -2.734375000000007550 ) ) ;
#1920 = CARTESIAN_POINT ( 'NONE',  ( -0.5529378364870407569, 0.9577164262227704228, -0.03750000000000237865 ) ) ;
#1921 = CARTESIAN_POINT ( 'NONE',  ( 1.017788105676656008, 0.5876202367904124202, 5.229166666666640317 ) ) ;
#1922 = AXIS2_PLACEMENT_3D ( 'NONE', #1502, #1946, #941 ) ;
#1923 = CARTESIAN_POINT ( 'NONE',  ( -1.530808498934192310E-16, -1.249999999999996891, -0.4687499999999971134 ) ) ;
#1924 = CARTESIAN_POINT ( 'NONE',  ( 1.105875672974081736, 3.147450959197165726E-15, 2.118749999999998135 ) ) ;
#1925 = CARTESIAN_POINT ( 'NONE',  ( -1.017788105676643795, 0.5876202367904338475, 4.333333333333310833 ) ) ;
#1926 = CARTESIAN_POINT ( 'NONE',  ( 0.000000000000000000, 0.9577164262227703118, 1.331249999999998268 ) ) ;
#1927 = EDGE_CURVE ( 'NONE', #2721, #2721, #5207, .T. ) ;
#1928 = CARTESIAN_POINT ( 'NONE',  ( 0.6785254037844365982, -1.175240473580835721, -3.895833333333339255 ) ) ;
#1929 = AXIS2_PLACEMENT_3D ( 'NONE', #3773, #6033, #6470 ) ;
#1930 = CARTESIAN_POINT ( 'NONE',  ( -1.103625504730557649, -0.6371784822407200455, -2.357812500000003197 ) ) ;
#1931 = ORIENTED_EDGE ( 'NONE', *, *, #4088, .F. ) ;
#1932 = FACE_OUTER_BOUND ( 'NONE', #7160, .T. ) ;
#1933 = VERTEX_POINT ( 'NONE', #6230 ) ;
#1934 = CARTESIAN_POINT ( 'NONE',  ( 0.8473157484120901195, -1.467593926302972474, 3.449999999999996625 ) ) ;
#1935 = CARTESIAN_POINT ( 'NONE',  ( -3.000000000000000000, 0.000000000000000000, 0.000000000000000000 ) ) ;
#1936 = VECTOR ( 'NONE', #3399, 1000.000000000000000 ) ;
#1937 = CARTESIAN_POINT ( 'NONE',  ( -1.299038105676658006, -0.7500000000000026645, 0.2291666666666499208 ) ) ;
#1938 = CARTESIAN_POINT ( 'NONE',  ( -1.017788105676654675, 0.5876202367904150847, -4.166666666666671404 ) ) ;
#1939 = EDGE_CURVE ( 'NONE', #1953, #6633, #3311, .T. ) ;
#1940 = CARTESIAN_POINT ( 'NONE',  ( -0.7357503364870385809, -1.274356964481444088, -2.348437500000000622 ) ) ;
#1941 = CALENDAR_DATE ( 2025, 8, 10 ) ;
#1942 = CARTESIAN_POINT ( 'NONE',  ( -0.8294067547305612464, 0.4788582131113871543, -0.9000000000000023537 ) ) ;
#1943 = CARTESIAN_POINT ( 'NONE',  ( -0.8816504037844370423, -1.527063293868262894, -1.244791666666678731 ) ) ;
#1944 = CARTESIAN_POINT ( 'NONE',  ( 3.000000000000000000, 5.986031907170637822, -7.117402757069115182 ) ) ;
#1945 = CARTESIAN_POINT ( 'NONE',  ( -0.6785254037844202779, 1.175240473580838829, 0.8541666666666506424 ) ) ;
#1946 = DIRECTION ( 'NONE',  ( 1.000000000000000000, 0.000000000000000000, 0.000000000000000000 ) ) ;
#1947 = CARTESIAN_POINT ( 'NONE',  ( -1.299038105676658006, -0.7500000000000026645, -3.833333333333337034 ) ) ;
#1948 = CARTESIAN_POINT ( 'NONE',  ( -1.870113174931179184E-16, -1.527063293868263338, 3.765624999999979128 ) ) ;
#1949 = CARTESIAN_POINT ( 'NONE',  ( -1.439254484199186421E-16, -1.175240473580835721, 2.999999999999980016 ) ) ;
#1950 = EDGE_LOOP ( 'NONE', ( #5658, #2388, #6019, #4224 ) ) ;
#1951 = DIRECTION ( 'NONE',  ( 1.000000000000000000, 0.000000000000000000, -0.000000000000000000 ) ) ;
#1952 = ADVANCED_FACE ( 'NONE', ( #487 ), #4979, .F. ) ;
#1953 = VERTEX_POINT ( 'NONE', #7227 ) ;
#1954 = DIRECTION ( 'NONE',  ( -0.000000000000000000, -0.000000000000000000, 1.000000000000000000 ) ) ;
#1955 = CARTESIAN_POINT ( 'NONE',  ( -2.799999999999998490, 5.123475382979804316, 7.999999999999996447 ) ) ;
#1956 = CARTESIAN_POINT ( 'NONE',  ( 1.732050807568876971, -3.392656912481952001E-15, 3.874999999999979128 ) ) ;
#1957 = CARTESIAN_POINT ( 'NONE',  ( -1.763300807568873418, -2.966513306368321794E-15, -3.359375000000006217 ) ) ;
#1958 = CARTESIAN_POINT ( 'NONE',  ( -1.172864355864553979E-16, -0.9577164262227636504, 0.1499999999999973577 ) ) ;
#1959 = CARTESIAN_POINT ( 'NONE',  ( 1.082531754730548856, 0.6250000000000027756, 0.5812500000000027089 ) ) ;
#1960 = CARTESIAN_POINT ( 'NONE',  ( -0.8294067547305613575, -0.4788582131113796603, -3.075000000000002398 ) ) ;
#1961 = CARTESIAN_POINT ( 'NONE',  ( 1.017788105676661559, 0.5876202367904027613, 3.666666666666644314 ) ) ;
#1962 = CARTESIAN_POINT ( 'NONE',  ( 0.5529378364870414231, 0.9577164262227699787, 1.293749999999997957 ) ) ;
#1963 = CARTESIAN_POINT ( 'NONE',  ( -1.017788105676655563, 0.5876202367904134194, -0.6041666666666790642 ) ) ;
#1964 = CARTESIAN_POINT ( 'NONE',  ( -0.7357503364870385809, -1.274356964481444532, 2.179687499999996891 ) ) ;
#1965 = EDGE_LOOP ( 'NONE', ( #1034, #6300, #4121, #4321 ) ) ;
#1966 = EDGE_CURVE ( 'NONE', #441, #5910, #3904, .T. ) ;
#1967 = CARTESIAN_POINT ( 'NONE',  ( -0.9999999999999991118, 0.5773502691896252870, 5.495000000000000107 ) ) ;
#1968 = CARTESIAN_POINT ( 'NONE',  ( -2.799999999999999378, 1.791857758372713105, -0.9433296209488570838 ) ) ;
#1969 = EDGE_CURVE ( 'NONE', #368, #4558, #6739, .T. ) ;
#1970 = B_SPLINE_CURVE_WITH_KNOTS ( 'NONE', 3,
 ( #5470, #834, #3085, #3122, #6507, #296, #3701, #5362, #1539, #2053 ),
 .UNSPECIFIED., .F., .F.,
 ( 4, 2, 2, 2, 4 ),
 ( 1.010960390006517777E-17, 0.0006538075065143732602, 0.001307615013028736546, 0.001961422519543099506, 0.002615230026057462683 ),
 .UNSPECIFIED. ) ;
#1971 = DIRECTION ( 'NONE',  ( 0.000000000000000000, 0.000000000000000000, 1.000000000000000000 ) ) ;
#1972 = CARTESIAN_POINT ( 'NONE',  ( -1.299038105676658006, 0.7499999999999971134, 0.1458333333333162452 ) ) ;
#1973 = CARTESIAN_POINT ( 'NONE',  ( -1.357050807568874085, 7.487438811782423580E-16, -3.125000000000006661 ) ) ;
#1974 = CARTESIAN_POINT ( 'NONE',  ( -1.103625504730557649, -0.6371784822407202675, 2.114062499999998845 ) ) ;
#1975 = SECURITY_CLASSIFICATION_LEVEL ( 'unclassified' ) ;
#1976 = CARTESIAN_POINT ( 'NONE',  ( 1.105875672974081736, 3.240028272200272525E-15, 0.2624999999999975686 ) ) ;
#1977 = CARTESIAN_POINT ( 'NONE',  ( -0.8816504037844364872, 1.527063293868256899, -2.411458333333342807 ) ) ;
#1978 = ADVANCED_FACE ( 'NONE', ( #3349 ), #5521, .T. ) ;
#1979 = FACE_OUTER_BOUND ( 'NONE', #7188, .T. ) ;
#1980 = CARTESIAN_POINT ( 'NONE',  ( 1.266834926533876466E-14, 1.175240473580829725, 2.312499999999981348 ) ) ;
#1981 = DIRECTION ( 'NONE',  ( 0.000000000000000000, 0.000000000000000000, 1.000000000000000000 ) ) ;
#1982 = CARTESIAN_POINT ( 'NONE',  ( 1.203028277089403408, -0.2341771606581560528, -4.912518261879944781 ) ) ;
#1983 = CARTESIAN_POINT ( 'NONE',  ( -0.8816504037844365982, 1.527063293868257121, 4.557291666666642982 ) ) ;
#1984 = CARTESIAN_POINT ( 'NONE',  ( 0.000000000000000000, 1.175240473580829725, 4.249999999999976019 ) ) ;
#1985 = ORIENTED_EDGE ( 'NONE', *, *, #643, .T. ) ;
#1986 = DIRECTION ( 'NONE',  ( 0.000000000000000000, 0.000000000000000000, 1.000000000000000000 ) ) ;
#1987 = ORIENTED_EDGE ( 'NONE', *, *, #6635, .T. ) ;
#1988 = CARTESIAN_POINT ( 'NONE',  ( 1.082531754730549078, 0.6250000000000028866, -2.625000000000007105 ) ) ;
#1989 = CARTESIAN_POINT ( 'NONE',  ( 3.000000000000000000, 7.128367289874323554, -6.279839152450467310 ) ) ;
#1990 = CARTESIAN_POINT ( 'NONE',  ( 1.732050807568876971, -3.392656912481952001E-15, 3.374999999999980460 ) ) ;
#1991 = CARTESIAN_POINT ( 'NONE',  ( 1.322475605676655785, 0.7635316469341261181, -2.067708333333342363 ) ) ;
#1992 = CARTESIAN_POINT ( 'NONE',  ( 0.5529378364870405349, -0.9577164262227638725, 0.1874999999999975575 ) ) ;
#1993 = CARTESIAN_POINT ( 'NONE',  ( -1.017788105676655563, -0.5876202367904191926, -3.583333333333339699 ) ) ;
#1994 = CARTESIAN_POINT ( 'NONE',  ( -0.7216878364870322748, 1.250000000000003775, -0.6562499999999968914 ) ) ;
#1995 = CARTESIAN_POINT ( 'NONE',  ( -1.105875672974081736, 3.611883125199824049E-15, -1.762500000000002398 ) ) ;
#1996 = CC_DESIGN_DATE_AND_TIME_ASSIGNMENT ( #6622, #2986, ( #5797 ) ) ;
#1997 = CARTESIAN_POINT ( 'NONE',  ( 1.017788105676666000, 0.5876202367903954338, 4.166666666666642982 ) ) ;
#1998 = CARTESIAN_POINT ( 'NONE',  ( 0.8294067547305610244, -0.4788582131113804929, 1.631249999999998090 ) ) ;
#1999 = CARTESIAN_POINT ( 'NONE',  ( -0.6785254037844372643, -1.175240473580835721, 0.5208333333333183823 ) ) ;
#2000 = AXIS2_PLACEMENT_3D ( 'NONE', #7191, #7153, #2103 ) ;
#2001 = CARTESIAN_POINT ( 'NONE',  ( 1.103625504730557871, 0.6371784822407264848, 0.5671874999999965139 ) ) ;
#2002 = ORIENTED_EDGE ( 'NONE', *, *, #5679, .F. ) ;
#2003 = LINE ( 'NONE', #3617, #3988 ) ;
#2004 = FACE_OUTER_BOUND ( 'NONE', #119, .T. ) ;
#2005 = CARTESIAN_POINT ( 'NONE',  ( 1.299038105676658450, 0.7499999999999958922, -0.5208333333333490245 ) ) ;
#2006 = CARTESIAN_POINT ( 'NONE',  ( 2.878508968398372841E-16, 1.175240473580829725, -4.750000000000004441 ) ) ;
#2007 = CARTESIAN_POINT ( 'NONE',  ( -0.7357503364870385809, -1.274356964481444532, -0.09843750000000087153 ) ) ;
#2008 = CARTESIAN_POINT ( 'NONE',  ( 0.5529378364870414231, 0.9577164262227702007, -0.1125000000000023620 ) ) ;
#2009 = CARTESIAN_POINT ( 'NONE',  ( -1.763300807568873196, -2.966513306368321794E-15, -1.828125000000010658 ) ) ;
#2010 = DIRECTION ( 'NONE',  ( 0.000000000000000000, 2.664535259100375303E-15, -1.000000000000000000 ) ) ;
#2011 = CARTESIAN_POINT ( 'NONE',  ( -1.357050807568874085, 1.022329904581018979E-14, 3.937499999999977351 ) ) ;
#2012 = CARTESIAN_POINT ( 'NONE',  ( 0.9218689959748742613, 0.6224592253955872900, 6.604891043794038019 ) ) ;
#2013 = CARTESIAN_POINT ( 'NONE',  ( -1.210307295689805107, 0.3125000000000541234, 2.999999999999999556 ) ) ;
#2014 = PERSON_AND_ORGANIZATION ( #6017, #2973 ) ;
#2015 = CARTESIAN_POINT ( 'NONE',  ( -1.870113174931179184E-16, -1.527063293868263338, 4.265624999999977796 ) ) ;
#2016 = CARTESIAN_POINT ( 'NONE',  ( -0.6785254037844372643, -1.175240473580835721, 2.958333333333313053 ) ) ;
#2017 = EDGE_CURVE ( 'NONE', #3270, #1364, #3895, .T. ) ;
#2018 = EDGE_LOOP ( 'NONE', ( #3178, #6516, #1730, #6185 ) ) ;
#2019 = CARTESIAN_POINT ( 'NONE',  ( 2.866169322782479156, 1.873119963137370947, -0.9310142720214908962 ) ) ;
#2020 = VERTEX_POINT ( 'NONE', #1701 ) ;
#2021 = FACE_BOUND ( 'NONE', #2535, .T. ) ;
#2022 = DIRECTION ( 'NONE',  ( -1.000000000000000000, 0.000000000000000000, 0.000000000000000000 ) ) ;
#2023 = CARTESIAN_POINT ( 'NONE',  ( 1.732050807568876971, -3.392656912481952001E-15, 2.374999999999983125 ) ) ;
#2024 = CARTESIAN_POINT ( 'NONE',  ( -0.8816504037844372643, -1.527063293868263116, -3.276041666666672292 ) ) ;
#2025 = VERTEX_POINT ( 'NONE', #10 ) ;
#2026 = CARTESIAN_POINT ( 'NONE',  ( -1.172864355864553979E-16, -0.9577164262227636504, 1.499999999999996891 ) ) ;
#2027 = CARTESIAN_POINT ( 'NONE',  ( 0.6785254037844377084, 1.175240473580829059, 7.270833333333304616 ) ) ;
#2028 = AXIS2_PLACEMENT_3D ( 'NONE', #1864, #215, #69 ) ;
#2029 = CARTESIAN_POINT ( 'NONE',  ( 0.9973480607577211998, -0.7725424859373326569, -2.652602549156236833 ) ) ;
#2030 = AXIS2_PLACEMENT_3D ( 'NONE', #4534, #1146, #3381 ) ;
#2031 = CARTESIAN_POINT ( 'NONE',  ( 0.8294067547305616905, 0.4788582131113863216, -1.050000000000002265 ) ) ;
#2032 = CARTESIAN_POINT ( 'NONE',  ( 1.324405105901843943E-14, 1.175240473580829725, 3.249999999999978684 ) ) ;
#2033 = CARTESIAN_POINT ( 'NONE',  ( 0.5529378364870414231, 0.9577164262227699787, 2.193749999999997868 ) ) ;
#2034 = CARTESIAN_POINT ( 'NONE',  ( -0.6785254037844368202, 1.175240473580829503, -0.6458333333333463600 ) ) ;
#2035 = CARTESIAN_POINT ( 'NONE',  ( 0.000000000000000000, 1.274356964481451415, 1.542187499999996714 ) ) ;
#2036 = EDGE_LOOP ( 'NONE', ( #3722, #2905, #366, #2423 ) ) ;
#2037 = PRODUCT_DEFINITION_FORMATION_WITH_SPECIFIED_SOURCE ( 'ANY', '', #316, .NOT_KNOWN. ) ;
#2038 = ADVANCED_FACE ( 'NONE', ( #6085, #2244 ), #6704, .T. ) ;
#2039 = CARTESIAN_POINT ( 'NONE',  ( 3.000000000000000000, -7.799999999999997158, -5.123475382979802539 ) ) ;
#2040 =( BOUNDED_SURFACE ( )  B_SPLINE_SURFACE ( 1, 2, ( 
 ( #4518, #1758, #6252, #1202, #3437, #5692, #1056, #3297, #3880, #5583, #719, #216, #4107, #6320, #1312, #5250, #6356, #1940, #3548, #4180, #6393, #4629, #4701, #6942, #793, #2408, #5766, #6831, #4072, #5805, #1795, #2961, #1243, #1865, #5729, #6907, #1900, #1385, #5212, #5285, #3475, #759, #3005, #2479, #178, #6979, #683, #6430, #2443, #1832, #2928, #143, #3621, #4142, #1277, #6871, #5177, #5140, #3510, #4666, #647, #1352, #3588, #2373, #4589, #5844, #2890, #3043, #255, #4736, #104, #2339, #4032, #6289, #5389, #3657, #4774, #2007, #2045, #7017, #5954, #6463, #7085, #5915, #4843, #2622, #6613, #3694, #3219, #1420, #4290, #3729, #430, #3148, #4922, #861, #2115, #5989, #7049, #3115, #5356, #1568, #3183, #4248, #4807, #321, #3080, #1458, #353, #4366, #6541, #6499, #2552, #2516, #4328, #5878, #2583, #898, #4887, #1495, #933, #5425, #7166, #390, #7127, #2081, #6024, #6577, #1531, #829, #975, #3766, #5464, #5319, #289, #2657, #1974, #4211, #1124, #2773, #5609, #7242, #2152, #5028, #6787, #6208, #1675, #603, #3802, #2695, #4955, #4441, #538, #7202, #2188, #2810, #6134, #1716, #4405, #6650, #4994, #3837, #3326, #5574, #1158, #6683, #6064, #4474, #7277, #5647, #3910, #1605, #6098 ),
 ( #1049, #5062, #3257, #2257, #6753, #4510, #3290, #5538, #1014, #3360, #5499, #2222, #464, #2846, #6716, #502, #4547, #24, #6172, #568, #2733, #3945, #1641, #3392, #5095, #62, #2297, #3871, #1085, #1751, #2400, #3502, #3579, #1855, #4582, #2882, #243, #6824, #4020, #5242, #6861, #2953, #5834, #2434, #709, #5201, #168, #4065, #5793, #639, #1824, #1303, #4659, #134, #6899, #6347, #4099, #3032, #3537, #5275, #207, #5722, #749, #2995, #1892, #5757, #6312, #5132, #5167, #4692, #95, #1270, #2330, #6933, #1787, #4132, #6382, #2471, #1338, #784, #6280, #4727, #3983, #6243, #1195, #3427, #1234, #5683, #3466, #2920, #674, #2366, #4617, #4278, #3105, #5904, #4202, #4169, #2541, #1448, #5455, #5380, #5347, #2505, #3610, #5416, #6966, #3684, #312, #3719, #4799, #5946, #888, #964, #6490, #4764, #6532, #7119, #3140, #1962, #1926, #2073, #4835, #4876, #6422, #1375, #7005, #6454, #1998, #1486, #345, #5979, #7041, #5310, #2575, #2649, #4318, #7077, #3755, #5869, #817, #3071, #4237, #2033, #278, #924, #3173, #380, #6568, #1409, #3647, #851, #2611, #1522, #6015, #3210, #421, #1005, #1041, #3899, #7233, #2803, #3791, #455, #6089, #4945, #4433, #6674, #16, #3281, #4913, #5565, #1632 ) ),
 .UNSPECIFIED., .F., .F., .F. ) 
 B_SPLINE_SURFACE_WITH_KNOTS ( ( 2, 2 ),
 ( 3, 2, 2, 2, 2, 2, 2, 2, 2, 2, 2, 2, 2, 2, 2, 2, 2, 2, 2, 2, 2, 2, 2, 2, 2, 2, 2, 2, 2, 2, 2, 2, 2, 2, 2, 2, 2, 2, 2, 2, 2, 2, 2, 2, 2, 2, 2, 2, 2, 2, 2, 2, 2, 2, 2, 2, 2, 2, 2, 2, 2, 2, 2, 2, 2, 2, 2, 2, 2, 2, 2, 2, 2, 2, 2, 2, 2, 2, 2, 2, 2, 2, 2, 2, 2, 2, 3 ),
 ( 0.000000000000000000, 1.000000000000000000 ),
 ( 0.000000000000000000, 0.01111111111111111154, 0.02222222222222222307, 0.03333333333333333287, 0.04444444444444444614, 0.05555555555555555247, 0.06666666666666666574, 0.07777777777777777901, 0.08888888888888889228, 0.1000000000000000056, 0.1111111111111111049, 0.1222222222222222182, 0.1333333333333333315, 0.1444444444444444309, 0.1555555555555555580, 0.1666666666666666574, 0.1777777777777777846, 0.1888888888888888840, 0.2000000000000000111, 0.2111111111111111105, 0.2222222222222222099, 0.2333333333333333370, 0.2444444444444444364, 0.2555555555555555358, 0.2666666666666666630, 0.2777777777777777901, 0.2888888888888888618, 0.2999999999999999889, 0.3111111111111111160, 0.3222222222222222432, 0.3333333333333333148, 0.3444444444444444420, 0.3555555555555555691, 0.3666666666666666408, 0.3777777777777777679, 0.3888888888888888951, 0.4000000000000000222, 0.4111111111111110938, 0.4222222222222222210, 0.4333333333333333481, 0.4444444444444444198, 0.4555555555555555469, 0.4666666666666666741, 0.4777777777777778012, 0.4888888888888888729, 0.5000000000000000000, 0.5111111111111110716, 0.5222222222222222543, 0.5333333333333333259, 0.5444444444444443976, 0.5555555555555555802, 0.5666666666666666519, 0.5777777777777777235, 0.5888888888888889062, 0.5999999999999999778, 0.6111111111111111605, 0.6222222222222222321, 0.6333333333333333037, 0.6444444444444444864, 0.6555555555555555580, 0.6666666666666666297, 0.6777777777777778123, 0.6888888888888888840, 0.6999999999999999556, 0.7111111111111111382, 0.7222222222222222099, 0.7333333333333332815, 0.7444444444444444642, 0.7555555555555555358, 0.7666666666666667185, 0.7777777777777777901, 0.7888888888888888618, 0.8000000000000000444, 0.8111111111111111160, 0.8222222222222221877, 0.8333333333333333703, 0.8444444444444444420, 0.8555555555555555136, 0.8666666666666666963, 0.8777777777777777679, 0.8888888888888888395, 0.9000000000000000222, 0.9111111111111110938, 0.9222222222222222765, 0.9333333333333333481, 0.9444444444444444198, 0.9555555555555556024 ),
 .UNSPECIFIED. ) 
 GEOMETRIC_REPRESENTATION_ITEM ( )  RATIONAL_B_SPLINE_SURFACE ( (
 ( 1.000000000000000000, 0.8660254037844387076, 1.000000000000000000, 0.8660254037844387076, 1.000000000000000000, 0.8660254037844387076, 1.000000000000000000, 0.8660254037844387076, 1.000000000000000000, 0.8660254037844387076, 1.000000000000000000, 0.8660254037844387076, 1.000000000000000000, 0.8660254037844387076, 1.000000000000000000, 0.8660254037844387076, 1.000000000000000000, 0.8660254037844387076, 1.000000000000000000, 0.8660254037844387076, 1.000000000000000000, 0.8660254037844387076, 1.000000000000000000, 0.8660254037844387076, 1.000000000000000000, 0.8660254037844387076, 1.000000000000000000, 0.8660254037844387076, 1.000000000000000000, 0.8660254037844387076, 1.000000000000000000, 0.8660254037844387076, 1.000000000000000000, 0.8660254037844387076, 1.000000000000000000, 0.8660254037844387076, 1.000000000000000000, 0.8660254037844387076, 1.000000000000000000, 0.8660254037844387076, 1.000000000000000000, 0.8660254037844387076, 1.000000000000000000, 0.8660254037844387076, 1.000000000000000000, 0.8660254037844387076, 1.000000000000000000, 0.8660254037844387076, 1.000000000000000000, 0.8660254037844387076, 1.000000000000000000, 0.8660254037844387076, 1.000000000000000000, 0.8660254037844387076, 1.000000000000000000, 0.8660254037844387076, 1.000000000000000000, 0.8660254037844387076, 1.000000000000000000, 0.8660254037844387076, 1.000000000000000000, 0.8660254037844387076, 1.000000000000000000, 0.8660254037844387076, 1.000000000000000000, 0.8660254037844387076, 1.000000000000000000, 0.8660254037844387076, 1.000000000000000000, 0.8660254037844387076, 1.000000000000000000, 0.8660254037844387076, 1.000000000000000000, 0.8660254037844387076, 1.000000000000000000, 0.8660254037844387076, 1.000000000000000000, 0.8660254037844387076, 1.000000000000000000, 0.8660254037844387076, 1.000000000000000000, 0.8660254037844387076, 1.000000000000000000, 0.8660254037844387076, 1.000000000000000000, 0.8660254037844387076, 1.000000000000000000, 0.8660254037844387076, 1.000000000000000000, 0.8660254037844387076, 1.000000000000000000, 0.8660254037844387076, 1.000000000000000000, 0.8660254037844387076, 1.000000000000000000, 0.8660254037844387076, 1.000000000000000000, 0.8660254037844387076, 1.000000000000000000, 0.8660254037844387076, 1.000000000000000000, 0.8660254037844387076, 1.000000000000000000, 0.8660254037844387076, 1.000000000000000000, 0.8660254037844387076, 1.000000000000000000, 0.8660254037844387076, 1.000000000000000000, 0.8660254037844387076, 1.000000000000000000, 0.8660254037844387076, 1.000000000000000000, 0.8660254037844387076, 1.000000000000000000, 0.8660254037844387076, 1.000000000000000000, 0.8660254037844387076, 1.000000000000000000, 0.8660254037844387076, 1.000000000000000000, 0.8660254037844387076, 1.000000000000000000, 0.8660254037844387076, 1.000000000000000000, 0.8660254037844387076, 1.000000000000000000, 0.8660254037844387076, 1.000000000000000000, 0.8660254037844387076, 1.000000000000000000, 0.8660254037844387076, 1.000000000000000000, 0.8660254037844387076, 1.000000000000000000, 0.8660254037844387076, 1.000000000000000000, 0.8660254037844387076, 1.000000000000000000, 0.8660254037844387076, 1.000000000000000000, 0.8660254037844387076, 1.000000000000000000, 0.8660254037844387076, 1.000000000000000000, 0.8660254037844387076, 1.000000000000000000, 0.8660254037844387076, 1.000000000000000000, 0.8660254037844387076, 1.000000000000000000, 0.8660254037844387076, 1.000000000000000000, 0.8660254037844387076, 1.000000000000000000, 0.8660254037844387076, 1.000000000000000000, 0.8660254037844387076, 1.000000000000000000, 0.8660254037844387076, 1.000000000000000000, 0.8660254037844387076, 1.000000000000000000, 0.8660254037844387076, 1.000000000000000000, 0.8660254037844387076, 1.000000000000000000, 0.8660254037844387076, 1.000000000000000000, 0.8660254037844387076, 1.000000000000000000, 0.8660254037844387076, 1.000000000000000000),
 ( 1.000000000000000000, 0.8660254037844387076, 1.000000000000000000, 0.8660254037844387076, 1.000000000000000000, 0.8660254037844387076, 1.000000000000000000, 0.8660254037844387076, 1.000000000000000000, 0.8660254037844387076, 1.000000000000000000, 0.8660254037844387076, 1.000000000000000000, 0.8660254037844387076, 1.000000000000000000, 0.8660254037844387076, 1.000000000000000000, 0.8660254037844387076, 1.000000000000000000, 0.8660254037844387076, 1.000000000000000000, 0.8660254037844387076, 1.000000000000000000, 0.8660254037844387076, 1.000000000000000000, 0.8660254037844387076, 1.000000000000000000, 0.8660254037844387076, 1.000000000000000000, 0.8660254037844387076, 1.000000000000000000, 0.8660254037844387076, 1.000000000000000000, 0.8660254037844387076, 1.000000000000000000, 0.8660254037844387076, 1.000000000000000000, 0.8660254037844387076, 1.000000000000000000, 0.8660254037844387076, 1.000000000000000000, 0.8660254037844387076, 1.000000000000000000, 0.8660254037844387076, 1.000000000000000000, 0.8660254037844387076, 1.000000000000000000, 0.8660254037844387076, 1.000000000000000000, 0.8660254037844387076, 1.000000000000000000, 0.8660254037844387076, 1.000000000000000000, 0.8660254037844387076, 1.000000000000000000, 0.8660254037844387076, 1.000000000000000000, 0.8660254037844387076, 1.000000000000000000, 0.8660254037844387076, 1.000000000000000000, 0.8660254037844387076, 1.000000000000000000, 0.8660254037844387076, 1.000000000000000000, 0.8660254037844387076, 1.000000000000000000, 0.8660254037844387076, 1.000000000000000000, 0.8660254037844387076, 1.000000000000000000, 0.8660254037844387076, 1.000000000000000000, 0.8660254037844387076, 1.000000000000000000, 0.8660254037844387076, 1.000000000000000000, 0.8660254037844387076, 1.000000000000000000, 0.8660254037844387076, 1.000000000000000000, 0.8660254037844387076, 1.000000000000000000, 0.8660254037844387076, 1.000000000000000000, 0.8660254037844387076, 1.000000000000000000, 0.8660254037844387076, 1.000000000000000000, 0.8660254037844387076, 1.000000000000000000, 0.8660254037844387076, 1.000000000000000000, 0.8660254037844387076, 1.000000000000000000, 0.8660254037844387076, 1.000000000000000000, 0.8660254037844387076, 1.000000000000000000, 0.8660254037844387076, 1.000000000000000000, 0.8660254037844387076, 1.000000000000000000, 0.8660254037844387076, 1.000000000000000000, 0.8660254037844387076, 1.000000000000000000, 0.8660254037844387076, 1.000000000000000000, 0.8660254037844387076, 1.000000000000000000, 0.8660254037844387076, 1.000000000000000000, 0.8660254037844387076, 1.000000000000000000, 0.8660254037844387076, 1.000000000000000000, 0.8660254037844387076, 1.000000000000000000, 0.8660254037844387076, 1.000000000000000000, 0.8660254037844387076, 1.000000000000000000, 0.8660254037844387076, 1.000000000000000000, 0.8660254037844387076, 1.000000000000000000, 0.8660254037844387076, 1.000000000000000000, 0.8660254037844387076, 1.000000000000000000, 0.8660254037844387076, 1.000000000000000000, 0.8660254037844387076, 1.000000000000000000, 0.8660254037844387076, 1.000000000000000000, 0.8660254037844387076, 1.000000000000000000, 0.8660254037844387076, 1.000000000000000000, 0.8660254037844387076, 1.000000000000000000, 0.8660254037844387076, 1.000000000000000000, 0.8660254037844387076, 1.000000000000000000, 0.8660254037844387076, 1.000000000000000000, 0.8660254037844387076, 1.000000000000000000, 0.8660254037844387076, 1.000000000000000000, 0.8660254037844387076, 1.000000000000000000, 0.8660254037844387076, 1.000000000000000000, 0.8660254037844387076, 1.000000000000000000, 0.8660254037844387076, 1.000000000000000000, 0.8660254037844387076, 1.000000000000000000, 0.8660254037844387076, 1.000000000000000000, 0.8660254037844387076, 1.000000000000000000, 0.8660254037844387076, 1.000000000000000000, 0.8660254037844387076, 1.000000000000000000, 0.8660254037844387076, 1.000000000000000000) ) ) 
 REPRESENTATION_ITEM ( '' )  SURFACE ( )  );
#2041 = CARTESIAN_POINT ( 'NONE',  ( -2.799999999999998490, -1.791857758372713105, 0.9433296209488570838 ) ) ;
#2042 = VECTOR ( 'NONE', #336, 1000.000000000000000 ) ;
#2043 = CARTESIAN_POINT ( 'NONE',  ( -1.299038105676658006, -0.7500000000000026645, 0.7291666666666486440 ) ) ;
#2044 = CARTESIAN_POINT ( 'NONE',  ( 0.6785254037844389297, 1.175240473580828615, -4.291666666666672292 ) ) ;
#2045 = CARTESIAN_POINT ( 'NONE',  ( -1.560637177523342561E-16, -1.274356964481444532, -0.06093750000000109496 ) ) ;
#2046 = DATE_TIME_ROLE ( 'classification_date' ) ;
#2047 = CARTESIAN_POINT ( 'NONE',  ( 0.8294067547305616905, 0.4788582131113862661, 0.2999999999999973244 ) ) ;
#2048 = CARTESIAN_POINT ( 'NONE',  ( 0.8816504037844374864, 1.527063293868256677, -1.494791666666678065 ) ) ;
#2049 = AXIS2_PLACEMENT_3D ( 'NONE', #470, #436, #2780 ) ;
#2050 = AXIS2_PLACEMENT_3D ( 'NONE', #4395, #532, #2766 ) ;
#2051 = CARTESIAN_POINT ( 'NONE',  ( -0.5529378364870412010, -0.9577164262227632063, -2.981250000000001066 ) ) ;
#2052 = CARTESIAN_POINT ( 'NONE',  ( -1.017788105676663557, -0.5876202367904054258, 3.479166666666646091 ) ) ;
#2053 = CARTESIAN_POINT ( 'NONE',  ( -1.082531754730548856, -0.6249999999999967804, 2.999999999999992450 ) ) ;
#2054 = FACE_OUTER_BOUND ( 'NONE', #6302, .T. ) ;
#2055 = PERSON_AND_ORGANIZATION ( #6017, #2973 ) ;
#2056 = CARTESIAN_POINT ( 'NONE',  ( 0.8816504037844375974, 1.527063293868256677, 5.973958333333307280 ) ) ;
#2057 = CARTESIAN_POINT ( 'NONE',  ( 1.017788105676655341, -0.5876202367904199697, 2.083333333333314830 ) ) ;
#2058 = AXIS2_PLACEMENT_3D ( 'NONE', #5671, #1011, #6574 ) ;
#2059 = ORIENTED_EDGE ( 'NONE', *, *, #1230, .T. ) ;
#2060 = CARTESIAN_POINT ( 'NONE',  ( 0.9892679204323466813, 0.2628709845947846957, -2.899745812107711984 ) ) ;
#2061 = ORIENTED_EDGE ( 'NONE', *, *, #4047, .T. ) ;
#2062 = CARTESIAN_POINT ( 'NONE',  ( 8.728703347107846010E-15, -1.250000000000000000, 4.499999999999997335 ) ) ;
#2063 = DIRECTION ( 'NONE',  ( 0.000000000000000000, 0.000000000000000000, 1.000000000000000000 ) ) ;
#2064 = CARTESIAN_POINT ( 'NONE',  ( 0.000000000000000000, 1.499999999999996669, 2.999999999999981792 ) ) ;
#2065 = CARTESIAN_POINT ( 'NONE',  ( 1.322475605676654675, -0.7635316469341338896, -3.651041666666672292 ) ) ;
#2066 = VERTEX_POINT ( 'NONE', #1738 ) ;
#2067 = CARTESIAN_POINT ( 'NONE',  ( -1.105875672974081736, 3.432339245436224121E-15, 1.837499999999997025 ) ) ;
#2068 = CARTESIAN_POINT ( 'NONE',  ( -0.6785254037844372643, -1.175240473580835721, 7.020833333333303727 ) ) ;
#2069 = ADVANCED_FACE ( 'NONE', ( #5669 ), #1592, .F. ) ;
#2070 = CARTESIAN_POINT ( 'NONE',  ( -1.530808498934192310E-16, -1.249999999999996669, -1.818749999999996980 ) ) ;
#2071 = CARTESIAN_POINT ( 'NONE',  ( -0.8294067547305612464, 0.4788582131113871543, -2.250000000000001776 ) ) ;
#2072 = CARTESIAN_POINT ( 'NONE',  ( -3.000000000000000000, -4.490128060534575916, -5.940128060534577870 ) ) ;
#2073 = CARTESIAN_POINT ( 'NONE',  ( -0.5529378364870407569, 0.9577164262227703118, 1.368749999999998357 ) ) ;
#2074 = CARTESIAN_POINT ( 'NONE',  ( -1.017788105676655563, 0.5876202367904134194, 0.3958333333333183823 ) ) ;
#2075 = CARTESIAN_POINT ( 'NONE',  ( -0.7357503364870382478, 1.274356964481451415, 0.6796874999999971134 ) ) ;
#2076 = ORIENTED_EDGE ( 'NONE', *, *, #1969, .F. ) ;
#2077 = DIRECTION ( 'NONE',  ( -1.000000000000000000, -0.000000000000000000, -0.000000000000000000 ) ) ;
#2078 = DIRECTION ( 'NONE',  ( -0.000000000000000000, -0.7071067811865475727, -0.7071067811865475727 ) ) ;
#2079 = CARTESIAN_POINT ( 'NONE',  ( 0.8660254037844393737, 1.499999999999996669, 0.5208333333333156068 ) ) ;
#2080 = CARTESIAN_POINT ( 'NONE',  ( -1.357050807568874085, -1.453704117202790524E-15, -4.625000000000004441 ) ) ;
#2081 = CARTESIAN_POINT ( 'NONE',  ( -0.7357503364870385809, -1.274356964481444532, 1.701562499999999201 ) ) ;
#2082 = COORDINATED_UNIVERSAL_TIME_OFFSET ( 6, 0, .BEHIND. ) ;
#2083 = PRODUCT_DEFINITION ( 'UNKNOWN', '', #6504, #3998 ) ;
#2084 = CARTESIAN_POINT ( 'NONE',  ( 0.5529378364870414231, 0.9577164262227699787, 0.7874999999999974243 ) ) ;
#2085 = CARTESIAN_POINT ( 'NONE',  ( -1.763300807568873196, -2.966513306368321794E-15, 0.1718749999999845401 ) ) ;
#2086 = CARTESIAN_POINT ( 'NONE',  ( -0.8294067547305612464, 0.4788582131113871543, -2.193750000000001421 ) ) ;
#2087 = CARTESIAN_POINT ( 'NONE',  ( 1.017788105676646015, -0.5876202367904358459, 3.645833333333311721 ) ) ;
#2088 = FACE_OUTER_BOUND ( 'NONE', #211, .T. ) ;
#2089 = CARTESIAN_POINT ( 'NONE',  ( 0.8994798301350690473, 0.6746764499392640113, 3.449999999999996181 ) ) ;
#2090 = COORDINATED_UNIVERSAL_TIME_OFFSET ( 6, 0, .BEHIND. ) ;
#2091 = CARTESIAN_POINT ( 'NONE',  ( 1.357050807568873863, -3.323770530029912691E-15, -4.312500000000005329 ) ) ;
#2092 = CARTESIAN_POINT ( 'NONE',  ( 0.000000000000000000, 1.175240473580829725, 5.749999999999974243 ) ) ;
#2093 = VERTEX_POINT ( 'NONE', #3277 ) ;
#2094 = DIRECTION ( 'NONE',  ( -3.064488108188125705E-16, 5.307849102572407591E-16, 1.000000000000000000 ) ) ;
#2095 = ORIENTED_EDGE ( 'NONE', *, *, #1627, .F. ) ;
#2096 = DIRECTION ( 'NONE',  ( 0.000000000000000000, 1.000000000000000000, -3.538566068381623796E-16 ) ) ;
#2097 = DIRECTION ( 'NONE',  ( 0.8660254037844383745, 0.5000000000000003331, 0.000000000000000000 ) ) ;
#2098 = CARTESIAN_POINT ( 'NONE',  ( -0.8660254037844383745, 1.499999999999996669, 3.041666666666650087 ) ) ;
#2099 = CARTESIAN_POINT ( 'NONE',  ( -0.8816504037844365982, 1.527063293868257121, 0.05729166666665341801 ) ) ;
#2100 = ORIENTED_EDGE ( 'NONE', *, *, #4322, .T. ) ;
#2101 = CARTESIAN_POINT ( 'NONE',  ( -1.357050807568873863, -2.991388944476002371E-15, -4.125000000000005329 ) ) ;
#2102 = CARTESIAN_POINT ( 'NONE',  ( -2.049999999999994937, -1.317840917787127308, -8.000000000000003553 ) ) ;
#2103 = DIRECTION ( 'NONE',  ( 0.000000000000000000, 0.000000000000000000, -1.000000000000000000 ) ) ;
#2104 = CARTESIAN_POINT ( 'NONE',  ( -1.172864355864553979E-16, -0.9577164262227635394, -1.650000000000002354 ) ) ;
#2105 = CARTESIAN_POINT ( 'NONE',  ( 0.000000000000000000, 0.9577164262227705338, -2.775000000000002132 ) ) ;
#2106 = CARTESIAN_POINT ( 'NONE',  ( 0.000000000000000000, 1.175240473580829725, -0.6875000000000127676 ) ) ;
#2107 = CARTESIAN_POINT ( 'NONE',  ( 1.103625504730557871, 0.6371784822407264848, 1.917187499999996936 ) ) ;
#2108 = EDGE_LOOP ( 'NONE', ( #515, #5299, #4305, #968, #7080, #1615, #2788, #4770, #4828, #7181, #4023, #3038, #3891, #5930, #773, #3670 ) ) ;
#2109 = ADVANCED_FACE ( 'NONE', ( #5632, #590 ), #2834, .T. ) ;
#2110 = DIRECTION ( 'NONE',  ( 6.982962677686266711E-15, -1.000000000000000000, 0.000000000000000000 ) ) ;
#2111 = CYLINDRICAL_SURFACE ( 'NONE', #3931, 0.1500000000000001887 ) ;
#2112 = AXIS2_PLACEMENT_3D ( 'NONE', #1148, #663, #6197 ) ;
#2113 = CARTESIAN_POINT ( 'NONE',  ( 0.000000000000000000, 1.499999999999996669, 3.062499999999976463 ) ) ;
#2114 = CARTESIAN_POINT ( 'NONE',  ( 1.017788105676660448, 0.5876202367904048707, -0.3333333333333469151 ) ) ;
#2115 = CARTESIAN_POINT ( 'NONE',  ( 0.000000000000000000, 1.274356964481451415, 0.6140624999999991784 ) ) ;
#2116 = CARTESIAN_POINT ( 'NONE',  ( 0.8294067547305616905, 0.4788582131113862106, 0.7499999999999972244 ) ) ;
#2117 = CARTESIAN_POINT ( 'NONE',  ( 0.8816504037844374864, 1.527063293868256677, 0.5052083333333176052 ) ) ;
#2118 = CIRCLE ( 'NONE', #3403, 2.024999999999999911 ) ;
#2119 = CARTESIAN_POINT ( 'NONE',  ( 1.105875672974081736, 3.304551853990315319E-15, -1.031250000000001776 ) ) ;
#2120 = CARTESIAN_POINT ( 'NONE',  ( -0.8294067547305612464, 0.4788582131113872098, -3.093750000000001332 ) ) ;
#2121 = CARTESIAN_POINT ( 'NONE',  ( -0.6785254037844502539, -1.175240473580827949, 4.520833333333309056 ) ) ;
#2122 = CARTESIAN_POINT ( 'NONE',  ( -0.8419752161881544072, -0.6685859206620264894, 6.566536875587615896 ) ) ;
#2123 = FACE_OUTER_BOUND ( 'NONE', #5949, .T. ) ;
#2124 = COORDINATED_UNIVERSAL_TIME_OFFSET ( 6, 0, .BEHIND. ) ;
#2125 = CARTESIAN_POINT ( 'NONE',  ( -1.870113174931179184E-16, -1.527063293868263338, 6.765624999999971578 ) ) ;
#2126 = CARTESIAN_POINT ( 'NONE',  ( 0.6785254037844377084, 1.175240473580829059, 5.708333333333307280 ) ) ;
#2127 = ORIENTED_EDGE ( 'NONE', *, *, #581, .F. ) ;
#2128 = DIRECTION ( 'NONE',  ( 1.000000000000000000, 0.000000000000000000, 0.000000000000000000 ) ) ;
#2130 = EDGE_LOOP ( 'NONE', ( #3275 ) ) ;
#2129 = APPROVAL ( #3881, 'UNSPECIFIED' ) ;
#2131 = CARTESIAN_POINT ( 'NONE',  ( 1.218454071223504132, 0.3048973646597718523, 4.752405540459275990 ) ) ;
#2132 = LINE ( 'NONE', #950, #2042 ) ;
#2133 = CARTESIAN_POINT ( 'NONE',  ( 1.732050807568876971, -3.392656912481952001E-15, 2.874999999999982236 ) ) ;
#2134 = CARTESIAN_POINT ( 'NONE',  ( 1.322475605676654675, -0.7635316469341338896, -0.1510416666666795082 ) ) ;
#2135 = ORIENTED_EDGE ( 'NONE', *, *, #7014, .T. ) ;
#2136 = CARTESIAN_POINT ( 'NONE',  ( 0.6785254037844365982, -1.175240473580835721, -1.958333333333343251 ) ) ;
#2137 = CARTESIAN_POINT ( 'NONE',  ( 0.4108596822587310404, -0.9174905902280079406, 6.495516201587641092 ) ) ;
#2138 = CARTESIAN_POINT ( 'NONE',  ( 1.487169480575914804, -0.09761068045340869082, -4.637830519424084308 ) ) ;
#2139 = CARTESIAN_POINT ( 'NONE',  ( -1.172864355864553979E-16, -0.9577164262227635394, -0.3000000000000025424 ) ) ;
#2140 = VERTEX_POINT ( 'NONE', #4912 ) ;
#2141 = CARTESIAN_POINT ( 'NONE',  ( 3.000000000000000000, 0.000000000000000000, 7.799999999999995381 ) ) ;
#2142 = CARTESIAN_POINT ( 'NONE',  ( -0.6785254037844372643, -1.175240473580835721, 2.020833333333314386 ) ) ;
#2143 = DIRECTION ( 'NONE',  ( 0.000000000000000000, 0.7071067811865474617, -0.7071067811865474617 ) ) ;
#2144 = ORIENTED_EDGE ( 'NONE', *, *, #733, .F. ) ;
#2145 = CIRCLE ( 'NONE', #3091, 2.349999999999983213 ) ;
#2146 = DIRECTION ( 'NONE',  ( -0.7071067811865520136, 0.000000000000000000, -0.7071067811865430208 ) ) ;
#2147 = EDGE_CURVE ( 'NONE', #441, #5910, #5524, .T. ) ;
#2148 = CARTESIAN_POINT ( 'NONE',  ( -0.8660254037844383745, 1.499999999999996669, 4.104166666666641206 ) ) ;
#2149 = CARTESIAN_POINT ( 'NONE',  ( 0.8294067547305610244, -0.4788582131113804929, 0.7312499999999984013 ) ) ;
#2150 = CARTESIAN_POINT ( 'NONE',  ( -1.017788105676654009, 0.5876202367904159729, -2.166666666666676289 ) ) ;
#2151 = LOCAL_TIME ( 13, 37, 30.00000000000000000, #7096 ) ;
#2152 = CARTESIAN_POINT ( 'NONE',  ( 1.103625504730557871, 0.6371784822407264848, 2.339062499999998934 ) ) ;
#2153 = CARTESIAN_POINT ( 'NONE',  ( 0.000000000000000000, 1.274356964481451637, -2.507812500000003109 ) ) ;
#2154 = CARTESIAN_POINT ( 'NONE',  ( 0.8816504037844360431, -1.527063293868263560, 0.3385416666666510865 ) ) ;
#2155 = AXIS2_PLACEMENT_3D ( 'NONE', #5045, #2205, #1176 ) ;
#2156 = CARTESIAN_POINT ( 'NONE',  ( 0.8294067547305610244, -0.4788582131113804374, -0.1687500000000017875 ) ) ;
#2157 = CARTESIAN_POINT ( 'NONE',  ( 0.8294067547305610244, -0.4788582131113803264, -1.968750000000001776 ) ) ;
#2158 = CARTESIAN_POINT ( 'NONE',  ( 0.9999999999999993339, 0.5773502691896255090, 5.495000000000000107 ) ) ;
#2159 = CARTESIAN_POINT ( 'NONE',  ( -2.799999999999998490, -5.123475382979804316, 7.999999999999996447 ) ) ;
#2160 = DIRECTION ( 'NONE',  ( 3.064488108188113379E-16, 1.769283034190819047E-16, 1.000000000000000000 ) ) ;
#2161 = PERSON_AND_ORGANIZATION_ROLE ( 'design_supplier' ) ;
#2162 = CARTESIAN_POINT ( 'NONE',  ( 1.763300807568873418, -3.398397444352954817E-15, 6.890624999999971578 ) ) ;
#2163 = CARTESIAN_POINT ( 'NONE',  ( 0.6785254037844377084, 1.175240473580829059, 7.208333333333303727 ) ) ;
#2164 = AXIS2_PLACEMENT_3D ( 'NONE', #7193, #1596, #1076 ) ;
#2165 = ORIENTED_EDGE ( 'NONE', *, *, #5909, .T. ) ;
#2166 = FACE_OUTER_BOUND ( 'NONE', #443, .T. ) ;
#2167 = EDGE_LOOP ( 'NONE', ( #6274, #1985, #4971, #3177 ) ) ;
#2168 = CARTESIAN_POINT ( 'NONE',  ( -1.082531754730548856, -0.6249999999999964473, -0.6000000000000070832 ) ) ;
#2169 = CARTESIAN_POINT ( 'NONE',  ( -0.6785254037844474784, -1.175240473580829725, -0.4791666666666798413 ) ) ;
#2170 = DIRECTION ( 'NONE',  ( -1.000000000000000000, 0.000000000000000000, -0.000000000000000000 ) ) ;
#2171 = CARTESIAN_POINT ( 'NONE',  ( 1.299038105676658450, 0.7499999999999957812, 0.9166666666666534180 ) ) ;
#2172 = AXIS2_PLACEMENT_3D ( 'NONE', #2817, #4554, #70 ) ;
#2173 = CARTESIAN_POINT ( 'NONE',  ( -1.322475605676655119, -0.7635316469341328904, -1.817708333333343029 ) ) ;
#2174 = CARTESIAN_POINT ( 'NONE',  ( -0.6785254037844372643, -1.175240473580835721, -2.541666666666675845 ) ) ;
#2175 = EDGE_CURVE ( 'NONE', #7182, #4949, #4385, .T. ) ;
#2176 = DIRECTION ( 'NONE',  ( -0.7071067811865520136, -0.7071067811865430208, -0.000000000000000000 ) ) ;
#2177 = CARTESIAN_POINT ( 'NONE',  ( 0.7216878364870319418, -1.249999999999996891, -2.231249999999997069 ) ) ;
#2178 = CARTESIAN_POINT ( 'NONE',  ( -1.105875672974081736, 3.454782230406674457E-15, 1.387499999999997291 ) ) ;
#2179 = CARTESIAN_POINT ( 'NONE',  ( 3.000000000000000000, 4.490128060534575916, 3.040128060534581955 ) ) ;
#2180 = PLANE ( 'NONE',  #2284 ) ;
#2181 = CARTESIAN_POINT ( 'NONE',  ( -1.357050807568873863, -2.991388944476002371E-15, 2.437499999999980460 ) ) ;
#2182 = DIRECTION ( 'NONE',  ( 1.000000000000000000, 0.000000000000000000, 0.000000000000000000 ) ) ;
#2183 = ORIENTED_EDGE ( 'NONE', *, *, #2420, .F. ) ;
#2184 = CARTESIAN_POINT ( 'NONE',  ( 0.9999999999999991118, -0.5773502691896250649, 5.495000000000000107 ) ) ;
#2185 = CARTESIAN_POINT ( 'NONE',  ( -1.299038105676658006, 0.7499999999999971134, 1.645833333333313275 ) ) ;
#2186 = CARTESIAN_POINT ( 'NONE',  ( -1.105875672974081736, 3.496862827226267309E-15, 0.5437499999999981792 ) ) ;
#2187 = CARTESIAN_POINT ( 'NONE',  ( 2.302807174718698273E-15, 1.175240473580829725, -1.250000000000011546 ) ) ;
#2188 = CARTESIAN_POINT ( 'NONE',  ( 1.103625504730557871, 0.6371784822407263738, 2.789062499999999112 ) ) ;
#2189 = CARTESIAN_POINT ( 'NONE',  ( 1.105875672974081736, 3.127813347348022816E-15, 2.512499999999997513 ) ) ;
#2190 = CARTESIAN_POINT ( 'NONE',  ( -1.322475605676654897, -0.7635316469341327794, 1.713541666666647867 ) ) ;
#2191 = CARTESIAN_POINT ( 'NONE',  ( -0.8294067547305613575, -0.4788582131113797713, -0.7687500000000015987 ) ) ;
#2192 = CARTESIAN_POINT ( 'NONE',  ( -1.732050807568876971, -2.968426816991988742E-15, -3.812500000000007994 ) ) ;
#2193 = LINE ( 'NONE', #4517, #3686 ) ;
#2194 = CARTESIAN_POINT ( 'NONE',  ( 3.000000000000000000, -7.999999999999998224, 5.123475382979802539 ) ) ;
#2195 = CALENDAR_DATE ( 2025, 8, 10 ) ;
#2196 = CARTESIAN_POINT ( 'NONE',  ( -1.322475605676655119, -0.7635316469341328904, 7.182291666666636765 ) ) ;
#2197 = CARTESIAN_POINT ( 'NONE',  ( 0.8294067547305616905, 0.4788582131113861551, 2.549999999999997602 ) ) ;
#2198 = CARTESIAN_POINT ( 'NONE',  ( 0.000000000000000000, 1.175240473580829725, 4.749999999999975131 ) ) ;
#2199 = VERTEX_POINT ( 'NONE', #2352 ) ;
#2200 = DIRECTION ( 'NONE',  ( -0.7071067811865521247, 0.4999999999999967804, 0.4999999999999967804 ) ) ;
#2201 = EDGE_CURVE ( 'NONE', #7103, #1325, #6155, .T. ) ;
#2202 = EDGE_LOOP ( 'NONE', ( #7236 ) ) ;
#2203 = CARTESIAN_POINT ( 'NONE',  ( 0.7216878364870333851, 1.250000000000003553, 0.5624999999999927836 ) ) ;
#2204 = CARTESIAN_POINT ( 'NONE',  ( -0.6785254037844297148, 1.175240473580833722, -1.145833333333345028 ) ) ;
#2205 = DIRECTION ( 'NONE',  ( 0.000000000000000000, 0.000000000000000000, 1.000000000000000000 ) ) ;
#2206 = CARTESIAN_POINT ( 'NONE',  ( -1.732050807568876971, -2.968426816991988742E-15, -0.8750000000000093259 ) ) ;
#2207 = CARTESIAN_POINT ( 'NONE',  ( -1.870113174931179184E-16, -1.527063293868263338, -1.234375000000010658 ) ) ;
#2208 = LOCAL_TIME ( 13, 37, 30.00000000000000000, #899 ) ;
#2209 = CARTESIAN_POINT ( 'NONE',  ( -1.439254484199186421E-16, -1.175240473580835721, -2.000000000000010214 ) ) ;
#2210 = DIRECTION ( 'NONE',  ( -0.000000000000000000, -0.000000000000000000, 1.000000000000000000 ) ) ;
#2211 = B_SPLINE_CURVE_WITH_KNOTS ( 'NONE', 3,
 ( #1668, #562, #4984, #3829 ),
 .UNSPECIFIED., .F., .F.,
 ( 4, 4 ),
 ( 0.000000000000000000, 0.0002889088506456982414 ),
 .UNSPECIFIED. ) ;
#2212 = CARTESIAN_POINT ( 'NONE',  ( 0.5792952257803111182, -1.169429635037206872, -4.834183102680212230 ) ) ;
#2213 = CARTESIAN_POINT ( 'NONE',  ( -1.172864355864553979E-16, -0.9577164262227635394, -0.7500000000000024425 ) ) ;
#2214 = CARTESIAN_POINT ( 'NONE',  ( 2.800000000000001155, 0.000000000000000000, 7.999999999999996447 ) ) ;
#2215 = CARTESIAN_POINT ( 'NONE',  ( -1.017788105676655563, -0.5876202367904191926, 3.479166666666646091 ) ) ;
#2216 = CARTESIAN_POINT ( 'NONE',  ( -2.932876473991205657, 0.9172998287710624199, -1.953743677833596593 ) ) ;
#2217 = CARTESIAN_POINT ( 'NONE',  ( 1.443375672974064994, 3.096674707475559342E-15, 1.893750000000002931 ) ) ;
#2218 = APPROVAL ( #6943, 'UNSPECIFIED' ) ;
#2219 = CARTESIAN_POINT ( 'NONE',  ( 1.299038105676657562, -0.7500000000000035527, 3.395833333333309501 ) ) ;
#2220 = CARTESIAN_POINT ( 'NONE',  ( 0.5529378364870405349, -0.9577164262227636504, -1.106250000000001732 ) ) ;
#2221 = CARTESIAN_POINT ( 'NONE',  ( 1.357050807568874085, -8.725811283453709810E-15, -0.3750000000000133227 ) ) ;
#2222 = CARTESIAN_POINT ( 'NONE',  ( 0.5529378364870414231, 0.9577164262227702007, -2.756250000000001421 ) ) ;
#2223 = CARTESIAN_POINT ( 'NONE',  ( 0.7357503364870378038, -1.274356964481444754, -3.145312500000002398 ) ) ;
#2224 = CARTESIAN_POINT ( 'NONE',  ( 1.322475605676655563, 0.7635316469341260071, 0.4635416666666511976 ) ) ;
#2225 = ADVANCED_BREP_SHAPE_REPRESENTATION ( '', ( #3968, #4261 ), #855 ) ;
#2226 = CARTESIAN_POINT ( 'NONE',  ( 0.8294067547305610244, -0.4788582131113803819, -0.6187500000000016875 ) ) ;
#2227 = LINE ( 'NONE', #5651, #4514 ) ;
#2228 = DIRECTION ( 'NONE',  ( 0.000000000000000000, 0.000000000000000000, 1.000000000000000000 ) ) ;
#2229 = CARTESIAN_POINT ( 'NONE',  ( -1.308398153525502039, -0.5067939951396287501, -4.724741640263519393 ) ) ;
#2230 = APPROVAL_STATUS ( 'not_yet_approved' ) ;
#2231 = CARTESIAN_POINT ( 'NONE',  ( -0.8294067547305612464, 0.4788582131113869877, 2.699999999999997513 ) ) ;
#2232 = CARTESIAN_POINT ( 'NONE',  ( 1.357050807568873863, -3.323770530029912691E-15, 6.124999999999973355 ) ) ;
#2233 = ORIENTED_EDGE ( 'NONE', *, *, #1172, .F. ) ;
#2234 = DIRECTION ( 'NONE',  ( 1.000000000000000000, 0.000000000000000000, 0.000000000000000000 ) ) ;
#2235 = ORIENTED_EDGE ( 'NONE', *, *, #3553, .F. ) ;
#2236 = CARTESIAN_POINT ( 'NONE',  ( 1.082531754730549078, 0.6250000000000027756, 0.5249999999999926947 ) ) ;
#2237 = CARTESIAN_POINT ( 'NONE',  ( 2.014956277878860890E-15, 1.175240473580829725, -1.687500000000010214 ) ) ;
#2238 = CARTESIAN_POINT ( 'NONE',  ( 2.800000000000001155, -7.999999999999998224, 5.123475382979802539 ) ) ;
#2239 = CARTESIAN_POINT ( 'NONE',  ( 0.000000000000000000, 1.499999999999996669, -2.000000000000007105 ) ) ;
#2240 = ADVANCED_FACE ( 'NONE', ( #696 ), #1290, .F. ) ;
#2241 = ADVANCED_FACE ( 'NONE', ( #2454 ), #732, .F. ) ;
#2242 = CARTESIAN_POINT ( 'NONE',  ( -1.763300807568873418, -2.966513306368321794E-15, -0.3593750000000124345 ) ) ;
#2243 = CARTESIAN_POINT ( 'NONE',  ( -1.439254484199186421E-16, -1.175240473580835721, -1.000000000000012212 ) ) ;
#2244 = FACE_OUTER_BOUND ( 'NONE', #918, .T. ) ;
#2245 = CARTESIAN_POINT ( 'NONE',  ( -2.799999999999998490, -4.171930009000630157, 5.020458146424486401 ) ) ;
#2246 = DIRECTION ( 'NONE',  ( -1.776356839400250070E-15, 1.000000000000000000, 0.000000000000000000 ) ) ;
#2247 = ADVANCED_FACE ( 'NONE', ( #661 ), #5155, .T. ) ;
#2248 = CARTESIAN_POINT ( 'NONE',  ( 0.5529378364870405349, -0.9577164262227637614, 0.6374999999999975131 ) ) ;
#2249 = CARTESIAN_POINT ( 'NONE',  ( 3.999999999999999112, -4.490128060534575027, -4.490128060534576804 ) ) ;
#2250 = SPHERICAL_SURFACE ( 'NONE', #2050, 2.522009624798806193 ) ;
#2251 = CARTESIAN_POINT ( 'NONE',  ( -1.357050807568873863, -2.991388944476002371E-15, 1.437499999999983125 ) ) ;
#2252 = CARTESIAN_POINT ( 'NONE',  ( 0.000000000000000000, 1.274356964481451415, 2.442187499999996625 ) ) ;
#2253 = CARTESIAN_POINT ( 'NONE',  ( -1.167715448703381398, 0.4774575140626579062, 2.990102549156242517 ) ) ;
#2254 = CARTESIAN_POINT ( 'NONE',  ( 1.299038105676657562, -0.7500000000000035527, 1.895833333333312609 ) ) ;
#2255 = CARTESIAN_POINT ( 'NONE',  ( -1.172864355864553979E-16, -0.9577164262227635394, -0.2437500000000017708 ) ) ;
#2256 = CARTESIAN_POINT ( 'NONE',  ( -6.909876426349056308E-15, -1.175240473580835721, -0.5000000000000134337 ) ) ;
#2257 = CARTESIAN_POINT ( 'NONE',  ( -1.105875672974081736, 3.676406706989866843E-15, -3.056250000000001243 ) ) ;
#2258 = CARTESIAN_POINT ( 'NONE',  ( -0.5529378364870407569, 0.9577164262227702007, 2.662499999999997424 ) ) ;
#2259 = CARTESIAN_POINT ( 'NONE',  ( -1.322475605676654897, -0.7635316469341327794, 3.713541666666644314 ) ) ;
#2260 = AXIS2_PLACEMENT_3D ( 'NONE', #7256, #5040, #1654 ) ;
#2261 = EDGE_CURVE ( 'NONE', #1292, #192, #3055, .T. ) ;
#2263 = CARTESIAN_POINT ( 'NONE',  ( -1.172864355864553979E-16, -0.9577164262227636504, 2.006249999999998312 ) ) ;
#2262 = PRODUCT_DEFINITION_FORMATION_WITH_SPECIFIED_SOURCE ( 'ANY', '', #951, .NOT_KNOWN. ) ;
#2264 = AXIS2_PLACEMENT_3D ( 'NONE', #4494, #526, #1073 ) ;
#2265 = DIRECTION ( 'NONE',  ( 0.000000000000000000, -0.7071067811865473507, 0.7071067811865477948 ) ) ;
#2266 = CARTESIAN_POINT ( 'NONE',  ( 3.000000000000000000, -7.999999999999998224, -5.123475382979802539 ) ) ;
#2267 = CARTESIAN_POINT ( 'NONE',  ( -1.196289919998222651, -0.7502856923226600694, -4.715736916716569915 ) ) ;
#2268 = MECHANICAL_CONTEXT ( 'NONE', #6157, 'mechanical' ) ;
#2269 = FACE_OUTER_BOUND ( 'NONE', #2326, .T. ) ;
#2270 = CARTESIAN_POINT ( 'NONE',  ( -1.322475605676654897, 0.7635316469341272283, -3.869791666666673180 ) ) ;
#2271 = ORIENTED_EDGE ( 'NONE', *, *, #5041, .F. ) ;
#2272 = CARTESIAN_POINT ( 'NONE',  ( 3.000000000000000000, 0.8019082647115464146, -1.933279114610023663 ) ) ;
#2273 = VERTEX_POINT ( 'NONE', #1912 ) ;
#2274 = ORIENTED_EDGE ( 'NONE', *, *, #4408, .T. ) ;
#2275 = CARTESIAN_POINT ( 'NONE',  ( 1.082531754730548634, -0.6249999999999974465, 0.4499999999999926836 ) ) ;
#2276 = CARTESIAN_POINT ( 'NONE',  ( -1.357050807568874085, 6.234720019163266740E-15, -2.062500000000009770 ) ) ;
#2277 = CARTESIAN_POINT ( 'NONE',  ( 0.000000000000000000, 3.454988393958160231E-16, 6.649999999999999467 ) ) ;
#2278 = CARTESIAN_POINT ( 'NONE',  ( 0.8660254037844381525, -1.500000000000003331, -0.2083333333333441117 ) ) ;
#2279 = CARTESIAN_POINT ( 'NONE',  ( 0.000000000000000000, 1.527063293868257343, 3.015624999999980016 ) ) ;
#2280 = AXIS2_PLACEMENT_3D ( 'NONE', #6550, #7057, #7024 ) ;
#2281 = CARTESIAN_POINT ( 'NONE',  ( 0.6785254037844377084, 1.175240473580829059, -1.791666666666676955 ) ) ;
#2282 = DIRECTION ( 'NONE',  ( 0.000000000000000000, -3.538566068381623796E-16, -1.000000000000000000 ) ) ;
#2283 = PLANE ( 'NONE',  #5530 ) ;
#2284 = AXIS2_PLACEMENT_3D ( 'NONE', #3938, #2684, #1151 ) ;
#2285 = DIRECTION ( 'NONE',  ( 0.000000000000000000, -1.224646799147345565E-16, 1.000000000000000000 ) ) ;
#2286 = CARTESIAN_POINT ( 'NONE',  ( 0.5529378364870405349, -0.9577164262227637614, 1.087499999999997247 ) ) ;
#2287 = DIRECTION ( 'NONE',  ( 0.9999999999999997780, -5.403823225021673142E-17, 4.352808652168991542E-17 ) ) ;
#2288 = CARTESIAN_POINT ( 'NONE',  ( 0.5529378364870414231, 0.9577164262227702007, -1.012500000000002620 ) ) ;
#2289 = CARTESIAN_POINT ( 'NONE',  ( -1.017788105676655563, 0.5876202367904134194, 3.895833333333310389 ) ) ;
#2290 = CARTESIAN_POINT ( 'NONE',  ( -3.000000000000000000, 0.9024128347050763832, -2.033783684603538422 ) ) ;
#2291 = CIRCLE ( 'NONE', #6412, 9.500000000000000000 ) ;
#2292 = ORIENTED_EDGE ( 'NONE', *, *, #6258, .F. ) ;
#2293 = CARTESIAN_POINT ( 'NONE',  ( -1.530808498934192310E-16, -1.249999999999996891, 1.781250000000003331 ) ) ;
#2294 = CARTESIAN_POINT ( 'NONE',  ( 0.8660254037844455910, 1.499999999999985789, 4.958333333333309945 ) ) ;
#2295 = CARTESIAN_POINT ( 'NONE',  ( 0.5529378364870414231, 0.9577164262227702007, -0.9562500000000018208 ) ) ;
#2296 = CARTESIAN_POINT ( 'NONE',  ( 3.454210762078047015E-15, 1.175240473580829725, 0.7499999999999842348 ) ) ;
#2297 = CARTESIAN_POINT ( 'NONE',  ( -0.8294067547305612464, 0.4788582131113871543, -2.193750000000001421 ) ) ;
#2298 = CARTESIAN_POINT ( 'NONE',  ( -0.7357503364870382478, 1.274356964481451637, -2.920312500000002753 ) ) ;
#2299 = CARTESIAN_POINT ( 'NONE',  ( 1.763300807568873196, -3.398397444352954028E-15, 3.921874999999977796 ) ) ;
#2300 = CARTESIAN_POINT ( 'NONE',  ( 1.105875672974081736, 3.125007974226715785E-15, 2.568749999999998312 ) ) ;
#2301 = CARTESIAN_POINT ( 'NONE',  ( -3.000000000000000000, 7.800000000000005151, 5.064582904840234434 ) ) ;
#2302 = DIRECTION ( 'NONE',  ( -1.000000000000000000, 0.000000000000000000, -0.000000000000000000 ) ) ;
#2303 = PLANE ( 'NONE',  #3925 ) ;
#2304 = PERSON_AND_ORGANIZATION ( #6017, #2973 ) ;
#2305 = CARTESIAN_POINT ( 'NONE',  ( -1.105875672974081736, 3.679212080111173875E-15, -3.112500000000002487 ) ) ;
#2306 = CARTESIAN_POINT ( 'NONE',  ( -0.8816504037844370423, -1.527063293868262894, -3.244791666666674068 ) ) ;
#2307 = ORIENTED_EDGE ( 'NONE', *, *, #3051, .F. ) ;
#2308 = CARTESIAN_POINT ( 'NONE',  ( -1.357050807568874085, 8.398071007042117544E-17, -4.062500000000005329 ) ) ;
#2309 = DIRECTION ( 'NONE',  ( 0.000000000000000000, 0.7071067811865474617, -0.7071067811865474617 ) ) ;
#2310 = CARTESIAN_POINT ( 'NONE',  ( -1.082531754730548856, -0.6249999999999965583, -0.1500000000000071831 ) ) ;
#2311 = CARTESIAN_POINT ( 'NONE',  ( 0.6785254037844338226, -1.175240473580837497, -0.8958333333333455828 ) ) ;
#2312 = CARTESIAN_POINT ( 'NONE',  ( 3.000000000000000000, 0.9433296209488570838, -1.791857758372713105 ) ) ;
#2313 = CARTESIAN_POINT ( 'NONE',  ( 0.8660254037844381525, -1.500000000000003331, 0.2916666666666545282 ) ) ;
#2314 = CARTESIAN_POINT ( 'NONE',  ( 1.322475605676654675, -0.7635316469341338896, 1.348958333333316606 ) ) ;
#2315 = CARTESIAN_POINT ( 'NONE',  ( -1.017788105676655563, 0.5876202367904134194, 1.833333333333315274 ) ) ;
#2316 = EDGE_LOOP ( 'NONE', ( #7197 ) ) ;
#2317 = DIRECTION ( 'NONE',  ( 0.000000000000000000, 1.000000000000000000, 1.224646799147353454E-16 ) ) ;
#2318 = CARTESIAN_POINT ( 'NONE',  ( 2.800000000000005151, 4.490128060534575916, 4.490128060534575916 ) ) ;
#2319 = FACE_BOUND ( 'NONE', #2944, .T. ) ;
#2320 = CARTESIAN_POINT ( 'NONE',  ( -1.763300807568873418, -2.966513306368321794E-15, -4.859375000000003553 ) ) ;
#2321 =( LENGTH_UNIT ( ) NAMED_UNIT ( * ) SI_UNIT ( .MILLI., .METRE. ) );
#2322 = CARTESIAN_POINT ( 'NONE',  ( -1.105875672974081736, 3.566997155258923377E-15, -0.8625000000000025979 ) ) ;
#2323 = CARTESIAN_POINT ( 'NONE',  ( -1.357050807568873863, -2.991388944476002371E-15, 5.437499999999974243 ) ) ;
#2324 = ORIENTED_EDGE ( 'NONE', *, *, #6316, .T. ) ;
#2325 = CARTESIAN_POINT ( 'NONE',  ( 0.5529378364870414231, 0.9577164262227702007, -2.306250000000001243 ) ) ;
#2326 = EDGE_LOOP ( 'NONE', ( #6885, #3133, #1139, #1098 ) ) ;
#2327 = DIRECTION ( 'NONE',  ( 1.000000000000000000, 0.000000000000000000, 0.000000000000000000 ) ) ;
#2328 = CARTESIAN_POINT ( 'NONE',  ( -1.172864355864553979E-16, -0.9577164262227637614, 2.456249999999998490 ) ) ;
#2329 = CARTESIAN_POINT ( 'NONE',  ( -1.669971672328944715E-14, -1.175240473580835721, 1.999999999999981792 ) ) ;
#2330 = CARTESIAN_POINT ( 'NONE',  ( 0.000000000000000000, 0.9577164262227704228, -0.4687500000000017208 ) ) ;
#2331 = ADVANCED_FACE ( 'NONE', ( #6886 ), #4504, .F. ) ;
#2332 = CARTESIAN_POINT ( 'NONE',  ( 1.322475605676654675, -0.7635316469341338896, 6.348958333333307280 ) ) ;
#2333 = EDGE_CURVE ( 'NONE', #1508, #5278, #1750, .T. ) ;
#2334 = CARTESIAN_POINT ( 'NONE',  ( 1.103625504730557205, -0.6371784822407210447, -1.307812500000002931 ) ) ;
#2335 = CARTESIAN_POINT ( 'NONE',  ( 0.000000000000000000, 1.527063293868257121, 3.046874999999978240 ) ) ;
#2336 = CARTESIAN_POINT ( 'NONE',  ( 0.8294067547305616905, 0.4788582131113862106, 1.256249999999997868 ) ) ;
#2337 = CARTESIAN_POINT ( 'NONE',  ( -0.8660254037844388186, -1.500000000000002665, -1.229166666666680729 ) ) ;
#2338 = LINE ( 'NONE', #4141, #3449 ) ;
#2339 = CARTESIAN_POINT ( 'NONE',  ( 0.7357503364870390250, 1.274356964481451193, -0.3234375000000007661 ) ) ;
#2340 = CALENDAR_DATE ( 2025, 8, 10 ) ;
#2341 = DIRECTION ( 'NONE',  ( -0.5000000000000038858, 0.8660254037844364872, 0.000000000000000000 ) ) ;
#2342 = CARTESIAN_POINT ( 'NONE',  ( -0.8816504037844370423, -1.527063293868262894, -3.744791666666673624 ) ) ;
#2343 = ORIENTED_EDGE ( 'NONE', *, *, #7245, .T. ) ;
#2344 = CARTESIAN_POINT ( 'NONE',  ( -1.357050807568874085, 7.487438811782423580E-16, -3.062500000000007550 ) ) ;
#2345 = CARTESIAN_POINT ( 'NONE',  ( 0.7216878364870333851, 1.250000000000003553, 1.012499999999992850 ) ) ;
#2346 = CARTESIAN_POINT ( 'NONE',  ( 1.357050807568874085, -8.725811283453709810E-15, -0.3125000000000132672 ) ) ;
#2347 = CARTESIAN_POINT ( 'NONE',  ( -1.160157018679099483, 0.5662442959081237515, 4.778522733250277987 ) ) ;
#2348 = CARTESIAN_POINT ( 'NONE',  ( -0.8660254037844391517, -1.500000000000002665, -0.2916666666666777319 ) ) ;
#2349 = CARTESIAN_POINT ( 'NONE',  ( 0.8816504037844375974, 1.527063293868256677, 1.973958333333315274 ) ) ;
#2350 = CARTESIAN_POINT ( 'NONE',  ( 1.017788105676655341, -0.5876202367904199697, -0.4166666666666797303 ) ) ;
#2351 = ORIENTED_EDGE ( 'NONE', *, *, #6392, .F. ) ;
#2352 = CARTESIAN_POINT ( 'NONE',  ( -2.799999999999998490, -7.999999999999998224, 5.123475382979802539 ) ) ;
#2353 = CC_DESIGN_PERSON_AND_ORGANIZATION_ASSIGNMENT ( #3298, #71, ( #737 ) ) ;
#2354 = CIRCLE ( 'NONE', #1775, 1.249999999999998002 ) ;
#2355 = ORIENTED_EDGE ( 'NONE', *, *, #3769, .F. ) ;
#2356 = CARTESIAN_POINT ( 'NONE',  ( -3.000000000000000000, 0.000000000000000000, 0.000000000000000000 ) ) ;
#2357 = DIRECTION ( 'NONE',  ( 1.000000000000000000, -0.000000000000000000, -0.000000000000000000 ) ) ;
#2358 = CARTESIAN_POINT ( 'NONE',  ( 0.8294067547305616905, 0.4788582131113861551, 2.099999999999997868 ) ) ;
#2359 = CARTESIAN_POINT ( 'NONE',  ( 7.041719095097280880E-16, 3.288046532517454157, -4.843681451127856974 ) ) ;
#2360 = CARTESIAN_POINT ( 'NONE',  ( 0.000000000000000000, 0.9577164262227704228, -1.425000000000002265 ) ) ;
#2361 = CARTESIAN_POINT ( 'NONE',  ( -1.017788105676655563, -0.5876202367904191926, 5.979166666666639429 ) ) ;
#2362 = CARTESIAN_POINT ( 'NONE',  ( 0.8294067547305610244, -0.4788582131113803264, -1.968750000000001776 ) ) ;
#2363 = CARTESIAN_POINT ( 'NONE',  ( -0.7216878364870328300, -1.249999999999996891, 2.643750000000002487 ) ) ;
#2364 = CARTESIAN_POINT ( 'NONE',  ( 1.105875672974081736, 3.192336929138065216E-15, 1.218749999999998446 ) ) ;
#2365 = CARTESIAN_POINT ( 'NONE',  ( 1.266834926533876466E-14, 1.175240473580829725, 2.249999999999981348 ) ) ;
#2366 = CARTESIAN_POINT ( 'NONE',  ( 0.5529378364870405349, -0.9577164262227637614, 0.2437499999999983291 ) ) ;
#2367 = CARTESIAN_POINT ( 'NONE',  ( 1.357050807568873863, -3.323770530029912691E-15, -3.312500000000006661 ) ) ;
#2368 = CARTESIAN_POINT ( 'NONE',  ( 0.7357503364870378038, -1.274356964481444976, -0.8953125000000028422 ) ) ;
#2369 = CARTESIAN_POINT ( 'NONE',  ( -1.322475605676654897, -0.7635316469341327794, 5.213541666666640317 ) ) ;
#2370 = CARTESIAN_POINT ( 'NONE',  ( -0.5529378364870407569, 0.9577164262227703118, 1.818749999999998535 ) ) ;
#2371 = CARTESIAN_POINT ( 'NONE',  ( -1.299038105676658006, 0.7499999999999971134, -2.354166666666678065 ) ) ;
#2372 = CARTESIAN_POINT ( 'NONE',  ( 0.000000000000000000, -3.074484340864479754E-15, -5.000000000000000000 ) ) ;
#2373 = CARTESIAN_POINT ( 'NONE',  ( -1.471500672974076718, 3.577462393790284877E-15, -0.6234375000000011990 ) ) ;
#2374 = CALENDAR_DATE ( 2025, 8, 10 ) ;
#2375 = CARTESIAN_POINT ( 'NONE',  ( -0.5529378364870407569, 0.9577164262227704228, -0.9375000000000025535 ) ) ;
#2376 = CARTESIAN_POINT ( 'NONE',  ( 1.763300807568873196, -3.398397444352954028E-15, -3.078125000000008438 ) ) ;
#2377 = CARTESIAN_POINT ( 'NONE',  ( 1.017788105676656008, 0.5876202367904124202, -4.770833333333336590 ) ) ;
#2378 = AXIS2_PLACEMENT_3D ( 'NONE', #5081, #2282, #1181 ) ;
#2379 = CARTESIAN_POINT ( 'NONE',  ( -1.530808498934192310E-16, -1.249999999999996891, 1.724999999999992317 ) ) ;
#2380 = CARTESIAN_POINT ( 'NONE',  ( 0.6785254037844530295, 1.175240473580820399, 2.270833333333314830 ) ) ;
#2381 = CARTESIAN_POINT ( 'NONE',  ( -1.289880129948929754, -0.3098594951336874903, 4.814377337282390812 ) ) ;
#2382 = CARTESIAN_POINT ( 'NONE',  ( -0.8660254037844383745, 1.499999999999996669, -2.958333333333338366 ) ) ;
#2383 = CARTESIAN_POINT ( 'NONE',  ( -1.763300807568873418, -2.966513306368321794E-15, 2.140624999999981792 ) ) ;
#2384 =( GEOMETRIC_REPRESENTATION_CONTEXT ( 3 ) GLOBAL_UNCERTAINTY_ASSIGNED_CONTEXT ( ( #2825 ) ) GLOBAL_UNIT_ASSIGNED_CONTEXT ( ( #5715, #6853, #4056 ) ) REPRESENTATION_CONTEXT ( 'NONE', 'WORKASPACE' ) );
#2385 = CARTESIAN_POINT ( 'NONE',  ( 0.6785254037844377084, 1.175240473580829059, -0.2916666666666805074 ) ) ;
#2386 = ORIENTED_EDGE ( 'NONE', *, *, #3987, .T. ) ;
#2387 = CARTESIAN_POINT ( 'NONE',  ( 0.000000000000000000, 3.454988393958160231E-16, 6.649999999999999467 ) ) ;
#2388 = ORIENTED_EDGE ( 'NONE', *, *, #6074, .F. ) ;
#2389 = DIRECTION ( 'NONE',  ( -0.000000000000000000, -0.000000000000000000, 1.000000000000000000 ) ) ;
#2390 = CONICAL_SURFACE ( 'NONE', #3329, 2.024999999999999911, 0.7853981633974548293 ) ;
#2391 = CARTESIAN_POINT ( 'NONE',  ( 0.1607269781364483452, -0.9995961100183988757, -2.903189508570229282 ) ) ;
#2392 = CARTESIAN_POINT ( 'NONE',  ( -0.8816504037844372643, -1.527063293868263116, -4.776041666666669627 ) ) ;
#2393 = EDGE_CURVE ( 'NONE', #6341, #2093, #3066, .T. ) ;
#2394 = CARTESIAN_POINT ( 'NONE',  ( 1.105875672974081736, 3.284914242141172409E-15, -0.6375000000000021760 ) ) ;
#2395 = CARTESIAN_POINT ( 'NONE',  ( -1.439254484199186421E-16, -1.175240473580835721, 6.062499999999972466 ) ) ;
#2396 = AXIS2_PLACEMENT_3D ( 'NONE', #2840, #597, #7235 ) ;
#2397 = CARTESIAN_POINT ( 'NONE',  ( -0.7216878364870322748, 1.250000000000003775, 0.2437500000000029643 ) ) ;
#2398 = CARTESIAN_POINT ( 'NONE',  ( -0.5529378364870412010, -0.9577164262227633174, 1.068749999999998535 ) ) ;
#2399 = CARTESIAN_POINT ( 'NONE',  ( -1.357050807568874085, 8.893772703594550090E-15, 1.874999999999981570 ) ) ;
#2400 = CARTESIAN_POINT ( 'NONE',  ( -1.172864355864553979E-16, -0.9577164262227635394, -2.043750000000001510 ) ) ;
#2401 = CARTESIAN_POINT ( 'NONE',  ( -0.6785254037844368202, 1.175240473580829503, -1.645833333333343695 ) ) ;
#2402 = AXIS2_PLACEMENT_3D ( 'NONE', #5422, #4883, #7124 ) ;
#2403 = CARTESIAN_POINT ( 'NONE',  ( 0.000000000000000000, 1.274356964481451415, -1.157812500000003020 ) ) ;
#2404 = CARTESIAN_POINT ( 'NONE',  ( -1.322475605676654897, -0.7635316469341327794, 3.213541666666645646 ) ) ;
#2405 = CARTESIAN_POINT ( 'NONE',  ( -0.5529378364870412010, -0.9577164262227633174, 1.968749999999998224 ) ) ;
#2406 = CARTESIAN_POINT ( 'NONE',  ( 1.732050807568876971, -3.392656912481952001E-15, -2.062500000000012879 ) ) ;
#2407 = DIRECTION ( 'NONE',  ( 0.000000000000000000, 0.7071067811865474617, 0.7071067811865474617 ) ) ;
#2408 = CARTESIAN_POINT ( 'NONE',  ( -0.7357503364870382478, 1.274356964481451637, -2.048437500000000799 ) ) ;
#2409 = APPLICATION_PROTOCOL_DEFINITION ( 'international standard', 'config_control_design', 1994, #4787 ) ;
#2410 = CARTESIAN_POINT ( 'NONE',  ( 0.000000000000000000, 0.9577164262227705338, -2.325000000000002398 ) ) ;
#2411 = CARTESIAN_POINT ( 'NONE',  ( 0.8816504037844360431, -1.527063293868263560, -4.161458333333339255 ) ) ;
#2412 = CARTESIAN_POINT ( 'NONE',  ( 1.017788105676654231, -0.5876202367904214130, -3.354166666666673624 ) ) ;
#2413 = CARTESIAN_POINT ( 'NONE',  ( -1.082531754730548856, -0.6249999999999966693, 2.099999999999992983 ) ) ;
#2414 = CARTESIAN_POINT ( 'NONE',  ( 1.017788105676660670, 0.5876202367904043156, 0.7291666666666514196 ) ) ;
#2415 = CARTESIAN_POINT ( 'NONE',  ( 1.034026860050032859, 0.4416341581190612597, 3.449999999999995737 ) ) ;
#2416 = CARTESIAN_POINT ( 'NONE',  ( 1.299038105676657562, -0.7500000000000035527, -3.666666666666670071 ) ) ;
#2417 = CARTESIAN_POINT ( 'NONE',  ( -1.870113174931179184E-16, -1.527063293868263338, 0.7656249999999851230 ) ) ;
#2418 = CARTESIAN_POINT ( 'NONE',  ( 0.6785254037844365982, -1.175240473580835721, 0.5416666666666511976 ) ) ;
#2419 = EDGE_CURVE ( 'NONE', #1547, #5144, #2607, .T. ) ;
#2420 = EDGE_CURVE ( 'NONE', #5350, #246, #2465, .T. ) ;
#2421 = ORIENTED_EDGE ( 'NONE', *, *, #5084, .T. ) ;
#2422 = CARTESIAN_POINT ( 'NONE',  ( -3.000000000000000000, 5.986031907170641375, -7.117402757069114294 ) ) ;
#2423 = ORIENTED_EDGE ( 'NONE', *, *, #6028, .F. ) ;
#2424 = CARTESIAN_POINT ( 'NONE',  ( -0.3455224516263484258, 1.076239810514181494, 3.000000000000001332 ) ) ;
#2425 = DIRECTION ( 'NONE',  ( 1.000000000000000000, -0.000000000000000000, 0.000000000000000000 ) ) ;
#2426 = CARTESIAN_POINT ( 'NONE',  ( 1.299038105676658450, 0.7499999999999958922, 4.979166666666638541 ) ) ;
#2427 = CARTESIAN_POINT ( 'NONE',  ( 0.8294067547305610244, -0.4788582131113804929, 1.574999999999997513 ) ) ;
#2428 = DATE_AND_TIME ( #3703, #1100 ) ;
#2429 = CARTESIAN_POINT ( 'NONE',  ( -0.5529378364870407569, 0.9577164262227704228, -0.9375000000000025535 ) ) ;
#2430 = CARTESIAN_POINT ( 'NONE',  ( -1.357050807568873863, -2.991388944476002371E-15, 4.437499999999976019 ) ) ;
#2431 = CARTESIAN_POINT ( 'NONE',  ( -1.530808498934192310E-16, -1.249999999999996891, -0.01874999999999721334 ) ) ;
#2432 = CARTESIAN_POINT ( 'NONE',  ( 0.8294067547305616905, 0.4788582131113862106, 0.8062499999999979128 ) ) ;
#2433 = CARTESIAN_POINT ( 'NONE',  ( -0.6785254037844288266, 1.175240473580834166, 0.2916666666666519192 ) ) ;
#2434 = CARTESIAN_POINT ( 'NONE',  ( 0.5529378364870405349, -0.9577164262227636504, -1.556250000000001688 ) ) ;
#2435 = CARTESIAN_POINT ( 'NONE',  ( 1.017788105676656008, 0.5876202367904124202, -3.770833333333339255 ) ) ;
#2436 = CARTESIAN_POINT ( 'NONE',  ( 0.7357503364870378038, -1.274356964481444754, -1.795312500000002975 ) ) ;
#2437 = CARTESIAN_POINT ( 'NONE',  ( 0.8816504037844360431, -1.527063293868263560, 5.338541666666641206 ) ) ;
#2438 = APPROVAL ( #7128, 'UNKNOWN' ) ;
#2439 = VERTEX_POINT ( 'NONE', #2492 ) ;
#2440 = DIRECTION ( 'NONE',  ( -1.000000000000000000, 0.000000000000000000, -0.000000000000000000 ) ) ;
#2441 = CARTESIAN_POINT ( 'NONE',  ( 1.299038105676657562, -0.7500000000000035527, -1.604166666666680063 ) ) ;
#2442 = PLANE ( 'NONE',  #847 ) ;
#2443 = CARTESIAN_POINT ( 'NONE',  ( 0.000000000000000000, 1.274356964481451637, -1.185937500000000755 ) ) ;
#2444 = APPROVAL_DATE_TIME ( #1353, #2571 ) ;
#2445 = CARTESIAN_POINT ( 'NONE',  ( 0.5529378364870414231, 0.9577164262227702007, -2.362500000000002043 ) ) ;
#2446 = CARTESIAN_POINT ( 'NONE',  ( 1.322475605676654453, -0.7635316469341337786, -0.6197916666666799523 ) ) ;
#2447 = CARTESIAN_POINT ( 'NONE',  ( 0.7216878364870319418, -1.249999999999997113, 1.762499999999992406 ) ) ;
#2448 = CARTESIAN_POINT ( 'NONE',  ( 0.6785254037844248298, -1.175240473580842604, 0.1041666666666525853 ) ) ;
#2449 = DIRECTION ( 'NONE',  ( 0.000000000000000000, 0.7071067811865474617, 0.7071067811865474617 ) ) ;
#2450 = CARTESIAN_POINT ( 'NONE',  ( 0.000000000000000000, 1.499999999999996669, -3.000000000000004885 ) ) ;
#2451 = CARTESIAN_POINT ( 'NONE',  ( -1.763300807568873418, -2.966513306368321794E-15, 4.140624999999977796 ) ) ;
#2452 = CARTESIAN_POINT ( 'NONE',  ( -1.439254484199186421E-16, -1.175240473580835721, 0.9999999999999835687 ) ) ;
#2453 = EDGE_LOOP ( 'NONE', ( #4793, #5073, #3634, #4388 ) ) ;
#2454 = FACE_OUTER_BOUND ( 'NONE', #7218, .T. ) ;
#2455 = ORIENTED_EDGE ( 'NONE', *, *, #5711, .F. ) ;
#2456 = EDGE_CURVE ( 'NONE', #3469, #2439, #3320, .T. ) ;
#2457 = DIRECTION ( 'NONE',  ( -0.000000000000000000, 0.7071067811865476838, 0.7071067811865474617 ) ) ;
#2458 = CIRCLE ( 'NONE', #5641, 0.7946314968241675603 ) ;
#2459 = CARTESIAN_POINT ( 'NONE',  ( 3.000000000000000000, 0.000000000000000000, 0.000000000000000000 ) ) ;
#2460 = CARTESIAN_POINT ( 'NONE',  ( 0.000000000000000000, 1.499999999999996669, 4.999999999999976907 ) ) ;
#2461 = CARTESIAN_POINT ( 'NONE',  ( -1.105875672974081736, 3.365010290524873901E-15, 3.187499999999997780 ) ) ;
#2462 = PERSON_AND_ORGANIZATION_ROLE ( 'creator' ) ;
#2463 = CARTESIAN_POINT ( 'NONE',  ( -1.105875672974081736, 3.477225215377124399E-15, 0.9374999999999974465 ) ) ;
#2464 = CARTESIAN_POINT ( 'NONE',  ( -1.017788105676655563, 0.5876202367904134194, 4.395833333333310833 ) ) ;
#2465 = B_SPLINE_CURVE_WITH_KNOTS ( 'NONE', 3,
 ( #3741, #2019, #5402, #367 ),
 .UNSPECIFIED., .F., .F.,
 ( 4, 4 ),
 ( 0.000000000000000000, 0.0003165475275202180223 ),
 .UNSPECIFIED. ) ;
#2466 = AXIS2_PLACEMENT_3D ( 'NONE', #4089, #2457, #2637 ) ;
#2467 = EDGE_CURVE ( 'NONE', #4949, #3234, #5441, .T. ) ;
#2468 = CARTESIAN_POINT ( 'NONE',  ( -1.082531754730548634, 0.6250000000000037748, 0.2812500000000031086 ) ) ;
#2469 = CARTESIAN_POINT ( 'NONE',  ( -0.5529378364870407569, 0.9577164262227703118, 1.818749999999998535 ) ) ;
#2470 = CARTESIAN_POINT ( 'NONE',  ( 0.6785254037844233865, -1.175240473580843492, 3.041666666666645646 ) ) ;
#2471 = CARTESIAN_POINT ( 'NONE',  ( -0.5529378364870412010, -0.9577164262227633174, -0.2812500000000015543 ) ) ;
#2472 = CARTESIAN_POINT ( 'NONE',  ( -1.017788105676655563, 0.5876202367904134194, -1.604166666666677399 ) ) ;
#2473 = CARTESIAN_POINT ( 'NONE',  ( 1.103625504730557871, 0.6371784822407265958, -0.7828125000000031308 ) ) ;
#2474 = ORIENTED_EDGE ( 'NONE', *, *, #6706, .F. ) ;
#2475 = PLANE ( 'NONE',  #1886 ) ;
#2476 = CARTESIAN_POINT ( 'NONE',  ( -0.9999999999999991118, 0.5773502691896252870, 5.495000000000000107 ) ) ;
#2477 = CARTESIAN_POINT ( 'NONE',  ( 0.8660254037844379305, -1.500000000000003331, 0.8541666666666480889 ) ) ;
#2478 = CARTESIAN_POINT ( 'NONE',  ( -1.357050807568874085, 8.398071007042117544E-17, -4.125000000000005329 ) ) ;
#2479 = CARTESIAN_POINT ( 'NONE',  ( 0.7357503364870378038, -1.274356964481444754, -1.373437500000000977 ) ) ;
#2480 = APPROVAL_STATUS ( 'not_yet_approved' ) ;
#2481 = ADVANCED_FACE ( 'NONE', ( #2594 ), #4899, .T. ) ;
#2482 = CARTESIAN_POINT ( 'NONE',  ( 0.5529378364870414231, 0.9577164262227702007, -1.012500000000002398 ) ) ;
#2483 = CARTESIAN_POINT ( 'NONE',  ( -1.763300807568873196, -2.966513306368321794E-15, -0.3281250000000141553 ) ) ;
#2484 =( BOUNDED_CURVE ( )  B_SPLINE_CURVE ( 2, ( #3728, #1384, #5318, #3620, #5388, #860, #2006, #2551, #388, #2080, #6576, #320, #7016, #6540, #5877, #2582, #3042, #2044, #5988, #4289, #1938, #2478, #3656, #3147, #7048, #4327, #5913, #828, #5953, #4886, #4247, #3587, #932, #3182, #5284, #5424, #2620, #5843, #3079, #2515, #792, #4842, #6497, #254, #3114, #1973, #897, #4735, #1457, #6978, #6462, #1419, #5355, #4806, #7084, #3289, #6649, #429, #4954, #4993, #2656, #1604, #7201, #6023, #6063, #2694, #2731, #3870, #2150, #5498, #463, #3908, #5537, #3324, #7241, #1048, #3359, #6171, #5608, #3836, #3765, #1640, #6133, #4404, #6097, #1013, #23, #1530, #973, #1123, #2187, #501, #4365, #5463, #1566, #4440, #4472, #3217, #5573, #6682, #1084, #1674, #537, #4921, #2772, #5027, #7165, #7276, #2256, #567, #2809, #2221, #2114, #6715, #6612, #5061, #4508, #3800, #3256, #5646, #3944, #3465, #206, #1194, #1715, #4616, #3536, #2433, #602, #2845, #94, #5721, #5094, #673, #2881, #5792, #6311, #61, #2296, #638, #6786, #6279, #1854, #5131, #6752, #133, #1233, #1302, #6860, #4546, #1749, #5241, #3982, #6242, #2952, #4581, #2919, #748, #167, #5166, #6823, #3426, #5756, #6207, #5200, #2399, #4658, #5682, #2329, #1157, #4064, #3391, #1786, #4019, #2365, #1823, #1269, #3501, #708, #6898, #4098, #6346, #2994, #344, #6453, #2504, #3578, #816, #850, #5833, #4763, #5274, #5901, #2470, #3646, #1447, #5415, #7004, #2032, #242, #3104, #1408, #6489, #5346, #4201, #6531, #7076, #1485, #1961, #6932, #311, #887, #3718, #6381, #2540, #4798, #7040, #3139, #4726, #6965, #1997, #5379, #3609, #1891, #1925, #4131, #1374, #3069, #4236, #4168, #4834, #5868, #783, #3683, #5945 ),
 .UNSPECIFIED., .F., .F. ) 
 B_SPLINE_CURVE_WITH_KNOTS ( ( 3, 2, 2, 2, 2, 2, 2, 2, 2, 2, 2, 2, 2, 2, 2, 2, 2, 2, 2, 2, 2, 2, 2, 2, 2, 2, 2, 2, 2, 2, 2, 2, 2, 2, 2, 2, 2, 2, 2, 2, 2, 2, 2, 2, 2, 2, 2, 2, 2, 2, 2, 2, 2, 2, 2, 2, 2, 2, 2, 2, 2, 2, 2, 2, 2, 2, 2, 2, 2, 2, 2, 2, 2, 2, 2, 2, 2, 2, 2, 2, 2, 2, 2, 2, 2, 2, 2, 2, 2, 2, 2, 2, 2, 2, 2, 2, 2, 2, 2, 2, 2, 2, 2, 2, 2, 2, 2, 2, 2, 2, 2, 2, 2, 2, 2, 2, 2, 3 ),
 ( 0.02397499357915339538, 0.02666666666666666838, 0.03333333333333333287, 0.04000000000000000083, 0.04666666666666666879, 0.05333333333333333676, 0.05999999999999999778, 0.06666666666666666574, 0.07333333333333333370, 0.08000000000000000167, 0.08666666666666666963, 0.09333333333333333759, 0.1000000000000000056, 0.1066666666666666735, 0.1133333333333333276, 0.1199999999999999956, 0.1266666666666666774, 0.1333333333333333315, 0.1400000000000000133, 0.1466666666666666674, 0.1533333333333333215, 0.1600000000000000033, 0.1666666666666666574, 0.1733333333333333393, 0.1799999999999999933, 0.1866666666666666752, 0.1933333333333333293, 0.2000000000000000111, 0.2066666666666666652, 0.2133333333333333470, 0.2200000000000000011, 0.2266666666666666552, 0.2333333333333333370, 0.2399999999999999911, 0.2466666666666666730, 0.2533333333333333548, 0.2600000000000000089, 0.2666666666666666630, 0.2733333333333333171, 0.2800000000000000266, 0.2866666666666666807, 0.2933333333333333348, 0.2999999999999999889, 0.3066666666666666430, 0.3133333333333333526, 0.3200000000000000067, 0.3266666666666666607, 0.3333333333333333148, 0.3400000000000000244, 0.3466666666666666785, 0.3533333333333333326, 0.3599999999999999867, 0.3666666666666666408, 0.3733333333333333504, 0.3800000000000000044, 0.3866666666666666585, 0.3933333333333333126, 0.4000000000000000222, 0.4066666666666666763, 0.4133333333333333304, 0.4199999999999999845, 0.4266666666666666941, 0.4333333333333333481, 0.4400000000000000022, 0.4466666666666666563, 0.4533333333333333104, 0.4600000000000000200, 0.4666666666666666741, 0.4733333333333333282, 0.4799999999999999822, 0.4866666666666666918, 0.4933333333333333459, 0.5000000000000000000, 0.5066666666666667096, 0.5133333333333333082, 0.5200000000000000178, 0.5266666666666666163, 0.5333333333333333259, 0.5400000000000000355, 0.5466666666666666341, 0.5533333333333333437, 0.5600000000000000533, 0.5666666666666666519, 0.5733333333333333615, 0.5799999999999999600, 0.5866666666666666696, 0.5933333333333333792, 0.5999999999999999778, 0.6066666666666666874, 0.6133333333333332860, 0.6199999999999999956, 0.6266666666666667052, 0.6333333333333333037, 0.6400000000000000133, 0.6466666666666666119, 0.6533333333333333215, 0.6600000000000000311, 0.6666666666666666297, 0.6733333333333333393, 0.6800000000000000488, 0.6866666666666666474, 0.6933333333333333570, 0.6999999999999999556, 0.7066666666666666652, 0.7133333333333333748, 0.7199999999999999734, 0.7266666666666666829, 0.7333333333333332815, 0.7399999999999999911, 0.7466666666666667007, 0.7533333333333332993, 0.7600000000000000089, 0.7666666666666667185, 0.7733333333333333171, 0.7800000000000000266, 0.7866666666666666252, 0.7933333333333333348, 0.7940906687425101085 ),
 .UNSPECIFIED. ) 
 CURVE ( )  GEOMETRIC_REPRESENTATION_ITEM ( )  RATIONAL_B_SPLINE_CURVE ( ( 0.9354949502796727767, 0.9459076277434174118, 1.000000000000000000, 0.8660254037844387076, 1.000000000000000000, 0.8660254037844387076, 1.000000000000000000, 0.8660254037844387076, 1.000000000000000000, 0.8660254037844387076, 1.000000000000000000, 0.8660254037844387076, 1.000000000000000000, 0.8660254037844387076, 1.000000000000000000, 0.8660254037844387076, 1.000000000000000000, 0.8660254037844387076, 1.000000000000000000, 0.8660254037844387076, 1.000000000000000000, 0.8660254037844387076, 1.000000000000000000, 0.8660254037844387076, 1.000000000000000000, 0.8660254037844387076, 1.000000000000000000, 0.8660254037844387076, 1.000000000000000000, 0.8660254037844387076, 1.000000000000000000, 0.8660254037844387076, 1.000000000000000000, 0.8660254037844387076, 1.000000000000000000, 0.8660254037844387076, 1.000000000000000000, 0.8660254037844387076, 1.000000000000000000, 0.8660254037844387076, 1.000000000000000000, 0.8660254037844387076, 1.000000000000000000, 0.8660254037844387076, 1.000000000000000000, 0.8660254037844387076, 1.000000000000000000, 0.8660254037844387076, 1.000000000000000000, 0.8660254037844387076, 1.000000000000000000, 0.8660254037844387076, 1.000000000000000000, 0.8660254037844387076, 1.000000000000000000, 0.8660254037844387076, 1.000000000000000000, 0.8660254037844387076, 1.000000000000000000, 0.8660254037844387076, 1.000000000000000000, 0.8660254037844387076, 1.000000000000000000, 0.8660254037844387076, 1.000000000000000000, 0.8660254037844387076, 1.000000000000000000, 0.8660254037844387076, 1.000000000000000000, 0.8660254037844387076, 1.000000000000000000, 0.8660254037844387076, 1.000000000000000000, 0.8660254037844387076, 1.000000000000000000, 0.8660254037844387076, 1.000000000000000000, 0.8660254037844387076, 1.000000000000000000, 0.8660254037844387076, 1.000000000000000000, 0.8660254037844387076, 1.000000000000000000, 0.8660254037844387076, 1.000000000000000000, 0.8660254037844387076, 1.000000000000000000, 0.8660254037844387076, 1.000000000000000000, 0.8660254037844387076, 1.000000000000000000, 0.8660254037844387076, 1.000000000000000000, 0.8660254037844387076, 1.000000000000000000, 0.8660254037844387076, 1.000000000000000000, 0.8660254037844387076, 1.000000000000000000, 0.8660254037844387076, 1.000000000000000000, 0.8660254037844387076, 1.000000000000000000, 0.8660254037844387076, 1.000000000000000000, 0.8660254037844387076, 1.000000000000000000, 0.8660254037844387076, 1.000000000000000000, 0.8660254037844387076, 1.000000000000000000, 0.8660254037844387076, 1.000000000000000000, 0.8660254037844387076, 1.000000000000000000, 0.8660254037844387076, 1.000000000000000000, 0.8660254037844387076, 1.000000000000000000, 0.8660254037844387076, 1.000000000000000000, 0.8660254037844387076, 1.000000000000000000, 0.8660254037844387076, 1.000000000000000000, 0.8660254037844387076, 1.000000000000000000, 0.8660254037844387076, 1.000000000000000000, 0.8660254037844387076, 1.000000000000000000, 0.8660254037844387076, 1.000000000000000000, 0.8660254037844387076, 1.000000000000000000, 0.8660254037844387076, 1.000000000000000000, 0.8660254037844387076, 1.000000000000000000, 0.8660254037844387076, 1.000000000000000000, 0.8660254037844387076, 1.000000000000000000, 0.8660254037844387076, 1.000000000000000000, 0.8660254037844387076, 1.000000000000000000, 0.8660254037844387076, 1.000000000000000000, 0.8660254037844387076, 1.000000000000000000, 0.8660254037844387076, 1.000000000000000000, 0.8660254037844387076, 1.000000000000000000, 0.8660254037844387076, 1.000000000000000000, 0.8660254037844387076, 1.000000000000000000, 0.8660254037844387076, 1.000000000000000000, 0.8660254037844387076, 1.000000000000000000, 0.8660254037844387076, 1.000000000000000000, 0.8660254037844387076, 1.000000000000000000, 0.8660254037844387076, 1.000000000000000000, 0.8660254037844387076, 1.000000000000000000, 0.8660254037844387076, 1.000000000000000000, 0.8660254037844387076, 1.000000000000000000, 0.8660254037844387076, 1.000000000000000000, 0.8660254037844387076, 1.000000000000000000, 0.8660254037844387076, 1.000000000000000000, 0.8660254037844387076, 1.000000000000000000, 0.8660254037844387076, 1.000000000000000000, 0.8660254037844387076, 1.000000000000000000, 0.8660254037844387076, 1.000000000000000000, 0.8660254037844387076, 1.000000000000000000, 0.8660254037844387076, 1.000000000000000000, 0.8660254037844387076, 1.000000000000000000, 0.8660254037844387076, 1.000000000000000000, 0.8660254037844387076, 1.000000000000000000, 0.8660254037844387076, 1.000000000000000000, 0.8660254037844387076, 1.000000000000000000, 0.8660254037844387076, 1.000000000000000000, 0.8660254037844387076, 1.000000000000000000, 0.8660254037844387076, 1.000000000000000000, 0.8660254037844387076, 1.000000000000000000, 0.8660254037844387076, 1.000000000000000000, 0.8660254037844387076, 1.000000000000000000, 0.8660254037844387076, 1.000000000000000000, 0.8660254037844387076, 1.000000000000000000, 0.8660254037844387076, 1.000000000000000000, 0.8660254037844387076, 1.000000000000000000, 0.8660254037844387076, 1.000000000000000000, 0.8660254037844387076, 1.000000000000000000, 0.8660254037844387076, 1.000000000000000000, 0.8660254037844387076, 1.000000000000000000, 0.8660254037844387076, 1.000000000000000000, 0.9847804441533694053, 0.9730187808731178833 ) ) 
 REPRESENTATION_ITEM ( '' )  );
#2485 = CARTESIAN_POINT ( 'NONE',  ( 2.866945116622130474, 6.182074056858115618, -7.125276886143635302 ) ) ;
#2486 = CARTESIAN_POINT ( 'NONE',  ( 0.6785254037844324904, -1.175240473580838385, 1.604166666666649643 ) ) ;
#2487 = CARTESIAN_POINT ( 'NONE',  ( 3.000000000000000000, -5.161879502661797403, 4.030508652763319155 ) ) ;
#2488 = CARTESIAN_POINT ( 'NONE',  ( -1.732050807568876971, -2.968426816991988742E-15, -4.375000000000001776 ) ) ;
#2489 = CARTESIAN_POINT ( 'NONE',  ( -1.322475605676655119, -0.7635316469341328904, 5.182291666666642094 ) ) ;
#2490 = CARTESIAN_POINT ( 'NONE',  ( 0.6785254037844365982, -1.175240473580835721, 2.541666666666646979 ) ) ;
#2491 = EDGE_LOOP ( 'NONE', ( #3706, #7112, #4264, #2907 ) ) ;
#2492 = CARTESIAN_POINT ( 'NONE',  ( 0.1345470299149464644, 1.116310608058317388, 3.449999999999995737 ) ) ;
#2493 = CIRCLE ( 'NONE', #2280, 1.499999999999997335 ) ;
#2494 = ORIENTED_EDGE ( 'NONE', *, *, #2420, .T. ) ;
#2495 = CARTESIAN_POINT ( 'NONE',  ( 0.9999999999999993339, 0.5773502691896255090, 5.495000000000000107 ) ) ;
#2496 = CARTESIAN_POINT ( 'NONE',  ( -0.02996980312995815854, -0.9656457507091715797, -2.954783573777254979 ) ) ;
#2497 = CARTESIAN_POINT ( 'NONE',  ( -1.732050807568876971, -2.968426816991988742E-15, 4.624999999999977796 ) ) ;
#2498 = CARTESIAN_POINT ( 'NONE',  ( 0.000000000000000000, 1.527063293868257343, -3.984375000000005329 ) ) ;
#2499 = CARTESIAN_POINT ( 'NONE',  ( 0.5529378364870414231, 0.9577164262227699787, 2.137499999999997069 ) ) ;
#2500 = CARTESIAN_POINT ( 'NONE',  ( -1.017788105676655563, 0.5876202367904134194, -3.666666666666673180 ) ) ;
#2501 = AXIS2_PLACEMENT_3D ( 'NONE', #3854, #521, #554 ) ;
#2502 = CARTESIAN_POINT ( 'NONE',  ( -0.7216878364870328300, -1.249999999999996891, -0.05624999999999697603 ) ) ;
#2503 = CARTESIAN_POINT ( 'NONE',  ( -0.5529378364870407569, 0.9577164262227705338, -2.737500000000002043 ) ) ;
#2504 = CARTESIAN_POINT ( 'NONE',  ( 0.6785254037844449249, 1.175240473580825062, 2.708333333333312609 ) ) ;
#2505 = CARTESIAN_POINT ( 'NONE',  ( 0.5529378364870405349, -0.9577164262227637614, 0.6937499999999982014 ) ) ;
#2506 = CARTESIAN_POINT ( 'NONE',  ( -1.017788105676655563, 0.5876202367904134194, -3.604166666666673180 ) ) ;
#2507 = VECTOR ( 'NONE', #4588, 1000.000000000000000 ) ;
#2508 = CARTESIAN_POINT ( 'NONE',  ( -1.103625504730557427, 0.6371784822407274840, 0.2671874999999970246 ) ) ;
#2509 = ORIENTED_EDGE ( 'NONE', *, *, #4223, .F. ) ;
#2510 = CARTESIAN_POINT ( 'NONE',  ( 1.322475605676655563, 0.7635316469341260071, 6.463541666666638541 ) ) ;
#2511 = CARTESIAN_POINT ( 'NONE',  ( -2.932876473991199884, 1.953743677833589487, -0.9172998287710636411 ) ) ;
#2512 = CARTESIAN_POINT ( 'NONE',  ( 0.8994798301350688252, 0.6746764499392645664, 4.499999999999996447 ) ) ;
#2513 = CIRCLE ( 'NONE', #4760, 0.1500000000000002720 ) ;
#2514 = CARTESIAN_POINT ( 'NONE',  ( 1.732050807568876971, -3.392656912481952001E-15, -0.5625000000000154321 ) ) ;
#2515 = CARTESIAN_POINT ( 'NONE',  ( 1.357050807568874085, -6.731521770130246312E-15, -3.375000000000007105 ) ) ;
#2516 = CARTESIAN_POINT ( 'NONE',  ( -0.7357503364870385809, -1.274356964481444532, 1.251562499999999023 ) ) ;
#2517 = APPROVAL_ROLE ( '' ) ;
#2518 = CARTESIAN_POINT ( 'NONE',  ( 0.8294067547305616905, 0.4788582131113863771, -2.400000000000002576 ) ) ;
#2519 = CARTESIAN_POINT ( 'NONE',  ( 1.322475605676655563, 0.7635316469341260071, -1.536458333333344584 ) ) ;
#2520 = EDGE_CURVE ( 'NONE', #6844, #2747, #7028, .T. ) ;
#2521 = FACE_OUTER_BOUND ( 'NONE', #6765, .T. ) ;
#2522 = CARTESIAN_POINT ( 'NONE',  ( 0.6785254037844146158, -1.175240473580848821, 3.604166666666644314 ) ) ;
#2523 = CARTESIAN_POINT ( 'NONE',  ( 0.9999999999999995559, 0.5773502691896255090, 6.649999999999999467 ) ) ;
#2524 = CARTESIAN_POINT ( 'NONE',  ( 1.299038105676657562, -0.7500000000000035527, -3.166666666666671848 ) ) ;
#2525 = CARTESIAN_POINT ( 'NONE',  ( 1.322475605676655785, 0.7635316469341261181, 3.932291666666644758 ) ) ;
#2526 = CARTESIAN_POINT ( 'NONE',  ( 0.6785254037844365982, -1.175240473580835721, 4.041666666666642982 ) ) ;
#2527 = EDGE_LOOP ( 'NONE', ( #2509 ) ) ;
#2528 = CARTESIAN_POINT ( 'NONE',  ( -0.9999999999999988898, 0.3987098407370218145, 6.560679785773698036 ) ) ;
#2529 = EDGE_LOOP ( 'NONE', ( #4221 ) ) ;
#2530 = CARTESIAN_POINT ( 'NONE',  ( -0.7216878364870328300, -1.249999999999996447, -1.462500000000007239 ) ) ;
#2531 = DIRECTION ( 'NONE',  ( -1.000000000000000000, -0.000000000000000000, -0.000000000000000000 ) ) ;
#2532 = B_SPLINE_CURVE_WITH_KNOTS ( 'NONE', 3,
 ( #385, #6609, #4400, #4437 ),
 .UNSPECIFIED., .F., .F.,
 ( 4, 4 ),
 ( 0.000000000000000000, 0.0003165475275202266417 ),
 .UNSPECIFIED. ) ;
#2533 = CARTESIAN_POINT ( 'NONE',  ( -1.299038105676658006, 0.7499999999999971134, 3.583333333333313497 ) ) ;
#2534 = CARTESIAN_POINT ( 'NONE',  ( -0.8816504037844372643, -1.527063293868263116, -2.276041666666675400 ) ) ;
#2535 = EDGE_LOOP ( 'NONE', ( #2233, #6350, #4898, #3565, #2235, #551, #2127, #5401, #1810, #1790, #3302, #2858 ) ) ;
#2536 = CARTESIAN_POINT ( 'NONE',  ( 0.8294067547305610244, -0.4788582131113804374, -0.2250000000000025313 ) ) ;
#2537 = CARTESIAN_POINT ( 'NONE',  ( -0.6785254037844372643, -1.175240473580835721, -5.041666666666669627 ) ) ;
#2538 = CARTESIAN_POINT ( 'NONE',  ( 0.000000000000000000, 1.250000000000003997, 0.2062500000000031808 ) ) ;
#2539 = CARTESIAN_POINT ( 'NONE',  ( -0.8294067547305613575, -0.4788582131113797158, -2.175000000000002487 ) ) ;
#2540 = CARTESIAN_POINT ( 'NONE',  ( -1.017788105676659338, -0.5876202367904124202, 3.916666666666644758 ) ) ;
#2541 = CARTESIAN_POINT ( 'NONE',  ( -0.8294067547305612464, 0.4788582131113870988, 0.5062499999999984235 ) ) ;
#2542 = CARTESIAN_POINT ( 'NONE',  ( -1.439254484199186421E-16, -1.175240473580835721, -0.4375000000000133782 ) ) ;
#2543 = CARTESIAN_POINT ( 'NONE',  ( 1.103625504730557205, -0.6371784822407211557, 1.392187499999996803 ) ) ;
#2544 = ORIENTED_EDGE ( 'NONE', *, *, #4177, .T. ) ;
#2545 = FACE_OUTER_BOUND ( 'NONE', #6493, .T. ) ;
#2546 = FACE_BOUND ( 'NONE', #2527, .T. ) ;
#2547 = EDGE_CURVE ( 'NONE', #2563, #6599, #4819, .T. ) ;
#2548 = ADVANCED_FACE ( 'NONE', ( #947 ), #6477, .F. ) ;
#2549 = CARTESIAN_POINT ( 'NONE',  ( 1.732050807568876971, -3.392656912481952001E-15, 0.9374999999999816813 ) ) ;
#2550 = CC_DESIGN_APPROVAL ( #2438, ( #2796 ) ) ;
#2551 = CARTESIAN_POINT ( 'NONE',  ( -0.6785254037844359321, 1.175240473580830169, -4.708333333333335702 ) ) ;
#2552 = CARTESIAN_POINT ( 'NONE',  ( -1.103625504730557649, -0.6371784822407202675, 1.214062499999998934 ) ) ;
#2553 = CARTESIAN_POINT ( 'NONE',  ( 0.000000000000000000, 0.9577164262227704228, -0.5250000000000024647 ) ) ;
#2554 = CARTESIAN_POINT ( 'NONE',  ( -1.870113174931178938E-16, -1.527063293868263116, -2.203125000000010214 ) ) ;
#2555 = DIRECTION ( 'NONE',  ( 1.000000000000000000, 0.000000000000000000, 0.000000000000000000 ) ) ;
#2556 = CARTESIAN_POINT ( 'NONE',  ( -1.785112031064879668E-14, -1.175240473580835721, 4.062499999999977796 ) ) ;
#2557 = DIRECTION ( 'NONE',  ( -0.4999999999999920619, -0.8660254037844433705, 0.000000000000000000 ) ) ;
#2558 = CARTESIAN_POINT ( 'NONE',  ( 0.000000000000000000, -2.838437965211837159E-15, 4.999999999999999112 ) ) ;
#2559 = CARTESIAN_POINT ( 'NONE',  ( -1.763300807568873418, -2.966513306368321794E-15, 4.640624999999976019 ) ) ;
#2560 = CARTESIAN_POINT ( 'NONE',  ( 1.017788105676656008, 0.5876202367904124202, 3.166666666666645646 ) ) ;
#2561 = EDGE_LOOP ( 'NONE', ( #5420, #5781, #1434, #1238 ) ) ;
#2562 = CARTESIAN_POINT ( 'NONE',  ( -3.000000000000000000, 0.000000000000000000, 0.000000000000000000 ) ) ;
#2563 = VERTEX_POINT ( 'NONE', #3195 ) ;
#2564 = CARTESIAN_POINT ( 'NONE',  ( -2.799999999999998490, -5.020458146424486401, 4.171930009000630157 ) ) ;
#2565 = CYLINDRICAL_SURFACE ( 'NONE', #2981, 0.7946314968241675603 ) ;
#2566 = CARTESIAN_POINT ( 'NONE',  ( -0.8660254037844391517, -1.500000000000002665, 0.7083333333333206028 ) ) ;
#2567 = CARTESIAN_POINT ( 'NONE',  ( -0.8816504037844365982, 1.527063293868257121, -1.942708333333342585 ) ) ;
#2568 = ORIENTED_EDGE ( 'NONE', *, *, #7109, .F. ) ;
#2569 = CARTESIAN_POINT ( 'NONE',  ( -0.8294067547305612464, 0.4788582131113870988, 0.4499999999999977351 ) ) ;
#2570 = CARTESIAN_POINT ( 'NONE',  ( 0.6785254037844365982, -1.175240473580835721, -4.458333333333338366 ) ) ;
#2571 = APPROVAL ( #1244, 'UNKNOWN' ) ;
#2572 = LINE ( 'NONE', #2681, #3520 ) ;
#2573 = CARTESIAN_POINT ( 'NONE',  ( 1.105875672974081736, 3.307357227111622350E-15, -1.087500000000002576 ) ) ;
#2574 = FACE_OUTER_BOUND ( 'NONE', #3884, .T. ) ;
#2575 = CARTESIAN_POINT ( 'NONE',  ( -0.8294067547305612464, 0.4788582131113869877, 1.856249999999998623 ) ) ;
#2576 = CARTESIAN_POINT ( 'NONE',  ( -1.017788105676655563, -0.5876202367904191926, 0.9791666666666507535 ) ) ;
#2577 = CARTESIAN_POINT ( 'NONE',  ( 0.7357503364870378038, -1.274356964481444976, 2.254687499999996181 ) ) ;
#2578 = EDGE_LOOP ( 'NONE', ( #3268, #5146, #1875, #7045 ) ) ;
#2579 = DIRECTION ( 'NONE',  ( -0.4999999999999919509, -0.8660254037844432595, 5.457635026140484590E-16 ) ) ;
#2580 = DIRECTION ( 'NONE',  ( -0.000000000000000000, 0.000000000000000000, 1.000000000000000000 ) ) ;
#2581 = CARTESIAN_POINT ( 'NONE',  ( 1.732050807568876971, -3.392656912481952001E-15, 1.437499999999980238 ) ) ;
#2582 = CARTESIAN_POINT ( 'NONE',  ( 1.357050807568874085, -3.656152115583823012E-15, -4.375000000000004441 ) ) ;
#2583 = CARTESIAN_POINT ( 'NONE',  ( 1.103625504730557205, -0.6371784822407211557, 1.364062499999998845 ) ) ;
#2584 = CARTESIAN_POINT ( 'NONE',  ( 0.000000000000000000, 0.9577164262227703118, 1.274999999999997469 ) ) ;
#2585 = CARTESIAN_POINT ( 'NONE',  ( -1.322475605676654897, 0.7635316469341272283, -0.8697916666666792862 ) ) ;
#2586 = CARTESIAN_POINT ( 'NONE',  ( -0.8294067547305612464, 0.4788582131113872098, -2.643750000000001599 ) ) ;
#2587 = CARTESIAN_POINT ( 'NONE',  ( -0.6785254037844277164, 1.175240473580835054, 2.354166666666647867 ) ) ;
#2588 = CARTESIAN_POINT ( 'NONE',  ( 0.3272472668956663555, 0.9657642407454684053, 6.494872772280241513 ) ) ;
#2589 = LINE ( 'NONE', #437, #6398 ) ;
#2590 = APPROVAL_DATE_TIME ( #2667, #1546 ) ;
#2591 = CARTESIAN_POINT ( 'NONE',  ( 1.322475605676654675, -0.7635316469341338896, 5.848958333333306392 ) ) ;
#2592 = CARTESIAN_POINT ( 'NONE',  ( -0.6785254037844372643, -1.175240473580835721, 4.458333333333309056 ) ) ;
#2593 = EDGE_LOOP ( 'NONE', ( #2678 ) ) ;
#2594 = FACE_OUTER_BOUND ( 'NONE', #6457, .T. ) ;
#2595 = EDGE_CURVE ( 'NONE', #1325, #3959, #7132, .T. ) ;
#2596 = EDGE_LOOP ( 'NONE', ( #4454 ) ) ;
#2597 = CARTESIAN_POINT ( 'NONE',  ( 1.082531754730549078, 0.6250000000000028866, -2.175000000000007372 ) ) ;
#2598 = CARTESIAN_POINT ( 'NONE',  ( 2.800000000000001155, 0.000000000000000000, 0.000000000000000000 ) ) ;
#2599 = CARTESIAN_POINT ( 'NONE',  ( -1.299038105676658006, 0.7499999999999971134, 1.583333333333318826 ) ) ;
#2600 = CARTESIAN_POINT ( 'NONE',  ( -0.8816504037844365982, 1.527063293868257121, -3.942708333333337922 ) ) ;
#2601 = ORIENTED_EDGE ( 'NONE', *, *, #863, .T. ) ;
#2602 = CARTESIAN_POINT ( 'NONE',  ( -0.5529378364870412010, -0.9577164262227633174, 0.5624999999999974465 ) ) ;
#2603 = CARTESIAN_POINT ( 'NONE',  ( 0.6785254037844365982, -1.175240473580835721, -4.958333333333337478 ) ) ;
#2604 = AXIS2_PLACEMENT_3D ( 'NONE', #1026, #3372, #6728 ) ;
#2605 = APPROVAL_PERSON_ORGANIZATION ( #472, #6362, #2782 ) ;
#2606 = CARTESIAN_POINT ( 'NONE',  ( 0.7216878364870332740, 1.250000000000003775, -1.631249999999996980 ) ) ;
#2607 = CIRCLE ( 'NONE', #6850, 0.1500000000000001887 ) ;
#2608 = ADVANCED_FACE ( 'NONE', ( #7141 ), #1090, .T. ) ;
#2609 = CARTESIAN_POINT ( 'NONE',  ( -1.105875672974081736, 3.634326110170273991E-15, -2.212500000000002132 ) ) ;
#2610 = VERTEX_POINT ( 'NONE', #6673 ) ;
#2611 = CARTESIAN_POINT ( 'NONE',  ( 0.8294067547305610244, -0.4788582131113805485, 2.531249999999997780 ) ) ;
#2612 = CARTESIAN_POINT ( 'NONE',  ( -1.017788105676655563, -0.5876202367904191926, -0.02083333333334751875 ) ) ;
#2613 = CARTESIAN_POINT ( 'NONE',  ( 1.471500672974076718, 3.069766587101531376E-15, 2.329687499999996358 ) ) ;
#2614 = ORIENTED_EDGE ( 'NONE', *, *, #5753, .F. ) ;
#2615 = APPROVAL_PERSON_ORGANIZATION ( #4073, #72, #5141 ) ;
#2616 = CARTESIAN_POINT ( 'NONE',  ( 3.000000000000000000, 0.000000000000000000, 0.000000000000000000 ) ) ;
#2617 = DIRECTION ( 'NONE',  ( 1.000000000000000000, -0.000000000000000000, 0.000000000000000000 ) ) ;
#2618 = VECTOR ( 'NONE', #5328, 1000.000000000000114 ) ;
#2619 = CARTESIAN_POINT ( 'NONE',  ( 0.000000000000000000, 1.499999999999996669, -0.4375000000000161537 ) ) ;
#2621 = AXIS2_PLACEMENT_3D ( 'NONE', #7281, #4445, #3365 ) ;
#2620 = CARTESIAN_POINT ( 'NONE',  ( -1.007478138939430445E-15, -1.175240473580835721, -3.500000000000006661 ) ) ;
#2622 = CARTESIAN_POINT ( 'NONE',  ( -0.7357503364870382478, 1.274356964481451415, 0.2015624999999990896 ) ) ;
#2623 = PERSON_AND_ORGANIZATION_ROLE ( 'classification_officer' ) ;
#2624 = CARTESIAN_POINT ( 'NONE',  ( 0.8294067547305616905, 0.4788582131113862106, 1.199999999999997069 ) ) ;
#2625 = CARTESIAN_POINT ( 'NONE',  ( 0.000000000000000000, 1.527063293868257121, 0.5468749999999840128 ) ) ;
#2626 = AXIS2_PLACEMENT_3D ( 'NONE', #3618, #4175, #6428 ) ;
#2627 = CARTESIAN_POINT ( 'NONE',  ( -0.8294067547305613575, -0.4788582131113797158, -2.568750000000001421 ) ) ;
#2628 = CARTESIAN_POINT ( 'NONE',  ( 1.017788105676650012, -0.5876202367904289625, 4.145833333333310833 ) ) ;
#2629 = CARTESIAN_POINT ( 'NONE',  ( -0.8473157484120806826, -1.467593926302977581, 3.449999999999996625 ) ) ;
#2630 = CARTESIAN_POINT ( 'NONE',  ( 1.201424489463402745, 0.3019227781139494082, -4.889442448630680005 ) ) ;
#2631 = CARTESIAN_POINT ( 'NONE',  ( -1.322475605676655119, 0.7635316469341273393, 6.598958333333305504 ) ) ;
#2632 = CARTESIAN_POINT ( 'NONE',  ( 1.357050807568873863, -3.323770530029912691E-15, 2.624999999999980016 ) ) ;
#2633 = AXIS2_PLACEMENT_3D ( 'NONE', #4682, #5824, #6889 ) ;
#2634 = VERTEX_POINT ( 'NONE', #1545 ) ;
#2635 = CARTESIAN_POINT ( 'NONE',  ( 0.9399313983000682216, -0.3280672247363657923, -2.927930115635188901 ) ) ;
#2636 = ORIENTED_EDGE ( 'NONE', *, *, #6972, .T. ) ;
#2637 = DIRECTION ( 'NONE',  ( 0.000000000000000000, -0.7071067811865474617, 0.7071067811865477948 ) ) ;
#2638 = LINE ( 'NONE', #4903, #6747 ) ;
#2639 = CARTESIAN_POINT ( 'NONE',  ( -1.299038105676658006, 0.7499999999999971134, 2.583333333333316606 ) ) ;
#2640 = ADVANCED_FACE ( 'NONE', ( #5367 ), #301, .F. ) ;
#2641 = ADVANCED_FACE ( 'NONE', ( #1473 ), #3779, .F. ) ;
#2642 = CARTESIAN_POINT ( 'NONE',  ( -1.322475605676655119, 0.7635316469341273393, -0.4010416666666788976 ) ) ;
#2643 = ORIENTED_EDGE ( 'NONE', *, *, #3471, .F. ) ;
#2644 = CARTESIAN_POINT ( 'NONE',  ( 1.357050807568873863, -3.323770530029912691E-15, -4.375000000000004441 ) ) ;
#2645 = CARTESIAN_POINT ( 'NONE',  ( -1.322475605676654897, 0.7635316469341272283, 6.630208333333303727 ) ) ;
#2646 = DIRECTION ( 'NONE',  ( -0.000000000000000000, 0.7071067811865476838, 0.7071067811865474617 ) ) ;
#2647 = CARTESIAN_POINT ( 'NONE',  ( 0.8294067547305610244, -0.4788582131113802709, -2.925000000000002043 ) ) ;
#2648 = VERTEX_POINT ( 'NONE', #3862 ) ;
#2649 = CARTESIAN_POINT ( 'NONE',  ( -1.105875672974081736, 3.429533872314917089E-15, 1.893749999999997824 ) ) ;
#2650 = CARTESIAN_POINT ( 'NONE',  ( 1.357050807568873863, -3.323770530029912691E-15, 0.6874999999999841238 ) ) ;
#2651 = CARTESIAN_POINT ( 'NONE',  ( -0.7357503364870385809, -1.274356964481444532, 0.8296874999999971356 ) ) ;
#2652 = VERTEX_POINT ( 'NONE', #6994 ) ;
#2653 = SPHERICAL_SURFACE ( 'NONE', #127, 3.171922267359733816 ) ;
#2654 = DIRECTION ( 'NONE',  ( -1.000000000000000000, -0.000000000000000000, -0.000000000000000000 ) ) ;
#2655 = CARTESIAN_POINT ( 'NONE',  ( -0.8660254037844383745, 1.499999999999996669, 2.604166666666645202 ) ) ;
#2656 = CARTESIAN_POINT ( 'NONE',  ( -5.758472838989707566E-15, -1.175240473580835721, -2.500000000000008882 ) ) ;
#2657 = CARTESIAN_POINT ( 'NONE',  ( -1.471500672974076718, 3.442804483967585227E-15, 2.076562499999998757 ) ) ;
#2658 = CARTESIAN_POINT ( 'NONE',  ( -0.8294067547305613575, -0.4788582131113798268, 0.07499999999999737432 ) ) ;
#2659 = CARTESIAN_POINT ( 'NONE',  ( 1.322475605676655563, 0.7635316469341260071, 1.963541666666647201 ) ) ;
#2660 = APPROVAL ( #1541, 'UNSPECIFIED' ) ;
#2661 = B_SPLINE_CURVE_WITH_KNOTS ( 'NONE', 3,
 ( #7126, #3693, #4773, #4179 ),
 .UNSPECIFIED., .F., .F.,
 ( 4, 4 ),
 ( 0.000000000000000000, 0.0002889088506456981872 ),
 .UNSPECIFIED. ) ;
#2662 = CARTESIAN_POINT ( 'NONE',  ( 0.000000000000000000, 0.9577164262227704228, -0.4687500000000017208 ) ) ;
#2663 = CARTESIAN_POINT ( 'NONE',  ( -2.799999999999998490, 0.000000000000000000, 0.000000000000000000 ) ) ;
#2664 = CARTESIAN_POINT ( 'NONE',  ( -0.6785254037844264952, 1.175240473580835499, 4.354166666666642982 ) ) ;
#2665 = LINE ( 'NONE', #29, #160 ) ;
#2666 = FACE_OUTER_BOUND ( 'NONE', #4119, .T. ) ;
#2667 = DATE_AND_TIME ( #5998, #5561 ) ;
#2668 = CARTESIAN_POINT ( 'NONE',  ( -0.6785254037844368202, 1.175240473580829503, -4.145833333333338366 ) ) ;
#2669 = CARTESIAN_POINT ( 'NONE',  ( -1.357050807568873863, -2.991388944476002371E-15, 4.874999999999975131 ) ) ;
#2670 = CC_DESIGN_APPROVAL ( #2571, ( #4942 ) ) ;
#2671 = VERTEX_POINT ( 'NONE', #4190 ) ;
#2672 = DIRECTION ( 'NONE',  ( 0.000000000000000000, 0.000000000000000000, -1.000000000000000000 ) ) ;
#2673 = ORIENTED_EDGE ( 'NONE', *, *, #5322, .T. ) ;
#2674 = CARTESIAN_POINT ( 'NONE',  ( 0.09746422677278047952, 1.488905115855650996, 4.988905115855626349 ) ) ;
#2675 = CARTESIAN_POINT ( 'NONE',  ( -3.000000000000000000, -7.799999999999999822, 0.000000000000000000 ) ) ;
#2676 = CARTESIAN_POINT ( 'NONE',  ( -1.732050807568876971, -2.968426816991988742E-15, 3.124999999999981792 ) ) ;
#2677 = CARTESIAN_POINT ( 'NONE',  ( -1.870113174931179184E-16, -1.527063293868263338, -0.7343750000000118794 ) ) ;
#2678 = ORIENTED_EDGE ( 'NONE', *, *, #4786, .F. ) ;
#2679 = CARTESIAN_POINT ( 'NONE',  ( -1.439254484199186421E-16, -1.175240473580835721, -2.500000000000008882 ) ) ;
#2680 = CARTESIAN_POINT ( 'NONE',  ( -2.049999999999994493, 1.581296885077711378, -8.000000000000003553 ) ) ;
#2681 = CARTESIAN_POINT ( 'NONE',  ( -3.000000000000000000, -0.5656854249492359044, -0.5656854249492359044 ) ) ;
#2682 = CARTESIAN_POINT ( 'NONE',  ( -0.8294067547305612464, 0.4788582131113871543, -0.9000000000000023537 ) ) ;
#2683 = CARTESIAN_POINT ( 'NONE',  ( 7.041719095097280880E-16, 2.916815472394509001, -3.765343609818367021 ) ) ;
#2684 = DIRECTION ( 'NONE',  ( -0.000000000000000000, 1.000000000000000000, 0.000000000000000000 ) ) ;
#2685 = CARTESIAN_POINT ( 'NONE',  ( 0.6785254037844365982, -1.175240473580835721, -0.3958333333333461379 ) ) ;
#2686 = CARTESIAN_POINT ( 'NONE',  ( -1.471500672974076718, 3.418958812436481769E-15, 2.554687499999996447 ) ) ;
#2687 = VERTEX_POINT ( 'NONE', #3090 ) ;
#2688 = EDGE_CURVE ( 'NONE', #4558, #3441, #2831, .T. ) ;
#2689 = FACE_OUTER_BOUND ( 'NONE', #6663, .T. ) ;
#2690 = DIRECTION ( 'NONE',  ( -1.000000000000000000, 0.000000000000000000, 0.000000000000000000 ) ) ;
#2691 = AXIS2_PLACEMENT_3D ( 'NONE', #3690, #1764, #4174 ) ;
#2692 = CARTESIAN_POINT ( 'NONE',  ( -0.8660254037844388186, -1.500000000000002665, 2.270833333333312165 ) ) ;
#2693 = CARTESIAN_POINT ( 'NONE',  ( -0.8294067547305613575, -0.4788582131113797713, -1.218750000000001554 ) ) ;
#2694 = CARTESIAN_POINT ( 'NONE',  ( 0.6785254037844421493, 1.175240473580826395, -2.291666666666675845 ) ) ;
#2695 = CARTESIAN_POINT ( 'NONE',  ( -0.7357503364870385809, -1.274356964481444532, 2.601562499999998668 ) ) ;
#2696 = CARTESIAN_POINT ( 'NONE',  ( -1.105875672974081736, 3.499668200347574340E-15, 0.4874999999999974354 ) ) ;
#2697 = CARTESIAN_POINT ( 'NONE',  ( 1.322475605676655563, 0.7635316469341260071, 2.463541666666646979 ) ) ;
#2698 = AXIS2_PLACEMENT_3D ( 'NONE', #268, #3637, #1261 ) ;
#2699 = CARTESIAN_POINT ( 'NONE',  ( 1.105875672974081736, 3.259665884049415435E-15, -0.1312500000000015876 ) ) ;
#2700 = CARTESIAN_POINT ( 'NONE',  ( 0.5529378364870405349, -0.9577164262227636504, -2.006250000000001421 ) ) ;
#2701 = CARTESIAN_POINT ( 'NONE',  ( -2.933349480478300020, 7.866650519521704688, 5.084323085060604264 ) ) ;
#2702 = ADVANCED_FACE ( 'NONE', ( #1616 ), #442, .F. ) ;
#2703 = CARTESIAN_POINT ( 'NONE',  ( -1.084202172485504434E-16, -1.154700538379250574, 6.649999999999999467 ) ) ;
#2704 = CARTESIAN_POINT ( 'NONE',  ( -0.9286407732363473055, 0.9713380565741209782, -4.784140963805166180 ) ) ;
#2705 = APPROVAL_DATE_TIME ( #4519, #4198 ) ;
#2706 = CARTESIAN_POINT ( 'NONE',  ( 0.8816504037844375974, 1.527063293868256677, 6.473958333333305504 ) ) ;
#2707 = CARTESIAN_POINT ( 'NONE',  ( 1.017788105676655341, -0.5876202367904199697, 7.083333333333304616 ) ) ;
#2708 = ORIENTED_EDGE ( 'NONE', *, *, #5386, .T. ) ;
#2709 = CARTESIAN_POINT ( 'NONE',  ( 3.496703285417282571E-15, -1.049999999999999378, 3.449999999999996181 ) ) ;
#2710 = EDGE_LOOP ( 'NONE', ( #4966 ) ) ;
#2711 = CARTESIAN_POINT ( 'NONE',  ( 0.7216878364870319418, -1.249999999999997113, -0.03750000000000699302 ) ) ;
#2712 = EDGE_LOOP ( 'NONE', ( #6335 ) ) ;
#2713 = CARTESIAN_POINT ( 'NONE',  ( 1.017788105676660226, 0.5876202367904050927, -0.7708333333333455828 ) ) ;
#2714 = DIRECTION ( 'NONE',  ( 1.000000000000000000, -0.000000000000000000, -0.000000000000000000 ) ) ;
#2715 = CARTESIAN_POINT ( 'NONE',  ( -1.299038105676658006, 0.7499999999999971134, 1.083333333333319048 ) ) ;
#2716 = CARTESIAN_POINT ( 'NONE',  ( -0.8816504037844365982, 1.527063293868257121, 0.5572916666666520857 ) ) ;
#2717 = CARTESIAN_POINT ( 'NONE',  ( 1.017788105676655341, -0.5876202367904199697, -0.9166666666666785090 ) ) ;
#2718 = DIRECTION ( 'NONE',  ( -1.000000000000000000, -0.000000000000000000, -0.000000000000000000 ) ) ;
#2719 = CARTESIAN_POINT ( 'NONE',  ( -1.443375672974064994, 3.618522174328903288E-15, -1.481249999999997069 ) ) ;
#2720 = CARTESIAN_POINT ( 'NONE',  ( -1.105875672974081736, 3.566997155258924166E-15, -0.8625000000000025979 ) ) ;
#2721 = VERTEX_POINT ( 'NONE', #420 ) ;
#2722 = CARTESIAN_POINT ( 'NONE',  ( 1.050943903832689319, 1.070288237343987925, 5.000000000000000000 ) ) ;
#2723 = CARTESIAN_POINT ( 'NONE',  ( -1.017788105676655563, 0.5876202367904134194, 3.395833333333311277 ) ) ;
#2724 = ADVANCED_FACE ( 'NONE', ( #4420, #3849 ), #3816, .T. ) ;
#2725 = FACE_OUTER_BOUND ( 'NONE', #3454, .T. ) ;
#2726 = ORIENTED_EDGE ( 'NONE', *, *, #5351, .T. ) ;
#2727 = AXIS2_PLACEMENT_3D ( 'NONE', #4461, #6196, #4428 ) ;
#2728 = CARTESIAN_POINT ( 'NONE',  ( 2.800000000000001155, -0.9433296209488570838, 1.791857758372713105 ) ) ;
#2729 = CARTESIAN_POINT ( 'NONE',  ( 1.299038105676658450, 0.7499999999999958922, 1.979166666666645646 ) ) ;
#2730 = CARTESIAN_POINT ( 'NONE',  ( -0.5529378364870412010, -0.9577164262227633174, -0.7312500000000015099 ) ) ;
#2731 = CARTESIAN_POINT ( 'NONE',  ( 1.727105381039023507E-15, 1.175240473580829725, -2.250000000000009326 ) ) ;
#2732 = APPROVAL_PERSON_ORGANIZATION ( #5236, #2660, #3775 ) ;
#2733 = CARTESIAN_POINT ( 'NONE',  ( 0.8294067547305610244, -0.4788582131113803264, -2.418750000000001510 ) ) ;
#2734 = EDGE_CURVE ( 'NONE', #2025, #7009, #6076, .T. ) ;
#2735 = CARTESIAN_POINT ( 'NONE',  ( -1.105875672974081736, 3.365010290524873901E-15, 3.187499999999997780 ) ) ;
#2736 = CARTESIAN_POINT ( 'NONE',  ( -1.322475605676654897, 0.7635316469341272283, 1.630208333333315052 ) ) ;
#2737 = AXIS2_PLACEMENT_3D ( 'NONE', #6733, #2714, #3929 ) ;
#2738 = CARTESIAN_POINT ( 'NONE',  ( 0.8294067547305616905, 0.4788582131113862661, 0.3562499999999980682 ) ) ;
#2739 = CARTESIAN_POINT ( 'NONE',  ( 0.8660254037844393737, 1.499999999999996669, -3.979166666666674068 ) ) ;
#2740 = FACE_OUTER_BOUND ( 'NONE', #3143, .T. ) ;
#2741 = CARTESIAN_POINT ( 'NONE',  ( -3.000000000000000000, 0.000000000000000000, 0.000000000000000000 ) ) ;
#2742 = APPROVAL_STATUS ( 'not_yet_approved' ) ;
#2743 = CARTESIAN_POINT ( 'NONE',  ( -0.8816504037844365982, 1.527063293868257121, 7.057291666666638541 ) ) ;
#2744 = DIRECTION ( 'NONE',  ( 0.7071067811865521247, 0.4999999999999967804, 0.4999999999999967804 ) ) ;
#2745 = CARTESIAN_POINT ( 'NONE',  ( 0.000000000000000000, 1.175240473580829725, 6.749999999999971578 ) ) ;
#2746 = CIRCLE ( 'NONE', #3337, 2.024999999999999911 ) ;
#2747 = VERTEX_POINT ( 'NONE', #579 ) ;
#2748 = CARTESIAN_POINT ( 'NONE',  ( -0.9999999999999991118, -0.3984438525967715639, 6.560546791703573355 ) ) ;
#2749 = CIRCLE ( 'NONE', #6868, 9.299999999999998934 ) ;
#2750 = DESIGN_CONTEXT ( 'detailed design', #4414, 'design' ) ;
#2751 = EDGE_CURVE ( 'NONE', #3748, #4452, #635, .T. ) ;
#2752 = ORIENTED_EDGE ( 'NONE', *, *, #2688, .T. ) ;
#2753 = CARTESIAN_POINT ( 'NONE',  ( -1.082531754730548856, -0.6249999999999966693, 0.2999999999999927169 ) ) ;
#2754 = ORIENTED_EDGE ( 'NONE', *, *, #7269, .T. ) ;
#2755 = CARTESIAN_POINT ( 'NONE',  ( -0.6785254037844379305, -1.175240473580835054, -2.479166666666676289 ) ) ;
#2756 = LINE ( 'NONE', #7260, #523 ) ;
#2757 = CARTESIAN_POINT ( 'NONE',  ( -1.836970198721029688E-16, -1.500000000000002887, -1.750000000000007994 ) ) ;
#2758 = VECTOR ( 'NONE', #4123, 1000.000000000000114 ) ;
#2759 = CARTESIAN_POINT ( 'NONE',  ( -0.8816504037844372643, -1.527063293868263116, -0.7760416666666782870 ) ) ;
#2760 = CARTESIAN_POINT ( 'NONE',  ( 1.017788105676656008, 0.5876202367904124202, -3.333333333333340587 ) ) ;
#2761 = CARTESIAN_POINT ( 'NONE',  ( 2.800000000000001155, 8.000000000000003553, 0.000000000000000000 ) ) ;
#2762 = PRODUCT_DEFINITION ( 'UNKNOWN', '', #1690, #4900 ) ;
#2763 = DIRECTION ( 'NONE',  ( -0.7071067811865436870, -0.5000000000000027756, -0.5000000000000027756 ) ) ;
#2764 = CARTESIAN_POINT ( 'NONE',  ( 1.105875672974081736, 3.262471257170722467E-15, -0.1875000000000023315 ) ) ;
#2765 = VERTEX_POINT ( 'NONE', #963 ) ;
#2766 = DIRECTION ( 'NONE',  ( 6.982962677686266711E-15, -1.000000000000000000, 3.439169024018286180E-16 ) ) ;
#2767 = CARTESIAN_POINT ( 'NONE',  ( 1.357050807568873863, -3.323770530029912691E-15, 3.187499999999978240 ) ) ;
#2768 = CARTESIAN_POINT ( 'NONE',  ( -0.7357503364870382478, 1.274356964481451415, 2.479687499999996714 ) ) ;
#2769 = CARTESIAN_POINT ( 'NONE',  ( -0.7216878364870322748, 1.250000000000003775, 2.943750000000002753 ) ) ;
#2770 = CARTESIAN_POINT ( 'NONE',  ( -0.8660254037844388186, -1.500000000000002665, 3.270833333333309501 ) ) ;
#2771 = CARTESIAN_POINT ( 'NONE',  ( 0.8294067547305616905, 0.4788582131113863216, -1.443750000000001643 ) ) ;
#2772 = CARTESIAN_POINT ( 'NONE',  ( -1.017788105676653565, 0.5876202367904167501, -0.6666666666666790642 ) ) ;
#2773 = CARTESIAN_POINT ( 'NONE',  ( 0.7357503364870378038, -1.274356964481444976, 2.226562499999998668 ) ) ;
#2774 = CARTESIAN_POINT ( 'NONE',  ( -1.471500672974076718, 3.688274632081881465E-15, -2.845312500000002576 ) ) ;
#2775 = CARTESIAN_POINT ( 'NONE',  ( -1.870113174931178938E-16, -1.527063293868263116, 1.296874999999982014 ) ) ;
#2776 = ADVANCED_FACE ( 'NONE', ( #6661, #2824 ), #5790, .F. ) ;
#2777 = ADVANCED_FACE ( 'NONE', ( #5007 ), #1913, .F. ) ;
#2778 = CARTESIAN_POINT ( 'NONE',  ( 0.8294067547305616905, 0.4788582131113862661, -0.09375000000000181799 ) ) ;
#2779 = CARTESIAN_POINT ( 'NONE',  ( 2.800000000000001155, 8.000000000000003553, -5.123475382979792769 ) ) ;
#2780 = DIRECTION ( 'NONE',  ( 0.000000000000000000, -1.000000000000000000, 0.000000000000000000 ) ) ;
#2781 = CARTESIAN_POINT ( 'NONE',  ( 2.800000000000001155, -5.020458146424486401, 4.171930009000630157 ) ) ;
#2782 = APPROVAL_ROLE ( '' ) ;
#2783 = DIRECTION ( 'NONE',  ( 1.000000000000000000, 0.000000000000000000, 0.000000000000000000 ) ) ;
#2784 = CARTESIAN_POINT ( 'NONE',  ( 1.017788105676655341, -0.5876202367904199697, 5.583333333333306392 ) ) ;
#2785 = ORIENTED_EDGE ( 'NONE', *, *, #5393, .F. ) ;
#2786 = PLANE ( 'NONE',  #5085 ) ;
#2787 = EDGE_CURVE ( 'NONE', #6113, #518, #6031, .T. ) ;
#2788 = ORIENTED_EDGE ( 'NONE', *, *, #6921, .T. ) ;
#2789 = CARTESIAN_POINT ( 'NONE',  ( -0.7216878364870322748, 1.250000000000003775, 0.1874999999999929778 ) ) ;
#2790 =( BOUNDED_CURVE ( )  B_SPLINE_CURVE ( 2, ( #7156, #1597, #491, #1707, #5638, #595, #2105, #4357, #1558, #6054, #5828, #5237, #702, #6927, #2838, #1743, #3974, #3459, #6854, #6234, #6272, #2948, #1188, #1296, #4653, #6816, #6892, #1850, #5674, #5126, #742, #631, #4574, #3420, #4093, #124, #1264, #1816, #2987, #2876, #1780, #6339, #2360, #3494, #4057, #1883, #1332, #5087, #6306, #1226, #5787, #89, #3531, #2288, #201, #2429, #4687, #2322, #4013, #53, #162, #5750, #5195, #2394, #4127, #6376, #3573, #4538, #6780, #5716, #667, #2912, #5161, #4610, #2536, #5897, #6960, #4196, #4230, #1920, #845, #6448, #5270, #5304, #1958, #1992, #3134, #1403, #4758, #7000, #3168, #4794, #2569, #6485, #307, #2602, #5410, #6562, #1441, #4720, #238, #5375, #3641, #3097, #271, #2463, #5341, #7035, #1517, #3677, #5938, #3605, #4163, #4272, #3749, #340, #919, #4829, #883, #7070, #2026, #6525, #6416, #1480, #3714, #1369, #5974, #779, #374, #2067, #4869, #5863, #7113, #812, #4312, #3025, #3063, #2499, #5004, #3202, #2893, #32, #1797, #1204, #3955, #5142, #6010, #7253, #2197, #6725, #2819, #4450, #2231, #5107, #1134, #3994, #6692, #1650, #7285, #6143, #5619 ),
 .UNSPECIFIED., .F., .F. ) 
 B_SPLINE_CURVE_WITH_KNOTS ( ( 3, 2, 2, 2, 2, 2, 2, 2, 2, 2, 2, 2, 2, 2, 2, 2, 2, 2, 2, 2, 2, 2, 2, 2, 2, 2, 2, 2, 2, 2, 2, 2, 2, 2, 2, 2, 2, 2, 2, 2, 2, 2, 2, 2, 2, 2, 2, 2, 2, 2, 2, 2, 2, 2, 2, 2, 2, 2, 2, 2, 2, 2, 2, 2, 2, 2, 2, 2, 2, 2, 2, 2, 2, 2, 2, 2, 2, 2, 2, 2, 3 ),
 ( 0.03995832263194219053, 0.04444444444444444614, 0.05555555555555555247, 0.06666666666666666574, 0.07777777777777777901, 0.08888888888888889228, 0.1000000000000000056, 0.1111111111111111049, 0.1222222222222222321, 0.1333333333333333315, 0.1444444444444444309, 0.1555555555555555580, 0.1666666666666666574, 0.1777777777777777846, 0.1888888888888888840, 0.1999999999999999833, 0.2111111111111111105, 0.2222222222222222099, 0.2333333333333333648, 0.2444444444444444364, 0.2555555555555555358, 0.2666666666666667185, 0.2777777777777777901, 0.2888888888888888618, 0.2999999999999999889, 0.3111111111111111160, 0.3222222222222222432, 0.3333333333333333148, 0.3444444444444444420, 0.3555555555555555691, 0.3666666666666666408, 0.3777777777777777679, 0.3888888888888888951, 0.4000000000000000222, 0.4111111111111110938, 0.4222222222222222210, 0.4333333333333333481, 0.4444444444444444198, 0.4555555555555555469, 0.4666666666666666741, 0.4777777777777778012, 0.4888888888888888729, 0.5000000000000000000, 0.5111111111111110716, 0.5222222222222222543, 0.5333333333333333259, 0.5444444444444443976, 0.5555555555555555802, 0.5666666666666666519, 0.5777777777777777235, 0.5888888888888889062, 0.5999999999999999778, 0.6111111111111111605, 0.6222222222222222321, 0.6333333333333333037, 0.6444444444444444864, 0.6555555555555555580, 0.6666666666666666297, 0.6777777777777778123, 0.6888888888888888840, 0.6999999999999999556, 0.7111111111111111382, 0.7222222222222222099, 0.7333333333333332815, 0.7444444444444444642, 0.7555555555555555358, 0.7666666666666667185, 0.7777777777777777901, 0.7888888888888888618, 0.8000000000000000444, 0.8111111111111111160, 0.8222222222222221877, 0.8333333333333333703, 0.8444444444444444420, 0.8555555555555555136, 0.8666666666666666963, 0.8777777777777777679, 0.8888888888888888395, 0.9000000000000000222, 0.9111111111111110938, 0.9222222222222222765 ),
 .UNSPECIFIED. ) 
 CURVE ( )  GEOMETRIC_REPRESENTATION_ITEM ( )  RATIONAL_B_SPLINE_CURVE ( ( 0.9354949502797649252, 0.9459076277436568869, 1.000000000000000000, 0.8660254037844387076, 1.000000000000000000, 0.8660254037844387076, 1.000000000000000000, 0.8660254037844387076, 1.000000000000000000, 0.8660254037844387076, 1.000000000000000000, 0.8660254037844387076, 1.000000000000000000, 0.8660254037844387076, 1.000000000000000000, 0.8660254037844387076, 1.000000000000000000, 0.8660254037844387076, 1.000000000000000000, 0.8660254037844387076, 1.000000000000000000, 0.8660254037844387076, 1.000000000000000000, 0.8660254037844387076, 1.000000000000000000, 0.8660254037844387076, 1.000000000000000000, 0.8660254037844387076, 1.000000000000000000, 0.8660254037844387076, 1.000000000000000000, 0.8660254037844387076, 1.000000000000000000, 0.8660254037844387076, 1.000000000000000000, 0.8660254037844387076, 1.000000000000000000, 0.8660254037844387076, 1.000000000000000000, 0.8660254037844387076, 1.000000000000000000, 0.8660254037844387076, 1.000000000000000000, 0.8660254037844387076, 1.000000000000000000, 0.8660254037844387076, 1.000000000000000000, 0.8660254037844387076, 1.000000000000000000, 0.8660254037844387076, 1.000000000000000000, 0.8660254037844387076, 1.000000000000000000, 0.8660254037844387076, 1.000000000000000000, 0.8660254037844387076, 1.000000000000000000, 0.8660254037844387076, 1.000000000000000000, 0.8660254037844387076, 1.000000000000000000, 0.8660254037844387076, 1.000000000000000000, 0.8660254037844387076, 1.000000000000000000, 0.8660254037844387076, 1.000000000000000000, 0.8660254037844387076, 1.000000000000000000, 0.8660254037844387076, 1.000000000000000000, 0.8660254037844387076, 1.000000000000000000, 0.8660254037844387076, 1.000000000000000000, 0.8660254037844387076, 1.000000000000000000, 0.8660254037844387076, 1.000000000000000000, 0.8660254037844387076, 1.000000000000000000, 0.8660254037844387076, 1.000000000000000000, 0.8660254037844387076, 1.000000000000000000, 0.8660254037844387076, 1.000000000000000000, 0.8660254037844387076, 1.000000000000000000, 0.8660254037844387076, 1.000000000000000000, 0.8660254037844387076, 1.000000000000000000, 0.8660254037844387076, 1.000000000000000000, 0.8660254037844387076, 1.000000000000000000, 0.8660254037844387076, 1.000000000000000000, 0.8660254037844387076, 1.000000000000000000, 0.8660254037844387076, 1.000000000000000000, 0.8660254037844387076, 1.000000000000000000, 0.8660254037844387076, 1.000000000000000000, 0.8660254037844387076, 1.000000000000000000, 0.8660254037844387076, 1.000000000000000000, 0.8660254037844387076, 1.000000000000000000, 0.8660254037844387076, 1.000000000000000000, 0.8660254037844387076, 1.000000000000000000, 0.8660254037844387076, 1.000000000000000000, 0.8660254037844387076, 1.000000000000000000, 0.8660254037844387076, 1.000000000000000000, 0.8660254037844387076, 1.000000000000000000, 0.8660254037844387076, 1.000000000000000000, 0.8660254037844387076, 1.000000000000000000, 0.8660254037844387076, 1.000000000000000000, 0.8660254037844387076, 1.000000000000000000, 0.8660254037844387076, 1.000000000000000000, 0.8660254037844387076, 1.000000000000000000, 0.8660254037844387076, 1.000000000000000000, 0.8660254037844387076, 1.000000000000000000, 0.8660254037844387076, 1.000000000000000000, 0.8660254037844387076, 1.000000000000000000, 0.8660254037844387076, 1.000000000000000000, 0.8660254037844387076, 1.000000000000000000, 0.8660254037844387076, 1.000000000000000000, 0.8660254037844387076, 1.000000000000000000, 0.8660254037844387076, 1.000000000000000000, 0.8660254037844387076, 1.000000000000000000, 0.8660254037844387076, 1.000000000000000000, 0.8660254037844387076, 1.000000000000000000 ) ) 
 REPRESENTATION_ITEM ( '' )  );
#2791 = CARTESIAN_POINT ( 'NONE',  ( -0.6785254037844380415, -1.175240473580835054, -1.979166666666676289 ) ) ;
#2792 = CARTESIAN_POINT ( 'NONE',  ( 3.000000000000000000, 0.000000000000000000, -7.800000000000002487 ) ) ;
#2793 = EDGE_LOOP ( 'NONE', ( #2274, #1843, #4868, #1298 ) ) ;
#2794 = CARTESIAN_POINT ( 'NONE',  ( 1.299038105676658450, 0.7499999999999957812, -1.583333333333341475 ) ) ;
#2795 = CARTESIAN_POINT ( 'NONE',  ( 1.322475605676654675, -0.7635316469341338896, -1.651041666666676511 ) ) ;
#2796 = SECURITY_CLASSIFICATION ( '', '', #4888 ) ;
#2797 = CARTESIAN_POINT ( 'NONE',  ( -1.017788105676655563, 0.5876202367904134194, -1.166666666666678731 ) ) ;
#2798 = CARTESIAN_POINT ( 'NONE',  ( -0.8473157484121002225, 1.467593926302968699, 3.449999999999995737 ) ) ;
#2799 = CARTESIAN_POINT ( 'NONE',  ( -0.1906536866923586315, -1.159672946348718758, -4.949759526419165390 ) ) ;
#2800 = CARTESIAN_POINT ( 'NONE',  ( -0.8294067547305612464, 0.4788582131113870988, 0.4499999999999977351 ) ) ;
#2801 = ADVANCED_FACE ( 'NONE', ( #3885 ), #35, .F. ) ;
#2802 = CARTESIAN_POINT ( 'NONE',  ( 0.000000000000000000, 0.000000000000000000, 0.000000000000000000 ) ) ;
#2803 = CARTESIAN_POINT ( 'NONE',  ( -0.5529378364870412010, -0.9577164262227635394, 2.868749999999998135 ) ) ;
#2804 = CARTESIAN_POINT ( 'NONE',  ( 1.017788105676656008, 0.5876202367904124202, 3.729166666666644758 ) ) ;
#2805 = DIRECTION ( 'NONE',  ( 1.000000000000000000, -0.000000000000000000, -0.000000000000000000 ) ) ;
#2806 = CARTESIAN_POINT ( 'NONE',  ( 0.000000000000000000, 1.250000000000003997, 2.006250000000002753 ) ) ;
#2807 = CARTESIAN_POINT ( 'NONE',  ( -1.732050807568876971, -2.968426816991988742E-15, 1.687499999999979572 ) ) ;
#2808 = CARTESIAN_POINT ( 'NONE',  ( 0.000000000000000000, 0.9577164262227704228, -0.01875000000000183811 ) ) ;
#2809 = CARTESIAN_POINT ( 'NONE',  ( 1.017788105676651345, -0.5876202367904265200, -0.4166666666666797303 ) ) ;
#2810 = CARTESIAN_POINT ( 'NONE',  ( 0.7357503364870390250, 1.274356964481451193, 2.826562499999998312 ) ) ;
#2811 = CARTESIAN_POINT ( 'NONE',  ( -0.5529378364870412010, -0.9577164262227635394, 2.362499999999997602 ) ) ;
#2812 = CARTESIAN_POINT ( 'NONE',  ( 1.322475605676655563, 0.7635316469341260071, 2.963541666666645646 ) ) ;
#2813 = AXIS2_PLACEMENT_3D ( 'NONE', #6231, #3312, #1112 ) ;
#2814 = CARTESIAN_POINT ( 'NONE',  ( -0.5529378364870412010, -0.9577164262227633174, 0.6187499999999982458 ) ) ;
#2815 = CYLINDRICAL_SURFACE ( 'NONE', #1562, 1.024999999999997913 ) ;
#2816 = DIRECTION ( 'NONE',  ( 0.000000000000000000, 0.000000000000000000, -1.000000000000000000 ) ) ;
#2817 = CARTESIAN_POINT ( 'NONE',  ( -1.081506794969444223E-14, 1.050000000000001599, 3.449999999999995737 ) ) ;
#2818 = PERSON_AND_ORGANIZATION ( #6017, #2973 ) ;
#2819 = CARTESIAN_POINT ( 'NONE',  ( 0.000000000000000000, 0.9577164262227702007, 2.624999999999997335 ) ) ;
#2820 = CARTESIAN_POINT ( 'NONE',  ( 0.000000000000000000, 1.175240473580829725, 5.249999999999975131 ) ) ;
#2821 = VECTOR ( 'NONE', #2077, 1000.000000000000000 ) ;
#2822 = ADVANCED_FACE ( 'NONE', ( #7180 ), #2786, .F. ) ;
#2823 = ORIENTED_EDGE ( 'NONE', *, *, #6258, .T. ) ;
#2824 = FACE_BOUND ( 'NONE', #2316, .T. ) ;
#2825 = UNCERTAINTY_MEASURE_WITH_UNIT (LENGTH_MEASURE( 1.000000000000000082E-05 ), #5715, 'distance_accuracy_value', 'NONE');
#2826 = EDGE_LOOP ( 'NONE', ( #6109 ) ) ;
#2827 = CARTESIAN_POINT ( 'NONE',  ( 1.082531754730548634, -0.6249999999999973355, -1.350000000000006972 ) ) ;
#2828 = CARTESIAN_POINT ( 'NONE',  ( 1.017788105676660004, 0.5876202367904055368, -1.770833333333343473 ) ) ;
#2829 = DIRECTION ( 'NONE',  ( 0.000000000000000000, -5.195471269110015593E-17, -1.000000000000000000 ) ) ;
#2830 = CARTESIAN_POINT ( 'NONE',  ( 1.732050807568876971, -3.392656912481952001E-15, 0.3749999999999875100 ) ) ;
#2832 = CARTESIAN_POINT ( 'NONE',  ( 0.8816504037844361541, -1.527063293868264005, 2.307291666666648311 ) ) ;
#2831 = B_SPLINE_CURVE_WITH_KNOTS ( 'NONE', 3,
 ( #5334, #2528, #4785, #4222, #2748, #5072 ),
 .UNSPECIFIED., .F., .F.,
 ( 4, 2, 4 ),
 ( 0.0006269138418756208583, 0.001224952637099764943, 0.001822991432323909245 ),
 .UNSPECIFIED. ) ;
#2833 = CARTESIAN_POINT ( 'NONE',  ( 0.000000000000000000, 1.175240473580829725, -2.250000000000009326 ) ) ;
#2834 = PLANE ( 'NONE',  #2378 ) ;
#2835 = DIRECTION ( 'NONE',  ( 0.000000000000000000, 0.000000000000000000, -1.000000000000000000 ) ) ;
#2836 = DIRECTION ( 'NONE',  ( 0.000000000000000000, 0.7071067811865474617, -0.7071067811865474617 ) ) ;
#2837 = CARTESIAN_POINT ( 'NONE',  ( 0.5529378364870414231, 0.9577164262227699787, 0.7874999999999974243 ) ) ;
#2838 = CARTESIAN_POINT ( 'NONE',  ( 0.8294067547305610244, -0.4788582131113803264, -2.475000000000002309 ) ) ;
#2839 = CARTESIAN_POINT ( 'NONE',  ( 0.6785254037844377084, 1.175240473580829059, 1.770833333333315274 ) ) ;
#2840 = CARTESIAN_POINT ( 'NONE',  ( 3.000000000000000000, 0.000000000000000000, 0.000000000000000000 ) ) ;
#2841 = EDGE_CURVE ( 'NONE', #6633, #4558, #6775, .T. ) ;
#2842 = CARTESIAN_POINT ( 'NONE',  ( -1.082531754730548634, 0.6250000000000036637, 1.631250000000003197 ) ) ;
#2843 = CARTESIAN_POINT ( 'NONE',  ( 0.8660254037844381525, -1.500000000000003331, 3.291666666666647867 ) ) ;
#2844 = CARTESIAN_POINT ( 'NONE',  ( 0.5529378364870405349, -0.9577164262227637614, 0.2437499999999983291 ) ) ;
#2845 = CARTESIAN_POINT ( 'NONE',  ( -1.357050807568874085, -1.745797986821589932E-15, 0.3749999999999846789 ) ) ;
#2846 = CARTESIAN_POINT ( 'NONE',  ( -0.5529378364870407569, 0.9577164262227705338, -2.681250000000001688 ) ) ;
#2847 = CARTESIAN_POINT ( 'NONE',  ( -1.103625504730557427, 0.6371784822407277060, -3.332812500000002842 ) ) ;
#2848 = CARTESIAN_POINT ( 'NONE',  ( -0.8816504037844364872, 1.527063293868256899, 3.088541666666645646 ) ) ;
#2849 = CONICAL_SURFACE ( 'NONE', #969, 9.299999999999998934, 0.7853981633974526089 ) ;
#2851 = CARTESIAN_POINT ( 'NONE',  ( -1.105875672974081736, 3.407090887344467147E-15, 2.343749999999997780 ) ) ;
#2850 = LOCAL_TIME ( 13, 37, 30.00000000000000000, #5693 ) ;
#2852 = CARTESIAN_POINT ( 'NONE',  ( -0.8660254037844383745, 1.499999999999996669, -4.395833333333340143 ) ) ;
#2853 = CARTESIAN_POINT ( 'NONE',  ( 0.8994798301350792613, -0.6746764499392496894, 3.449999999999996181 ) ) ;
#2854 = CARTESIAN_POINT ( 'NONE',  ( -1.147939642450409581, -0.8274478427603311204, -4.712745169478028906 ) ) ;
#2855 = DATE_AND_TIME ( #1684, #6386 ) ;
#2856 = CARTESIAN_POINT ( 'NONE',  ( -0.8294067547305612464, 0.4788582131113872098, -3.150000000000002132 ) ) ;
#2857 = CARTESIAN_POINT ( 'NONE',  ( -1.322475605676654897, 0.7635316469341272283, -4.869791666666670515 ) ) ;
#2858 = ORIENTED_EDGE ( 'NONE', *, *, #3613, .F. ) ;
#2859 = CARTESIAN_POINT ( 'NONE',  ( -0.6785254037844358210, 1.175240473580830169, -4.145833333333338366 ) ) ;
#2860 = AXIS2_PLACEMENT_3D ( 'NONE', #6913, #6363, #3594 ) ;
#2861 = EDGE_LOOP ( 'NONE', ( #2494, #331, #107, #4901 ) ) ;
#2862 = CARTESIAN_POINT ( 'NONE',  ( 1.082531754730548634, -0.6249999999999973355, -0.4500000000000071165 ) ) ;
#2863 = CARTESIAN_POINT ( 'NONE',  ( -0.6785254037844300479, 1.175240473580833500, -1.645833333333343695 ) ) ;
#2864 = DIRECTION ( 'NONE',  ( -0.000000000000000000, 5.195471269110015593E-17, 1.000000000000000000 ) ) ;
#2865 = CARTESIAN_POINT ( 'NONE',  ( -1.299038105676658006, -0.7500000000000026645, -0.3333333333333441950 ) ) ;
#2866 = CARTESIAN_POINT ( 'NONE',  ( -1.870113174931179184E-16, -1.527063293868263338, 2.265624999999982236 ) ) ;
#2867 = VECTOR ( 'NONE', #6687, 1000.000000000000114 ) ;
#2868 = CARTESIAN_POINT ( 'NONE',  ( -1.017788105676655563, -0.5876202367904191926, -0.5833333333333462489 ) ) ;
#2869 = ORIENTED_EDGE ( 'NONE', *, *, #6921, .F. ) ;
#2870 = CARTESIAN_POINT ( 'NONE',  ( 0.07813100402512572484, -1.109591582173288682, 6.604891043794038019 ) ) ;
#2871 = ADVANCED_FACE ( 'NONE', ( #3958 ), #2849, .T. ) ;
#2872 = EDGE_CURVE ( 'NONE', #3850, #4398, #275, .T. ) ;
#2873 = LINE ( 'NONE', #4535, #4593 ) ;
#2874 = AXIS2_PLACEMENT_3D ( 'NONE', #7250, #2160, #30 ) ;
#2875 = DIRECTION ( 'NONE',  ( 0.000000000000000000, 0.7071067811865474617, -0.7071067811865474617 ) ) ;
#2876 = CARTESIAN_POINT ( 'NONE',  ( 1.105875672974081736, 3.329800212082071898E-15, -1.537500000000002309 ) ) ;
#2877 = CARTESIAN_POINT ( 'NONE',  ( 1.017788105676656008, 0.5876202367904124202, 4.229166666666642982 ) ) ;
#2878 = CARTESIAN_POINT ( 'NONE',  ( -0.8294067547305612464, 0.4788582131113872098, -2.643750000000001599 ) ) ;
#2879 = CARTESIAN_POINT ( 'NONE',  ( -1.443375672974064994, 3.483864264506203637E-15, 1.218750000000002665 ) ) ;
#2880 = CARTESIAN_POINT ( 'NONE',  ( 0.5529378364870414231, 0.9577164262227699787, 0.8437499999999982236 ) ) ;
#2881 = CARTESIAN_POINT ( 'NONE',  ( 1.017788105676646904, -0.5876202367904342916, 0.5833333333333177162 ) ) ;
#2882 = CARTESIAN_POINT ( 'NONE',  ( 0.5529378364870414231, 0.9577164262227702007, -1.856250000000001510 ) ) ;
#2883 = CARTESIAN_POINT ( 'NONE',  ( 1.763300807568873418, -3.398397444352954817E-15, 7.390624999999970690 ) ) ;
#2884 = CARTESIAN_POINT ( 'NONE',  ( 0.7357503364870390250, 1.274356964481451415, -2.545312500000002753 ) ) ;
#2885 = EDGE_LOOP ( 'NONE', ( #6256, #989, #5006, #6984 ) ) ;
#2886 = CARTESIAN_POINT ( 'NONE',  ( 1.763300807568873196, -3.398397444352954028E-15, 2.921874999999978684 ) ) ;
#2887 = CARTESIAN_POINT ( 'NONE',  ( 0.8946722131018712831, -0.3658151232329994174, 2.990102549156240741 ) ) ;
#2888 = CARTESIAN_POINT ( 'NONE',  ( 0.8660254037844393737, 1.499999999999996669, -1.979166666666678731 ) ) ;
#2889 = LINE ( 'NONE', #103, #4990 ) ;
#2890 = CARTESIAN_POINT ( 'NONE',  ( -1.560637177523342561E-16, -1.274356964481444532, -0.5109375000000009326 ) ) ;
#2891 = APPROVAL_DATE_TIME ( #720, #2218 ) ;
#2892 = CC_DESIGN_DATE_AND_TIME_ASSIGNMENT ( #5955, #3622, ( #2796 ) ) ;
#2893 = CARTESIAN_POINT ( 'NONE',  ( -0.8294067547305612464, 0.4788582131113869877, 2.249999999999997780 ) ) ;
#2894 = CARTESIAN_POINT ( 'NONE',  ( -1.870113174931178938E-16, -1.527063293868263116, -5.203125000000003553 ) ) ;
#2895 = ORIENTED_EDGE ( 'NONE', *, *, #938, .F. ) ;
#2896 = CARTESIAN_POINT ( 'NONE',  ( 0.6785254037844377084, 1.175240473580829059, -4.729166666666670515 ) ) ;
#2897 = EDGE_LOOP ( 'NONE', ( #5403, #3923, #2292, #3304 ) ) ;
#2898 = CARTESIAN_POINT ( 'NONE',  ( 1.082531754730549078, 0.6250000000000027756, 1.424999999999992273 ) ) ;
#2899 = ORIENTED_EDGE ( 'NONE', *, *, #6852, .F. ) ;
#2900 = CARTESIAN_POINT ( 'NONE',  ( -1.017788105676652899, 0.5876202367904177493, 1.395833333333316606 ) ) ;
#2901 = CARTESIAN_POINT ( 'NONE',  ( -0.5259484297002599007, -1.268653532509613990, 4.861685552714262393 ) ) ;
#2902 = CARTESIAN_POINT ( 'NONE',  ( -1.299038105676658006, 0.7499999999999971134, -1.416666666666675400 ) ) ;
#2903 = CARTESIAN_POINT ( 'NONE',  ( 0.8816504037844375974, 1.527063293868256677, 1.473958333333316828 ) ) ;
#2904 = CARTESIAN_POINT ( 'NONE',  ( 0.6785254037844377084, 1.175240473580829059, 1.708333333333315274 ) ) ;
#2905 = ORIENTED_EDGE ( 'NONE', *, *, #710, .F. ) ;
#2906 = DIRECTION ( 'NONE',  ( 1.000000000000000000, -0.000000000000000000, 0.000000000000000000 ) ) ;
#2907 = ORIENTED_EDGE ( 'NONE', *, *, #4109, .F. ) ;
#2908 = DIRECTION ( 'NONE',  ( 0.000000000000000000, 0.000000000000000000, -1.000000000000000000 ) ) ;
#2909 = APPROVAL_PERSON_ORGANIZATION ( #3695, #3742, #2517 ) ;
#2910 = LINE ( 'NONE', #121, #66 ) ;
#2911 = CARTESIAN_POINT ( 'NONE',  ( 0.5529378364870405349, -0.9577164262227637614, 1.537499999999997202 ) ) ;
#2912 = CARTESIAN_POINT ( 'NONE',  ( -0.5529378364870412010, -0.9577164262227633174, -0.3375000000000022982 ) ) ;
#2913 = CARTESIAN_POINT ( 'NONE',  ( -1.017788105676655563, 0.5876202367904134194, 5.395833333333308168 ) ) ;
#2914 = VERTEX_POINT ( 'NONE', #6186 ) ;
#2915 = CARTESIAN_POINT ( 'NONE',  ( 0.8294067547305616905, 0.4788582131113864326, -2.793750000000001510 ) ) ;
#2916 = APPROVAL_PERSON_ORGANIZATION ( #5286, #2571, #3589 ) ;
#2917 = CARTESIAN_POINT ( 'NONE',  ( 0.7216878364870319418, -1.249999999999997113, 2.268750000000002487 ) ) ;
#2918 = CARTESIAN_POINT ( 'NONE',  ( 0.8294067547305616905, 0.4788582131113860996, 3.056249999999998135 ) ) ;
#2919 = CARTESIAN_POINT ( 'NONE',  ( -8.061280013708407417E-15, -1.175240473580835721, 1.499999999999982236 ) ) ;
#2920 = CARTESIAN_POINT ( 'NONE',  ( -0.5529378364870412010, -0.9577164262227633174, 0.1687499999999983458 ) ) ;
#2921 = CARTESIAN_POINT ( 'NONE',  ( 1.357050807568873863, -3.323770530029912691E-15, -3.812500000000006217 ) ) ;
#2922 = CARTESIAN_POINT ( 'NONE',  ( -0.7357503364870382478, 1.274356964481451637, -1.570312500000003109 ) ) ;
#2923 = CARTESIAN_POINT ( 'NONE',  ( 0.8816504037844360431, -1.527063293868263560, 4.838541666666642094 ) ) ;
#2924 = ADVANCED_FACE ( 'NONE', ( #2166 ), #36, .T. ) ;
#2925 = CARTESIAN_POINT ( 'NONE',  ( 0.000000000000000000, 0.9577164262227703118, 1.331249999999998268 ) ) ;
#2926 = CARTESIAN_POINT ( 'NONE',  ( 0.000000000000000000, 1.499999999999996669, -2.937500000000010214 ) ) ;
#2927 = FACE_OUTER_BOUND ( 'NONE', #5983, .T. ) ;
#2928 = CARTESIAN_POINT ( 'NONE',  ( -1.103625504730557427, 0.6371784822407275950, -1.110937500000000799 ) ) ;
#2929 = CALENDAR_DATE ( 2025, 8, 10 ) ;
#2930 = CARTESIAN_POINT ( 'NONE',  ( 0.8294067547305610244, -0.4788582131113803819, -1.575000000000002398 ) ) ;
#2931 = CARTESIAN_POINT ( 'NONE',  ( 1.763300807568873196, -3.398397444352954028E-15, -4.578125000000004441 ) ) ;
#2932 = CARTESIAN_POINT ( 'NONE',  ( -0.6785254037844351549, 1.175240473580830836, -3.145833333333340587 ) ) ;
#2933 = B_SPLINE_CURVE_WITH_KNOTS ( 'NONE', 3,
 ( #5634, #3383, #427, #4497 ),
 .UNSPECIFIED., .F., .F.,
 ( 4, 4 ),
 ( 0.000000000000000000, 0.0003555881302273123843 ),
 .UNSPECIFIED. ) ;
#2934 = EDGE_CURVE ( 'NONE', #3284, #4768, #6324, .T. ) ;
#2935 = CARTESIAN_POINT ( 'NONE',  ( 0.000000000000000000, 1.250000000000003997, 2.399999999999992806 ) ) ;
#2936 = CARTESIAN_POINT ( 'NONE',  ( 1.357050807568874085, -1.038771921122326062E-14, 2.187499999999981348 ) ) ;
#2937 = FACE_OUTER_BOUND ( 'NONE', #993, .T. ) ;
#2938 = CARTESIAN_POINT ( 'NONE',  ( 1.299038105676658450, 0.7499999999999957812, -2.583333333333338810 ) ) ;
#2939 = VECTOR ( 'NONE', #626, 1000.000000000000000 ) ;
#2940 = CARTESIAN_POINT ( 'NONE',  ( -1.322475605676655119, 0.7635316469341273393, 1.598958333333316828 ) ) ;
#2941 = CARTESIAN_POINT ( 'NONE',  ( -1.439254484199186421E-16, -1.175240473580835721, 0.4999999999999848455 ) ) ;
#2942 = ORIENTED_EDGE ( 'NONE', *, *, #6929, .F. ) ;
#2943 = CARTESIAN_POINT ( 'NONE',  ( -0.6342229665451716292, -1.016421039895628375, -2.723547670935734910 ) ) ;
#2944 = EDGE_LOOP ( 'NONE', ( #2976 ) ) ;
#2945 = FACE_OUTER_BOUND ( 'NONE', #5475, .T. ) ;
#2946 = CARTESIAN_POINT ( 'NONE',  ( -0.07866947684511417516, -0.9716959628142789462, -2.940913187248773930 ) ) ;
#2947 = CARTESIAN_POINT ( 'NONE',  ( -0.8294067547305612464, 0.4788582131113869322, 3.149999999999997247 ) ) ;
#2948 = CARTESIAN_POINT ( 'NONE',  ( -1.105875672974081736, 3.634326110170273991E-15, -2.212500000000002132 ) ) ;
#2949 = CARTESIAN_POINT ( 'NONE',  ( -0.6785254037844372643, -1.175240473580835721, 5.520833333333308168 ) ) ;
#2950 = CARTESIAN_POINT ( 'NONE',  ( -0.7216878364870328300, -1.249999999999996891, -0.9562499999999966027 ) ) ;
#2951 = CARTESIAN_POINT ( 'NONE',  ( -1.105875672974081736, 3.451976857285367425E-15, 1.443749999999997868 ) ) ;
#2952 = CARTESIAN_POINT ( 'NONE',  ( -1.017788105676663113, -0.5876202367904063140, 1.416666666666649421 ) ) ;
#2953 = CARTESIAN_POINT ( 'NONE',  ( -0.5529378364870412010, -0.9577164262227633174, -1.631250000000001421 ) ) ;
#2954 = CARTESIAN_POINT ( 'NONE',  ( 0.6785254037844365982, -1.175240473580835721, -2.895833333333341031 ) ) ;
#2955 = CARTESIAN_POINT ( 'NONE',  ( -0.7357503364870385809, -1.274356964481444532, -0.07031250000000309475 ) ) ;
#2956 = CARTESIAN_POINT ( 'NONE',  ( -1.322475605676654897, 0.7635316469341272283, 5.130208333333308168 ) ) ;
#2957 = CARTESIAN_POINT ( 'NONE',  ( -1.105875672974081736, 3.474419842255817367E-15, 0.9937499999999981348 ) ) ;
#2958 = EDGE_CURVE ( 'NONE', #3469, #4421, #3626, .T. ) ;
#2959 = CARTESIAN_POINT ( 'NONE',  ( 1.299038105676657562, -0.7500000000000035527, -3.104166666666676733 ) ) ;
#2960 = FACE_OUTER_BOUND ( 'NONE', #2167, .T. ) ;
#2961 = CARTESIAN_POINT ( 'NONE',  ( 0.7357503364870378038, -1.274356964481444754, -1.823437500000000933 ) ) ;
#2962 = APPROVAL_DATE_TIME ( #144, #2129 ) ;
#2963 = CARTESIAN_POINT ( 'NONE',  ( -0.5529378364870412010, -0.9577164262227632063, -2.587500000000002132 ) ) ;
#2964 = CARTESIAN_POINT ( 'NONE',  ( 1.322475605676655563, 0.7635316469341260071, -4.536458333333338366 ) ) ;
#2965 = CARTESIAN_POINT ( 'NONE',  ( 0.6785254037844417052, 1.175240473580826839, -3.229166666666674068 ) ) ;
#2966 = CC_DESIGN_APPROVAL ( #6362, ( #737 ) ) ;
#2967 = AXIS2_PLACEMENT_3D ( 'NONE', #1433, #6555, #332 ) ;
#2968 = CARTESIAN_POINT ( 'NONE',  ( 0.000000000000000000, 1.250000000000003997, 2.849999999999992095 ) ) ;
#2969 = CARTESIAN_POINT ( 'NONE',  ( -1.017788105676653121, 0.5876202367904173052, 0.3958333333333183823 ) ) ;
#2970 = CARTESIAN_POINT ( 'NONE',  ( -3.000000000000000000, -5.020458146424486401, 4.171930009000630157 ) ) ;
#2971 = CARTESIAN_POINT ( 'NONE',  ( -1.299038105676658006, 0.7499999999999971134, -2.416666666666673180 ) ) ;
#2972 = CARTESIAN_POINT ( 'NONE',  ( 1.322475605676654675, -0.7635316469341338896, 2.348958333333314830 ) ) ;
#2973 = ORGANIZATION ( 'UNSPECIFIED', 'UNSPECIFIED', '' ) ;
#2974 = CARTESIAN_POINT ( 'NONE',  ( -1.357050807568873863, -2.991388944476002371E-15, -0.1250000000000139888 ) ) ;
#2975 = ADVANCED_FACE ( 'NONE', ( #4779 ), #7022, .F. ) ;
#2976 = ORIENTED_EDGE ( 'NONE', *, *, #4786, .T. ) ;
#2977 = CARTESIAN_POINT ( 'NONE',  ( -2.933349480478299576, 5.084323085060614034, 7.866650519521697582 ) ) ;
#2978 = VECTOR ( 'NONE', #902, 1000.000000000000000 ) ;
#2979 = ORIENTED_EDGE ( 'NONE', *, *, #1572, .T. ) ;
#2980 = PLANE ( 'NONE',  #2698 ) ;
#2981 = AXIS2_PLACEMENT_3D ( 'NONE', #4307, #3745, #2022 ) ;
#2982 = VECTOR ( 'NONE', #1645, 1000.000000000000000 ) ;
#2983 = CARTESIAN_POINT ( 'NONE',  ( -2.933349480478299576, -7.866650519521699358, -5.084323085060611369 ) ) ;
#2984 = CARTESIAN_POINT ( 'NONE',  ( 1.299038105676658450, 0.7499999999999958922, 4.479166666666640317 ) ) ;
#2985 = CARTESIAN_POINT ( 'NONE',  ( 0.000000000000000000, 0.9577164262227703118, 2.174999999999997158 ) ) ;
#2986 = DATE_TIME_ROLE ( 'classification_date' ) ;
#2987 = CARTESIAN_POINT ( 'NONE',  ( 0.8294067547305610244, -0.4788582131113803819, -1.575000000000002398 ) ) ;
#2988 = CARTESIAN_POINT ( 'NONE',  ( -0.6785254037844368202, 1.175240473580829503, 6.354166666666637653 ) ) ;
#2989 = CC_DESIGN_PERSON_AND_ORGANIZATION_ASSIGNMENT ( #3549, #6832, ( #1690 ) ) ;
#2990 = AXIS2_PLACEMENT_3D ( 'NONE', #3031, #7118, #6640 ) ;
#2991 = AXIS2_PLACEMENT_3D ( 'NONE', #3353, #5020, #3248 ) ;
#2992 = CARTESIAN_POINT ( 'NONE',  ( -0.7216878364870328300, -1.249999999999996891, -0.5062499999999969802 ) ) ;
#2993 = CARTESIAN_POINT ( 'NONE',  ( -1.105875672974081736, 3.474419842255817367E-15, 0.9937499999999981348 ) ) ;
#2994 = CARTESIAN_POINT ( 'NONE',  ( 1.017788105676646460, -0.5876202367904352908, 2.583333333333314386 ) ) ;
#2995 = CARTESIAN_POINT ( 'NONE',  ( -1.105875672974081736, 3.564191782137617134E-15, -0.8062500000000017986 ) ) ;
#2996 = CARTESIAN_POINT ( 'NONE',  ( -0.6785254037844368202, 1.175240473580829503, -3.645833333333339255 ) ) ;
#2997 = AXIS2_PLACEMENT_3D ( 'NONE', #1454, #2285, #2246 ) ;
#2998 = CARTESIAN_POINT ( 'NONE',  ( -0.7357503364870385809, -1.274356964481444532, -0.5203125000000030642 ) ) ;
#2999 = EDGE_LOOP ( 'NONE', ( #3794, #6593, #3886, #5484 ) ) ;
#3000 = CARTESIAN_POINT ( 'NONE',  ( -0.8816504037844364872, 1.527063293868256899, 6.088541666666637653 ) ) ;
#3001 = ORIENTED_EDGE ( 'NONE', *, *, #5440, .T. ) ;
#3002 = CARTESIAN_POINT ( 'NONE',  ( -0.5529378364870412010, -0.9577164262227633174, 1.518749999999998490 ) ) ;
#3003 = CARTESIAN_POINT ( 'NONE',  ( 0.8660254037844393737, 1.499999999999996669, -2.479166666666677621 ) ) ;
#3004 = CARTESIAN_POINT ( 'NONE',  ( 0.9273049422875226933, -0.2394291065556591325, 3.000000000000000888 ) ) ;
#3005 = CARTESIAN_POINT ( 'NONE',  ( -1.560637177523342561E-16, -1.274356964481444310, -1.410937500000000844 ) ) ;
#3006 = PERSON_AND_ORGANIZATION ( #6017, #2973 ) ;
#3007 = CARTESIAN_POINT ( 'NONE',  ( 0.8294067547305616905, 0.4788582131113863771, -1.950000000000002398 ) ) ;
#3008 = CARTESIAN_POINT ( 'NONE',  ( 0.8816504037844360431, -1.527063293868263560, -0.6614583333333463600 ) ) ;
#3009 = EDGE_CURVE ( 'NONE', #5907, #6844, #5615, .T. ) ;
#3010 = CARTESIAN_POINT ( 'NONE',  ( 1.443375672974064994, 3.054594110655966490E-15, 2.737499999999992717 ) ) ;
#3011 = CARTESIAN_POINT ( 'NONE',  ( 3.454210762078047015E-15, 1.175240473580829725, 0.8124999999999842348 ) ) ;
#3012 = CARTESIAN_POINT ( 'NONE',  ( -0.9574388161632734207, -0.9426467644673957036, 4.840620577555294624 ) ) ;
#3013 = CARTESIAN_POINT ( 'NONE',  ( 1.732050807568876971, -3.392656912481952001E-15, -3.125000000000004885 ) ) ;
#3014 = CARTESIAN_POINT ( 'NONE',  ( 0.8816504037844375974, 1.527063293868256677, 4.473958333333310833 ) ) ;
#3015 = CARTESIAN_POINT ( 'NONE',  ( 0.6785254037844377084, 1.175240473580829059, 0.2083333333333190485 ) ) ;
#3016 = ORIENTED_EDGE ( 'NONE', *, *, #5772, .T. ) ;
#3017 = CARTESIAN_POINT ( 'NONE',  ( -0.6717504359603174713, 0.8856069435116155075, -2.810995288973334283 ) ) ;
#3018 = EDGE_CURVE ( 'NONE', #821, #441, #572, .T. ) ;
#3019 = ORIENTED_EDGE ( 'NONE', *, *, #4578, .T. ) ;
#3020 = DIRECTION ( 'NONE',  ( 1.000000000000000000, 0.000000000000000000, 0.000000000000000000 ) ) ;
#3021 = CARTESIAN_POINT ( 'NONE',  ( -3.000000000000000000, 5.986031907170641375, -7.117402757069114294 ) ) ;
#3022 = CARTESIAN_POINT ( 'NONE',  ( -1.299038105676658006, 0.7499999999999971134, 4.083333333333311721 ) ) ;
#3023 = CARTESIAN_POINT ( 'NONE',  ( -0.5529378364870412010, -0.9577164262227635394, 2.362499999999997602 ) ) ;
#3024 = DATE_AND_TIME ( #6551, #4147 ) ;
#3025 = CARTESIAN_POINT ( 'NONE',  ( 1.105875672974081736, 3.150256332318472758E-15, 2.062499999999997335 ) ) ;
#3026 = CARTESIAN_POINT ( 'NONE',  ( 0.000000000000000000, 1.175240473580829725, 4.812499999999975131 ) ) ;
#3027 = B_SPLINE_CURVE_WITH_KNOTS ( 'NONE', 3,
 ( #483, #3376, #585, #4529, #3962, #3819, #4973, #691, #4564, #5221, #6329, #6401, #4673, #113, #5703, #3049, #2347, #6840, #767, #2381, #5775, #3557, #4003, #3012, #224, #5256, #2901, #4598, #6805, #1871, #261, #4640, #1319, #1285, #6949, #1805, #5292, #5814, #3518, #4114, #6262, #3483, #656, #188 ),
 .UNSPECIFIED., .F., .F.,
 ( 4, 2, 2, 2, 2, 2, 2, 2, 2, 2, 2, 2, 2, 2, 2, 2, 2, 2, 2, 2, 2, 4 ),
 ( 3.110224374739200644E-17, 0.0002684630981408047084, 0.0005369261962815783003, 0.001073852392563125809, 0.001342315490703899347, 0.001610778588844672884, 0.001879241686985446422, 0.002147704785126220827, 0.002684630981407768336, 0.003221557177689315845, 0.003758483373970862920, 0.004026946472111636241, 0.004295409570252410429, 0.004832335766533957071, 0.005369261962815504580, 0.005906188159097051221, 0.006174651257237825409, 0.006443114355378598730, 0.007516966747941696350, 0.007785429846082470538, 0.008053892944223244726, 0.008590819140504793103 ),
 .UNSPECIFIED. ) ;
#3028 = CARTESIAN_POINT ( 'NONE',  ( -1.530808498934192310E-16, -1.249999999999996891, -0.9187499999999969580 ) ) ;
#3029 = EDGE_CURVE ( 'NONE', #5928, #5369, #4856, .T. ) ;
#3030 = CARTESIAN_POINT ( 'NONE',  ( -0.8294067547305612464, 0.4788582131113869877, 1.856249999999998623 ) ) ;
#3031 = CARTESIAN_POINT ( 'NONE',  ( 7.041719095097280880E-16, 3.641599923110719228, -4.490128060534577692 ) ) ;
#3032 = CARTESIAN_POINT ( 'NONE',  ( 1.105875672974081736, 3.304551853990315319E-15, -1.031250000000001776 ) ) ;
#3033 = CARTESIAN_POINT ( 'NONE',  ( 1.017788105676655341, -0.5876202367904199697, -1.854166666666676733 ) ) ;
#3034 = CC_DESIGN_SECURITY_CLASSIFICATION ( #4942, ( #7287 ) ) ;
#3035 = CARTESIAN_POINT ( 'NONE',  ( -1.103625504730557427, 0.6371784822407275950, -1.982812500000002753 ) ) ;
#3036 = ORIENTED_EDGE ( 'NONE', *, *, #733, .T. ) ;
#3037 = CARTESIAN_POINT ( 'NONE',  ( -1.322475605676654897, -0.7635316469341327794, 6.713541666666636765 ) ) ;
#3038 = ORIENTED_EDGE ( 'NONE', *, *, #2201, .T. ) ;
#3039 = ORIENTED_EDGE ( 'NONE', *, *, #1126, .F. ) ;
#3040 = CARTESIAN_POINT ( 'NONE',  ( -3.000000000000000000, -2.033783684603538866, 0.9024128347050752730 ) ) ;
#3041 = CARTESIAN_POINT ( 'NONE',  ( 0.8660254037844379305, -1.500000000000003331, -3.145833333333342807 ) ) ;
#3042 = CARTESIAN_POINT ( 'NONE',  ( 1.017788105676656230, 0.5876202367904121981, -4.333333333333338366 ) ) ;
#3043 = CARTESIAN_POINT ( 'NONE',  ( 0.7357503364870378038, -1.274356964481444976, -0.4734375000000007883 ) ) ;
#3044 = COORDINATED_UNIVERSAL_TIME_OFFSET ( 6, 0, .BEHIND. ) ;
#3045 = CARTESIAN_POINT ( 'NONE',  ( -1.172864355864553979E-16, -0.9577164262227635394, -1.200000000000002176 ) ) ;
#3046 = CARTESIAN_POINT ( 'NONE',  ( -0.8816504037844364872, 1.527063293868256899, -0.4114583333333469706 ) ) ;
#3047 = CARTESIAN_POINT ( 'NONE',  ( 2.800000000000001155, 0.000000000000000000, 0.000000000000000000 ) ) ;
#3048 = CARTESIAN_POINT ( 'NONE',  ( -1.357050807568874085, 7.564246361378908810E-15, -0.06250000000001393330 ) ) ;
#3049 = CARTESIAN_POINT ( 'NONE',  ( -1.062453669130135170, 0.7225078773210910077, 4.772297758145326974 ) ) ;
#3050 = CARTESIAN_POINT ( 'NONE',  ( 0.8660254037844381525, -1.500000000000003331, -4.208333333333336590 ) ) ;
#3051 = EDGE_CURVE ( 'NONE', #2020, #1364, #1252, .T. ) ;
#3052 = CARTESIAN_POINT ( 'NONE',  ( 1.322475605676655785, 0.7635316469341261181, 5.432291666666641206 ) ) ;
#3053 = CARTESIAN_POINT ( 'NONE',  ( 1.357050807568873863, -3.323770530029912691E-15, 3.124999999999978240 ) ) ;
#3054 = VERTEX_POINT ( 'NONE', #1130 ) ;
#3055 = LINE ( 'NONE', #230, #6738 ) ;
#3056 = VERTEX_POINT ( 'NONE', #3331 ) ;
#3057 = LINE ( 'NONE', #4052, #5181 ) ;
#3058 = CIRCLE ( 'NONE', #1412, 1.499999999999997113 ) ;
#3059 = CARTESIAN_POINT ( 'NONE',  ( 2.800000000000001155, -4.171930009000630157, 5.020458146424486401 ) ) ;
#3060 = CARTESIAN_POINT ( 'NONE',  ( 0.8660254037844379305, -1.500000000000003331, 4.354166666666641206 ) ) ;
#3061 = EDGE_CURVE ( 'NONE', #1292, #407, #1721, .T. ) ;
#3062 = CARTESIAN_POINT ( 'NONE',  ( 1.322475605676655785, 0.7635316469341261181, -4.567708333333336590 ) ) ;
#3063 = CARTESIAN_POINT ( 'NONE',  ( 0.8294067547305616905, 0.4788582131113861551, 2.099999999999997868 ) ) ;
#3064 = CARTESIAN_POINT ( 'NONE',  ( 0.000000000000000000, 1.175240473580829725, -3.750000000000005773 ) ) ;
#3065 = CIRCLE ( 'NONE', #7184, 0.7946314968241675603 ) ;
#3066 = B_SPLINE_CURVE_WITH_KNOTS ( 'NONE', 3,
 ( #6845, #1774, #6918, #85, #4086, #6267, #1363, #5228, #2943, #1219, #5262, #3599, #1876, #1811, #1324, #5190, #156, #193, #3017, #4646, #1844, #3563, #5856, #4713, #6954, #4156, #806, #2060, #6039, #3127, #2635, #5891, #6514, #3160 ),
 .UNSPECIFIED., .F., .F.,
 ( 4, 2, 2, 2, 2, 2, 2, 2, 2, 2, 2, 2, 2, 2, 2, 2, 4 ),
 ( 0.000000000000000000, 0.0004417518226106781896, 0.0008835036452213563792, 0.001325255467832034623, 0.001767007290442712758, 0.002208759113053391111, 0.002650510935664069246, 0.003092262758274747381, 0.003534014580885425517, 0.003975766403496104086, 0.004417518226106782221, 0.004859270048717460357, 0.005301021871328138492, 0.005742773693938816627, 0.006184525516549494763, 0.006626277339160172898, 0.007068029161770851033 ),
 .UNSPECIFIED. ) ;
#3067 = CARTESIAN_POINT ( 'NONE',  ( 0.7216878364870319418, -1.249999999999997113, 0.9187500000000027311 ) ) ;
#3068 = CARTESIAN_POINT ( 'NONE',  ( -0.5529378364870412010, -0.9577164262227632063, -2.587500000000002132 ) ) ;
#3069 = CARTESIAN_POINT ( 'NONE',  ( -0.6785254037844502539, -1.175240473580827949, 4.458333333333309056 ) ) ;
#3070 = VECTOR ( 'NONE', #4908, 1000.000000000000000 ) ;
#3071 = CARTESIAN_POINT ( 'NONE',  ( 1.105875672974081736, 3.147450959197165726E-15, 2.118749999999998135 ) ) ;
#3072 = CARTESIAN_POINT ( 'NONE',  ( -1.017788105676655563, -0.5876202367904191926, -3.520833333333339699 ) ) ;
#3073 = CARTESIAN_POINT ( 'NONE',  ( 1.103625504730557871, 0.6371784822407264848, 0.1171874999999966416 ) ) ;
#3074 = ORIENTED_EDGE ( 'NONE', *, *, #3564, .T. ) ;
#3075 = LINE ( 'NONE', #1109, #5523 ) ;
#3076 = DIRECTION ( 'NONE',  ( 0.000000000000000000, -0.7071067811865474617, 0.7071067811865477948 ) ) ;
#3077 = LINE ( 'NONE', #285, #4410 ) ;
#3078 = CARTESIAN_POINT ( 'NONE',  ( -1.732050807568876971, -2.968426816991988742E-15, -0.3125000000000159872 ) ) ;
#3079 = CARTESIAN_POINT ( 'NONE',  ( 1.017788105676654231, -0.5876202367904214130, -3.416666666666673624 ) ) ;
#3080 = CARTESIAN_POINT ( 'NONE',  ( 1.103625504730557871, 0.6371784822407264848, 0.9890624999999986233 ) ) ;
#3081 = CARTESIAN_POINT ( 'NONE',  ( 0.5529378364870405349, -0.9577164262227636504, -2.962500000000002132 ) ) ;
#3082 = CARTESIAN_POINT ( 'NONE',  ( -0.8816504037844370423, -1.527063293868262894, -2.244791666666676733 ) ) ;
#3083 = CARTESIAN_POINT ( 'NONE',  ( -1.105875672974081736, 3.631520737048966960E-15, -2.156250000000001332 ) ) ;
#3084 = DIRECTION ( 'NONE',  ( -3.064488108188125705E-16, 5.307849102572407591E-16, 1.000000000000000000 ) ) ;
#3085 = CARTESIAN_POINT ( 'NONE',  ( 0.7939384125212293197, -0.6612709207510242271, 3.000000000000000888 ) ) ;
#3086 = CARTESIAN_POINT ( 'NONE',  ( -1.836970198721029688E-16, -1.500000000000002887, -3.250000000000004441 ) ) ;
#3087 = CARTESIAN_POINT ( 'NONE',  ( -0.8816504037844365982, 1.527063293868257121, 4.057291666666644758 ) ) ;
#3088 = CARTESIAN_POINT ( 'NONE',  ( 1.017788105676656008, 0.5876202367904124202, 2.666666666666646979 ) ) ;
#3089 = ORIENTED_EDGE ( 'NONE', *, *, #2520, .T. ) ;
#3090 = CARTESIAN_POINT ( 'NONE',  ( 3.000000000000000000, -7.799999999999997158, -5.064582904840246869 ) ) ;
#3091 = AXIS2_PLACEMENT_3D ( 'NONE', #3811, #471, #3663 ) ;
#3092 = VERTEX_POINT ( 'NONE', #1054 ) ;
#3093 = CARTESIAN_POINT ( 'NONE',  ( -1.121068616045947541, 0.5134339938617414889, 3.000000000000030198 ) ) ;
#3094 = CARTESIAN_POINT ( 'NONE',  ( 2.800000000000001155, 0.000000000000000000, 0.000000000000000000 ) ) ;
#3095 = CARTESIAN_POINT ( 'NONE',  ( -0.8660254037844391517, -1.500000000000002665, 3.708333333333313497 ) ) ;
#3096 = CARTESIAN_POINT ( 'NONE',  ( -1.322475605676655119, 0.7635316469341273393, -2.401041666666674956 ) ) ;
#3097 = CARTESIAN_POINT ( 'NONE',  ( -0.5529378364870407569, 0.9577164262227703118, 0.8624999999999978240 ) ) ;
#3098 = CARTESIAN_POINT ( 'NONE',  ( 1.357050807568873863, -3.323770530029912691E-15, -4.875000000000002665 ) ) ;
#3099 = ADVANCED_FACE ( 'NONE', ( #7208, #6139 ), #2815, .F. ) ;
#3100 = EDGE_CURVE ( 'NONE', #4311, #1364, #2227, .T. ) ;
#3101 = AXIS2_PLACEMENT_3D ( 'NONE', #1476, #6006, #5479 ) ;
#3102 = CARTESIAN_POINT ( 'NONE',  ( 0.000000000000000000, 1.250000000000003997, 0.6562500000000029976 ) ) ;
#3103 = CARTESIAN_POINT ( 'NONE',  ( -1.105875672974081736, 3.679212080111173875E-15, -3.112500000000002487 ) ) ;
#3104 = CARTESIAN_POINT ( 'NONE',  ( -1.017788105676652233, 0.5876202367904188595, 3.333333333333311277 ) ) ;
#3105 = CARTESIAN_POINT ( 'NONE',  ( 0.8294067547305616905, 0.4788582131113862661, 0.3562499999999980682 ) ) ;
#3106 = CARTESIAN_POINT ( 'NONE',  ( -1.439254484199186421E-16, -1.175240473580835721, 1.062499999999983569 ) ) ;
#3107 = VECTOR ( 'NONE', #7249, 1000.000000000000000 ) ;
#3108 = CARTESIAN_POINT ( 'NONE',  ( 1.471500672974076718, 3.181981511953780690E-15, 0.07968749999999685807 ) ) ;
#3109 = ORIENTED_EDGE ( 'NONE', *, *, #1217, .T. ) ;
#3110 = CARTESIAN_POINT ( 'NONE',  ( 0.9999999999999991118, -0.5773502691896250649, 5.495000000000000107 ) ) ;
#3111 = LINE ( 'NONE', #3585, #5818 ) ;
#3112 = CIRCLE ( 'NONE', #2997, 1.250000000000010658 ) ;
#3113 = CARTESIAN_POINT ( 'NONE',  ( 0.8660254037844393737, 1.499999999999996669, -0.9791666666666813956 ) ) ;
#3114 = CARTESIAN_POINT ( 'NONE',  ( -1.017788105676654231, 0.5876202367904154178, -3.166666666666674068 ) ) ;
#3115 = CARTESIAN_POINT ( 'NONE',  ( -1.471500672974076718, 3.510133438878935446E-15, 0.7265624999999988898 ) ) ;
#3116 = PERSON_AND_ORGANIZATION_ROLE ( 'classification_officer' ) ;
#3117 = CARTESIAN_POINT ( 'NONE',  ( 1.105875672974081736, 3.172699317288922700E-15, 1.612499999999997602 ) ) ;
#3118 = CARTESIAN_POINT ( 'NONE',  ( -1.763300807568873196, -2.966513306368321794E-15, -1.328125000000011546 ) ) ;
#3119 = CARTESIAN_POINT ( 'NONE',  ( 0.5529378364870405349, -0.9577164262227636504, -2.906250000000001332 ) ) ;
#3120 = CARTESIAN_POINT ( 'NONE',  ( 1.017788105676645793, -0.5876202367904362900, 4.645833333333309056 ) ) ;
#3121 = PRODUCT_RELATED_PRODUCT_CATEGORY ( 'detail', '', ( #951 ) ) ;
#3122 = CARTESIAN_POINT ( 'NONE',  ( 0.4835206357475280714, -0.9726677830120400436, 3.000000000000000444 ) ) ;
#3123 = CARTESIAN_POINT ( 'NONE',  ( 1.117665246523781297, 0.5588916224005914257, -4.878662791854345926 ) ) ;
#3124 = CARTESIAN_POINT ( 'NONE',  ( 1.322475605676655785, 0.7635316469341261181, 4.932291666666642094 ) ) ;
#3125 = CARTESIAN_POINT ( 'NONE',  ( -0.6785254037844368202, 1.175240473580829503, 3.291666666666646091 ) ) ;
#3126 = EDGE_LOOP ( 'NONE', ( #3977, #4343, #300, #4282 ) ) ;
#3127 = CARTESIAN_POINT ( 'NONE',  ( 0.9858116831364323041, -0.1830743226535711254, -2.920855493872775988 ) ) ;
#3128 = ORIENTED_EDGE ( 'NONE', *, *, #4029, .T. ) ;
#3129 = CARTESIAN_POINT ( 'NONE',  ( -1.443375672974064994, 3.666213517391110203E-15, -2.437500000000007105 ) ) ;
#3130 = DIRECTION ( 'NONE',  ( -1.000000000000000000, -0.000000000000000000, -0.000000000000000000 ) ) ;
#3131 = CARTESIAN_POINT ( 'NONE',  ( 0.8660254037844381525, -1.500000000000003331, 0.7916666666666531960 ) ) ;
#3132 = CARTESIAN_POINT ( 'NONE',  ( 1.322475605676654675, -0.7635316469341338896, -2.651041666666674512 ) ) ;
#3133 = ORIENTED_EDGE ( 'NONE', *, *, #3917, .F. ) ;
#3134 = CARTESIAN_POINT ( 'NONE',  ( 0.8294067547305610244, -0.4788582131113804374, 0.2249999999999973410 ) ) ;
#3135 = CARTESIAN_POINT ( 'NONE',  ( 0.6785254037844377084, 1.175240473580829059, -3.791666666666672736 ) ) ;
#3136 = CARTESIAN_POINT ( 'NONE',  ( -0.7216878364870328300, -1.249999999999996447, -2.306249999999997247 ) ) ;
#3137 = APPLICATION_CONTEXT ( 'configuration controlled 3d designs of mechanical parts and assemblies' ) ;
#3138 = CARTESIAN_POINT ( 'NONE',  ( -0.8294067547305612464, 0.4788582131113869322, 3.206249999999998046 ) ) ;
#3139 = CARTESIAN_POINT ( 'NONE',  ( 0.6785254037844226094, -1.175240473580844158, 4.041666666666642982 ) ) ;
#3140 = CARTESIAN_POINT ( 'NONE',  ( 0.8294067547305616905, 0.4788582131113862106, 1.256249999999997868 ) ) ;
#3141 = CARTESIAN_POINT ( 'NONE',  ( 0.6785254037844377084, 1.175240473580829059, -0.2291666666666804242 ) ) ;
#3142 = CARTESIAN_POINT ( 'NONE',  ( -1.103625504730557427, 0.6371784822407273730, 2.067187499999997069 ) ) ;
#3143 = EDGE_LOOP ( 'NONE', ( #6478, #5513, #6955, #2726 ) ) ;
#3144 = DIRECTION ( 'NONE',  ( 0.000000000000000000, -0.7071067811865474617, 0.7071067811865474617 ) ) ;
#3145 = CARTESIAN_POINT ( 'NONE',  ( 2.866682547644414658, -7.933317452355583832, -5.103952732046629137 ) ) ;
#3146 = CARTESIAN_POINT ( 'NONE',  ( -1.299038105676658006, -0.7500000000000026645, 1.229166666666647201 ) ) ;
#3147 = CARTESIAN_POINT ( 'NONE',  ( -0.6785254037844389297, -1.175240473580834388, -4.041666666666672292 ) ) ;
#3148 = CARTESIAN_POINT ( 'NONE',  ( 1.471500672974076718, 3.160941213543983475E-15, 0.5015624999999989120 ) ) ;
#3149 = ADVANCED_FACE ( 'NONE', ( #5581, #4960 ), #5101, .T. ) ;
#3150 = CARTESIAN_POINT ( 'NONE',  ( 1.105875672974081736, 3.195142302259372247E-15, 1.162499999999997646 ) ) ;
#3151 = CARTESIAN_POINT ( 'NONE',  ( 0.8816504037844360431, -1.527063293868263560, -1.661458333333344584 ) ) ;
#3152 = CARTESIAN_POINT ( 'NONE',  ( 1.105875672974081736, 3.394323793872115086E-15, -2.831250000000001155 ) ) ;
#3153 = CARTESIAN_POINT ( 'NONE',  ( 1.017788105676661337, 0.5876202367904033164, 2.729166666666646979 ) ) ;
#3154 = CARTESIAN_POINT ( 'NONE',  ( -1.113683920105419416E-14, 1.050000000000002265, 4.499999999999995559 ) ) ;
#3155 = CARTESIAN_POINT ( 'NONE',  ( 0.6892176704426604683, -0.9519291851246595160, -4.949759526419184930 ) ) ;
#3156 = DATE_TIME_ROLE ( 'creation_date' ) ;
#3157 = CARTESIAN_POINT ( 'NONE',  ( -0.8816504037844372643, -1.527063293868263116, 5.723958333333307280 ) ) ;
#3158 = CARTESIAN_POINT ( 'NONE',  ( 0.6785254037844377084, 1.175240473580829059, 4.208333333333310833 ) ) ;
#3159 = VERTEX_POINT ( 'NONE', #4516 ) ;
#3160 = CARTESIAN_POINT ( 'NONE',  ( 0.5616510825356250125, -0.7757375938701589480, -2.954783573777229666 ) ) ;
#3161 = EDGE_CURVE ( 'NONE', #7008, #1953, #6619, .T. ) ;
#3162 = ORIENTED_EDGE ( 'NONE', *, *, #4684, .F. ) ;
#3163 = CARTESIAN_POINT ( 'NONE',  ( -1.082531754730548856, -0.6249999999999963363, -2.400000000000007017 ) ) ;
#3164 = CARTESIAN_POINT ( 'NONE',  ( 1.008772145186042968, -0.5937392660021022506, -2.752938536946927695 ) ) ;
#3165 = CARTESIAN_POINT ( 'NONE',  ( 0.000000000000000000, 1.499999999999996669, 0.9999999999999861222 ) ) ;
#3166 = CARTESIAN_POINT ( 'NONE',  ( 0.8816504037844375974, 1.527063293868256677, -4.526041666666670515 ) ) ;
#3167 = ORIENTED_EDGE ( 'NONE', *, *, #764, .T. ) ;
#3168 = CARTESIAN_POINT ( 'NONE',  ( 0.000000000000000000, 0.9577164262227703118, 0.3749999999999977240 ) ) ;
#3169 = CARTESIAN_POINT ( 'NONE',  ( -0.6785254037844368202, 1.175240473580829503, -5.208333333333336590 ) ) ;
#3170 = FACE_OUTER_BOUND ( 'NONE', #2999, .T. ) ;
#3171 = CARTESIAN_POINT ( 'NONE',  ( -0.8294067547305613575, -0.4788582131113799933, 3.281249999999997780 ) ) ;
#3172 = DIRECTION ( 'NONE',  ( -0.000000000000000000, -0.000000000000000000, 1.000000000000000000 ) ) ;
#3173 = CARTESIAN_POINT ( 'NONE',  ( -0.8294067547305612464, 0.4788582131113869877, 2.306249999999998579 ) ) ;
#3174 = CARTESIAN_POINT ( 'NONE',  ( 1.017788105676656008, 0.5876202367904124202, -0.2708333333333468596 ) ) ;
#3175 = AXIS2_PLACEMENT_3D ( 'NONE', #1601, #6536, #2327 ) ;
#3176 = CARTESIAN_POINT ( 'NONE',  ( 0.7357503364870378038, -1.274356964481444976, 0.4546874999999968026 ) ) ;
#3177 = ORIENTED_EDGE ( 'NONE', *, *, #1406, .T. ) ;
#3178 = ORIENTED_EDGE ( 'NONE', *, *, #681, .T. ) ;
#3179 = FACE_OUTER_BOUND ( 'NONE', #6513, .T. ) ;
#3180 = CARTESIAN_POINT ( 'NONE',  ( -0.1345470299149542637, -1.116310608058314058, 3.449999999999996625 ) ) ;
#3181 = CARTESIAN_POINT ( 'NONE',  ( 0.000000000000000000, 1.499999999999996669, 0.5624999999999820144 ) ) ;
#3182 = CARTESIAN_POINT ( 'NONE',  ( -1.357050807568874085, 4.163622956243315449E-16, -3.625000000000006661 ) ) ;
#3183 = CARTESIAN_POINT ( 'NONE',  ( -1.560637177523342561E-16, -1.274356964481444532, 0.8390624999999990452 ) ) ;
#3184 = COORDINATED_UNIVERSAL_TIME_OFFSET ( 6, 0, .BEHIND. ) ;
#3185 = CARTESIAN_POINT ( 'NONE',  ( 0.000000000000000000, 0.9577164262227703118, 0.3749999999999977240 ) ) ;
#3186 = CARTESIAN_POINT ( 'NONE',  ( -1.870113174931178938E-16, -1.527063293868263116, 0.7968749999999833467 ) ) ;
#3187 = EDGE_CURVE ( 'NONE', #3159, #3850, #7072, .T. ) ;
#3188 = DIRECTION ( 'NONE',  ( -0.000000000000000000, -0.000000000000000000, 1.000000000000000000 ) ) ;
#3189 = CARTESIAN_POINT ( 'NONE',  ( 0.6785254037844449249, 1.175240473580825062, 2.770833333333312609 ) ) ;
#3190 = CARTESIAN_POINT ( 'NONE',  ( -2.799999999999999378, 1.791857758372713105, -0.9433296209488570838 ) ) ;
#3191 = CARTESIAN_POINT ( 'NONE',  ( 1.011343397459683491, -0.6414531026167721306, -4.930729865394082978 ) ) ;
#3192 = CARTESIAN_POINT ( 'NONE',  ( -1.017788105676655563, -0.5876202367904191926, -4.520833333333337478 ) ) ;
#3193 = CARTESIAN_POINT ( 'NONE',  ( 0.6785254037844365982, -1.175240473580835721, 2.041666666666648311 ) ) ;
#3194 = ORIENTED_EDGE ( 'NONE', *, *, #4656, .F. ) ;
#3195 = CARTESIAN_POINT ( 'NONE',  ( -1.034026860050032193, 0.4416341581190610377, 3.449999999999996181 ) ) ;
#3196 = ORIENTED_EDGE ( 'NONE', *, *, #6165, .F. ) ;
#3197 = CARTESIAN_POINT ( 'NONE',  ( 0.4654081534001466847, 1.365941391557428775, 4.939865819925859824 ) ) ;
#3198 = PLANE ( 'NONE',  #1340 ) ;
#3199 = CARTESIAN_POINT ( 'NONE',  ( 0.000000000000000000, 1.499999999999996669, 2.499999999999983125 ) ) ;
#3200 = CARTESIAN_POINT ( 'NONE',  ( -1.763300807568873418, -2.966513306368321794E-15, -3.859375000000005329 ) ) ;
#3201 = ORIENTED_EDGE ( 'NONE', *, *, #1438, .T. ) ;
#3202 = CARTESIAN_POINT ( 'NONE',  ( -0.5529378364870407569, 0.9577164262227702007, 2.212499999999997247 ) ) ;
#3203 = CARTESIAN_POINT ( 'NONE',  ( -1.017788105676655563, -0.5876202367904191926, -4.583333333333337478 ) ) ;
#3204 = AXIS2_PLACEMENT_3D ( 'NONE', #5507, #5997, #1428 ) ;
#3205 = CARTESIAN_POINT ( 'NONE',  ( -1.870113174931178938E-16, -1.527063293868263116, 6.296874999999970690 ) ) ;
#3206 = APPROVAL_PERSON_ORGANIZATION ( #2304, #2129, #648 ) ;
#3207 = CARTESIAN_POINT ( 'NONE',  ( -1.082531754730548856, -0.6249999999999964473, -1.893749999999996936 ) ) ;
#3208 = CARTESIAN_POINT ( 'NONE',  ( 0.5529378364870405349, -0.9577164262227636504, -2.512500000000001954 ) ) ;
#3209 = CC_DESIGN_PERSON_AND_ORGANIZATION_ASSIGNMENT ( #7137, #7175, ( #951 ) ) ;
#3210 = CARTESIAN_POINT ( 'NONE',  ( 0.5529378364870414231, 0.9577164262227698677, 2.643749999999997158 ) ) ;
#3211 = CARTESIAN_POINT ( 'NONE',  ( -1.439254484199186421E-16, -1.175240473580835721, 0.06249999999998617772 ) ) ;
#3212 = CARTESIAN_POINT ( 'NONE',  ( 1.471500672974076718, 3.159538526983330748E-15, 0.5296874999999972022 ) ) ;
#3213 = ORIENTED_EDGE ( 'NONE', *, *, #2419, .F. ) ;
#3214 = DIRECTION ( 'NONE',  ( 1.000000000000000000, -1.877893248421450761E-16, 0.000000000000000000 ) ) ;
#3215 = CARTESIAN_POINT ( 'NONE',  ( -2.799999999999998490, 5.123475382979792769, -8.000000000000003553 ) ) ;
#3216 = CARTESIAN_POINT ( 'NONE',  ( 1.299038105676657562, -0.7500000000000035527, 1.395833333333313719 ) ) ;
#3218 = CIRCLE ( 'NONE', #57, 0.7946314968241677823 ) ;
#3217 = CARTESIAN_POINT ( 'NONE',  ( 0.6785254037844338226, -1.175240473580837497, -0.9583333333333456938 ) ) ;
#3219 = CARTESIAN_POINT ( 'NONE',  ( -1.103625504730557649, -0.6371784822407202675, 0.3140624999999988010 ) ) ;
#3220 = DATE_AND_TIME ( #354, #1507 ) ;
#3221 = CARTESIAN_POINT ( 'NONE',  ( -0.8294067547305613575, -0.4788582131113798268, 0.5249999999999976907 ) ) ;
#3222 = CARTESIAN_POINT ( 'NONE',  ( -0.8816504037844370423, -1.527063293868262894, 1.755208333333314163 ) ) ;
#3223 = CARTESIAN_POINT ( 'NONE',  ( -0.5529378364870412010, -0.9577164262227633174, -1.631250000000001421 ) ) ;
#3224 = PLANE ( 'NONE',  #1693 ) ;
#3225 = CARTESIAN_POINT ( 'NONE',  ( -1.017788105676648458, 0.5876202367904258539, 2.895833333333312609 ) ) ;
#3226 = CARTESIAN_POINT ( 'NONE',  ( 2.800000000000001155, -4.171930009000630157, 5.020458146424486401 ) ) ;
#3227 = CARTESIAN_POINT ( 'NONE',  ( 0.9565661112972296820, -0.7146929317511530044, -4.934282450223805405 ) ) ;
#3228 = PERSON_AND_ORGANIZATION_ROLE ( 'design_owner' ) ;
#3229 = CARTESIAN_POINT ( 'NONE',  ( 0.6785254037844377084, 1.175240473580829059, -4.229166666666672292 ) ) ;
#3230 = CARTESIAN_POINT ( 'NONE',  ( -0.6785254037844372643, -1.175240473580835721, 6.458333333333305504 ) ) ;
#3231 = EDGE_CURVE ( 'NONE', #4398, #19, #1291, .T. ) ;
#3232 = ADVANCED_FACE ( 'NONE', ( #3484 ), #4298, .F. ) ;
#3233 = AXIS2_PLACEMENT_3D ( 'NONE', #4193, #3457, #5713 ) ;
#3234 = VERTEX_POINT ( 'NONE', #3774 ) ;
#3235 = CARTESIAN_POINT ( 'NONE',  ( 0.000000000000000000, -2.838437965211837159E-15, 4.999999999999999112 ) ) ;
#3236 = EDGE_LOOP ( 'NONE', ( #4157, #2869, #6800, #2351 ) ) ;
#3237 = CARTESIAN_POINT ( 'NONE',  ( -1.443375672974064994, 3.621327547450210319E-15, -1.537500000000007194 ) ) ;
#3238 = LINE ( 'NONE', #445, #4513 ) ;
#3239 = CARTESIAN_POINT ( 'NONE',  ( 1.732050807568876971, -3.392656912481952001E-15, 1.374999999999985345 ) ) ;
#3240 = CARTESIAN_POINT ( 'NONE',  ( 0.8816504037844361541, -1.527063293868264005, -1.192708333333344140 ) ) ;
#3241 = ADVANCED_FACE ( 'NONE', ( #2123 ), #4375, .T. ) ;
#3242 = EDGE_LOOP ( 'NONE', ( #2343, #4349, #3525, #838 ) ) ;
#3243 = CARTESIAN_POINT ( 'NONE',  ( -1.017788105676655563, 0.5876202367904134194, -2.166666666666676289 ) ) ;
#3244 = CARTESIAN_POINT ( 'NONE',  ( 1.322475605676654453, -0.7635316469341337786, 5.880208333333306392 ) ) ;
#3245 = CARTESIAN_POINT ( 'NONE',  ( 0.000000000000000000, 1.250000000000004219, -2.043749999999997069 ) ) ;
#3246 = CARTESIAN_POINT ( 'NONE',  ( 0.8294067547305610244, -0.4788582131113804929, 1.124999999999997558 ) ) ;
#3247 = CARTESIAN_POINT ( 'NONE',  ( 0.000000000000000000, 0.000000000000000000, 0.000000000000000000 ) ) ;
#3248 = DIRECTION ( 'NONE',  ( 0.000000000000000000, 0.000000000000000000, -1.000000000000000000 ) ) ;
#3249 = CARTESIAN_POINT ( 'NONE',  ( -0.6785254037844372643, -1.175240473580835721, 1.020833333333317272 ) ) ;
#3250 = CARTESIAN_POINT ( 'NONE',  ( -2.799999999999999822, 7.128367289874326218, -6.279839152450468198 ) ) ;
#3251 = ORIENTED_EDGE ( 'NONE', *, *, #3769, .T. ) ;
#3252 = EDGE_CURVE ( 'NONE', #4398, #3850, #2493, .T. ) ;
#3253 = PLANE ( 'NONE',  #3751 ) ;
#3254 = CARTESIAN_POINT ( 'NONE',  ( 7.041719095097280880E-16, 4.490128060534576804, -3.641599923110722337 ) ) ;
#3255 = CARTESIAN_POINT ( 'NONE',  ( -1.836970198721029688E-16, -1.500000000000002887, 3.812499999999975131 ) ) ;
#3256 = CARTESIAN_POINT ( 'NONE',  ( -1.017788105676658228, -0.5876202367904144186, -0.08333333333334758120 ) ) ;
#3257 = CARTESIAN_POINT ( 'NONE',  ( -0.8294067547305612464, 0.4788582131113872098, -3.093750000000001332 ) ) ;
#3258 = CARTESIAN_POINT ( 'NONE',  ( 0.5529378364870405349, -0.9577164262227637614, 1.537499999999997202 ) ) ;
#3259 = CARTESIAN_POINT ( 'NONE',  ( -0.8816504037844370423, -1.527063293868262894, 0.7552083333333168280 ) ) ;
#3260 = CARTESIAN_POINT ( 'NONE',  ( -0.8294067547305612464, 0.4788582131113870988, -0.3937500000000017097 ) ) ;
#3261 = CARTESIAN_POINT ( 'NONE',  ( -0.8294067547305613575, -0.4788582131113797158, -1.668750000000001510 ) ) ;
#3262 = CARTESIAN_POINT ( 'NONE',  ( 1.732050807568876971, -3.392656912481952001E-15, -4.062500000000007994 ) ) ;
#3263 = CARTESIAN_POINT ( 'NONE',  ( -0.5891403177412682934, -0.8145602173408681423, 6.495516201587641980 ) ) ;
#3264 = DIRECTION ( 'NONE',  ( 0.8660254037844388186, -0.4999999999999997224, 0.000000000000000000 ) ) ;
#3265 = APPROVAL_STATUS ( 'not_yet_approved' ) ;
#3266 = CARTESIAN_POINT ( 'NONE',  ( 1.322475605676654675, -0.7635316469341338896, 7.348958333333304616 ) ) ;
#3267 = CARTESIAN_POINT ( 'NONE',  ( -1.017788105676655563, 0.5876202367904134194, 5.333333333333308168 ) ) ;
#3268 = ORIENTED_EDGE ( 'NONE', *, *, #3553, .T. ) ;
#3269 = CARTESIAN_POINT ( 'NONE',  ( -0.1580247838118452042, 1.063464886906849927, 6.566536875587613231 ) ) ;
#3270 = VERTEX_POINT ( 'NONE', #905 ) ;
#3271 = CARTESIAN_POINT ( 'NONE',  ( 1.168319742280711671, 0.5893729350853310622, 4.794619295884306354 ) ) ;
#3272 = PLANE ( 'NONE',  #4399 ) ;
#3273 = CARTESIAN_POINT ( 'NONE',  ( -1.299038105676658006, 0.7499999999999971134, 3.083333333333314830 ) ) ;
#3274 = CARTESIAN_POINT ( 'NONE',  ( 0.8816504037844361541, -1.527063293868264005, 0.3072916666666527519 ) ) ;
#3275 = ORIENTED_EDGE ( 'NONE', *, *, #6082, .T. ) ;
#3276 = CARTESIAN_POINT ( 'NONE',  ( -1.357050807568873863, -2.991388944476002371E-15, -1.125000000000011324 ) ) ;
#3277 = CARTESIAN_POINT ( 'NONE',  ( 0.5616510825356250125, -0.7757375938701589480, -2.954783573777229666 ) ) ;
#3278 = CARTESIAN_POINT ( 'NONE',  ( 1.207385080888096596, -0.7150038434758321237, -4.725136875649713630 ) ) ;
#3279 = CARTESIAN_POINT ( 'NONE',  ( 0.000000000000000000, 0.9577164262227703118, 1.274999999999997469 ) ) ;
#3280 = CARTESIAN_POINT ( 'NONE',  ( 3.000000000000000000, -4.490128060534575916, -5.940128060534576093 ) ) ;
#3281 = CARTESIAN_POINT ( 'NONE',  ( -0.5529378364870407569, 0.9577164262227702007, 3.168749999999997957 ) ) ;
#3282 = CARTESIAN_POINT ( 'NONE',  ( -1.017788105676655563, 0.5876202367904134194, 2.395833333333313941 ) ) ;
#3283 = CARTESIAN_POINT ( 'NONE',  ( -3.000000000000000000, 0.000000000000000000, 0.000000000000000000 ) ) ;
#3284 = VERTEX_POINT ( 'NONE', #6585 ) ;
#3285 = CARTESIAN_POINT ( 'NONE',  ( -1.084202172485504434E-16, -1.154700538379250574, 6.649999999999999467 ) ) ;
#3286 = AXIS2_PLACEMENT_3D ( 'NONE', #1934, #317, #6427 ) ;
#3287 = CARTESIAN_POINT ( 'NONE',  ( -1.732050807568876971, -2.968426816991988742E-15, 4.187499999999974243 ) ) ;
#3288 = CARTESIAN_POINT ( 'NONE',  ( -0.5529378364870407569, 0.9577164262227704228, -1.331250000000001377 ) ) ;
#3289 = CARTESIAN_POINT ( 'NONE',  ( -0.6785254037844347108, 1.175240473580830836, -2.708333333333341475 ) ) ;
#3290 = CARTESIAN_POINT ( 'NONE',  ( -1.172864355864553979E-16, -0.9577164262227634284, -2.943750000000001421 ) ) ;
#3291 = CARTESIAN_POINT ( 'NONE',  ( 0.000000000000000000, 0.9577164262227702007, 2.624999999999997335 ) ) ;
#3292 = CARTESIAN_POINT ( 'NONE',  ( 0.8816504037844374864, 1.527063293868256677, 1.505208333333315274 ) ) ;
#3293 = AXIS2_PLACEMENT_3D ( 'NONE', #4496, #47, #6741 ) ;
#3294 = CARTESIAN_POINT ( 'NONE',  ( 0.000000000000000000, 0.9577164262227704228, -0.9187500000000016209 ) ) ;
#3295 = CARTESIAN_POINT ( 'NONE',  ( -1.299038105676658006, -0.7500000000000026645, -4.270833333333341031 ) ) ;
#3296 = DIRECTION ( 'NONE',  ( 0.000000000000000000, -1.776356839400250465E-15, -1.000000000000000000 ) ) ;
#3297 = CARTESIAN_POINT ( 'NONE',  ( 0.7357503364870378038, -1.274356964481444754, -2.723437500000000622 ) ) ;
#3298 = PERSON_AND_ORGANIZATION ( #6017, #2973 ) ;
#3299 = CARTESIAN_POINT ( 'NONE',  ( -1.322475605676655119, -0.7635316469341328904, 6.682291666666638541 ) ) ;
#3300 = APPROVAL ( #3265, 'UNSPECIFIED' ) ;
#3301 = CARTESIAN_POINT ( 'NONE',  ( -1.439254484199186421E-16, -1.175240473580835721, 5.999999999999972466 ) ) ;
#3302 = ORIENTED_EDGE ( 'NONE', *, *, #3486, .F. ) ;
#3303 = DIRECTION ( 'NONE',  ( 0.000000000000000000, 0.000000000000000000, -1.000000000000000000 ) ) ;
#3304 = ORIENTED_EDGE ( 'NONE', *, *, #2751, .T. ) ;
#3305 = CARTESIAN_POINT ( 'NONE',  ( -0.7216878364870322748, 1.250000000000003775, -0.2625000000000069500 ) ) ;
#3306 = CARTESIAN_POINT ( 'NONE',  ( 1.017788105676654231, -0.5876202367904217461, -2.854166666666674512 ) ) ;
#3307 = CARTESIAN_POINT ( 'NONE',  ( 0.9999999999999991118, -0.5773502691896252870, 6.649999999999999467 ) ) ;
#3308 = CARTESIAN_POINT ( 'NONE',  ( -0.8660254037844383745, 1.499999999999996669, -0.4583333333333443060 ) ) ;
#3309 = CARTESIAN_POINT ( 'NONE',  ( 0.000000000000000000, 1.527063293868257343, -0.9843750000000113243 ) ) ;
#3310 = CARTESIAN_POINT ( 'NONE',  ( -0.6785254037844368202, 1.175240473580829503, -1.208333333333344806 ) ) ;
#3311 = LINE ( 'NONE', #5597, #3669 ) ;
#3312 = DIRECTION ( 'NONE',  ( -3.064488108188101053E-16, -5.307849102572449992E-16, -1.000000000000000000 ) ) ;
#3313 = CARTESIAN_POINT ( 'NONE',  ( -0.8294067547305613575, -0.4788582131113797713, -0.8250000000000023981 ) ) ;
#3314 = CARTESIAN_POINT ( 'NONE',  ( 7.041719095097280880E-16, 1.581296885077711378, -8.000000000000003553 ) ) ;
#3315 = CARTESIAN_POINT ( 'NONE',  ( -0.6785254037844368202, 1.175240473580829503, 2.354166666666647423 ) ) ;
#3316 = CARTESIAN_POINT ( 'NONE',  ( -2.799999999999998490, -7.999999999999998224, -5.123475382979802539 ) ) ;
#3317 = EDGE_LOOP ( 'NONE', ( #7143, #6677, #2183, #1451 ) ) ;
#3318 = EDGE_CURVE ( 'NONE', #4419, #613, #2589, .T. ) ;
#3319 = VECTOR ( 'NONE', #6795, 1000.000000000000000 ) ;
#3320 = CIRCLE ( 'NONE', #2967, 0.7946314968241675603 ) ;
#3321 = CARTESIAN_POINT ( 'NONE',  ( -0.9999999999999991118, 0.5773502691896252870, 5.495000000000000107 ) ) ;
#3322 = CARTESIAN_POINT ( 'NONE',  ( 0.8660254037844379305, -1.500000000000003331, 3.854166666666641206 ) ) ;
#3323 = CARTESIAN_POINT ( 'NONE',  ( 1.105875672974081736, 3.214779914108515552E-15, 0.7687499999999986011 ) ) ;
#3324 = CARTESIAN_POINT ( 'NONE',  ( 0.6785254037844343777, -1.175240473580837053, -1.958333333333343251 ) ) ;
#3325 = AXIS2_PLACEMENT_3D ( 'NONE', #2802, #6744, #1706 ) ;
#3326 = CARTESIAN_POINT ( 'NONE',  ( -1.560637177523342561E-16, -1.274356964481444532, 3.089062499999998934 ) ) ;
#3327 = CARTESIAN_POINT ( 'NONE',  ( 0.5529378364870405349, -0.9577164262227638725, 2.437499999999996891 ) ) ;
#3328 = CARTESIAN_POINT ( 'NONE',  ( -1.322475605676654897, -0.7635316469341327794, 0.7135416666666505314 ) ) ;
#3329 = AXIS2_PLACEMENT_3D ( 'NONE', #3094, #5338, #7031 ) ;
#3330 = CARTESIAN_POINT ( 'NONE',  ( -1.172864355864553979E-16, -0.9577164262227635394, -0.6937500000000016431 ) ) ;
#3331 = CARTESIAN_POINT ( 'NONE',  ( 2.800000000000000266, 6.279839152450467310, -7.128367289874323554 ) ) ;
#3332 = DIRECTION ( 'NONE',  ( -1.000000000000000000, -0.000000000000000000, -0.000000000000000000 ) ) ;
#3333 = CARTESIAN_POINT ( 'NONE',  ( -1.369547772699346577, 0.2050371293204319156, -4.751726196675249092 ) ) ;
#3334 = PERSON_AND_ORGANIZATION ( #6017, #2973 ) ;
#3335 = FACE_OUTER_BOUND ( 'NONE', #5937, .T. ) ;
#3336 = CARTESIAN_POINT ( 'NONE',  ( 1.017788105676656008, 0.5876202367904124202, 5.166666666666640317 ) ) ;
#3337 = AXIS2_PLACEMENT_3D ( 'NONE', #4479, #4446, #2816 ) ;
#3338 = ORIENTED_EDGE ( 'NONE', *, *, #1939, .T. ) ;
#3339 = DIRECTION ( 'NONE',  ( -1.000000000000000000, 0.000000000000000000, 0.000000000000000000 ) ) ;
#3340 = AXIS2_PLACEMENT_3D ( 'NONE', #6746, #6643, #4435 ) ;
#3342 = ADVANCED_FACE ( 'NONE', ( #2054 ), #1208, .F. ) ;
#3341 = ORIENTED_EDGE ( 'NONE', *, *, #46, .T. ) ;
#3343 = CARTESIAN_POINT ( 'NONE',  ( 0.7216878364870333851, 1.250000000000003775, -1.237500000000006928 ) ) ;
#3344 = CARTESIAN_POINT ( 'NONE',  ( 0.6785254037844345998, -1.175240473580837053, -2.395833333333342363 ) ) ;
#3345 = CARTESIAN_POINT ( 'NONE',  ( 3.000000000000000000, 7.800000000000002487, -5.064582904840237099 ) ) ;
#3346 = CARTESIAN_POINT ( 'NONE',  ( 1.732050807568876971, -3.392656912481952001E-15, -1.625000000000008216 ) ) ;
#3347 = CARTESIAN_POINT ( 'NONE',  ( -1.322475605676655119, 0.7635316469341273393, 0.5989583333333184934 ) ) ;
#3348 = CARTESIAN_POINT ( 'NONE',  ( 0.6785254037844377084, 1.175240473580829059, -0.7916666666666793972 ) ) ;
#3349 = FACE_OUTER_BOUND ( 'NONE', #2578, .T. ) ;
#3350 = DIRECTION ( 'NONE',  ( -1.000000000000000000, -0.000000000000000000, -0.000000000000000000 ) ) ;
#3351 = CARTESIAN_POINT ( 'NONE',  ( -1.105875672974081736, 3.522111185318024282E-15, 0.03749999999999760469 ) ) ;
#3352 = VERTEX_POINT ( 'NONE', #4432 ) ;
#3353 = CARTESIAN_POINT ( 'NONE',  ( -2.799999999999998490, 0.000000000000000000, 0.000000000000000000 ) ) ;
#3354 = CARTESIAN_POINT ( 'NONE',  ( -1.439254484199186421E-16, -1.175240473580835721, 2.062499999999981792 ) ) ;
#3355 = CARTESIAN_POINT ( 'NONE',  ( 1.103625504730557205, -0.6371784822407212667, 2.742187499999996447 ) ) ;
#3356 = CARTESIAN_POINT ( 'NONE',  ( -1.530808498934192310E-16, -1.249999999999996891, 2.231250000000003286 ) ) ;
#3357 = CARTESIAN_POINT ( 'NONE',  ( -1.299038105676658006, -0.7500000000000026645, 2.229166666666644758 ) ) ;
#3358 = CARTESIAN_POINT ( 'NONE',  ( 0.5529378364870405349, -0.9577164262227636504, -0.2062500000000015432 ) ) ;
#3359 = CARTESIAN_POINT ( 'NONE',  ( 1.017788105676660004, 0.5876202367904055368, -1.833333333333343473 ) ) ;
#3360 = CARTESIAN_POINT ( 'NONE',  ( 1.105875672974081736, 3.394323793872115086E-15, -2.831250000000001155 ) ) ;
#3361 = CARTESIAN_POINT ( 'NONE',  ( 1.471500672974076718, 3.339082406746930282E-15, -3.070312500000002220 ) ) ;
#3362 = CARTESIAN_POINT ( 'NONE',  ( 1.763300807568873196, -3.398397444352954028E-15, 3.421874999999977351 ) ) ;
#3363 = CARTESIAN_POINT ( 'NONE',  ( 0.000000000000000000, 0.9577164262227703118, 0.4312499999999984679 ) ) ;
#3364 = EDGE_CURVE ( 'NONE', #454, #454, #2145, .T. ) ;
#3365 = DIRECTION ( 'NONE',  ( 0.000000000000000000, 0.000000000000000000, 1.000000000000000000 ) ) ;
#3366 = LINE ( 'NONE', #2266, #5223 ) ;
#3367 = DIRECTION ( 'NONE',  ( 0.000000000000000000, -0.7071067811865474617, 0.7071067811865474617 ) ) ;
#3368 = APPLICATION_PROTOCOL_DEFINITION ( 'international standard', 'config_control_design', 1994, #6157 ) ;
#3369 = DIRECTION ( 'NONE',  ( -0.5000000000000038858, 0.8660254037844364872, 0.000000000000000000 ) ) ;
#3370 = CARTESIAN_POINT ( 'NONE',  ( 1.017788105676656008, 0.5876202367904124202, 6.166666666666639429 ) ) ;
#3371 = ORIENTED_EDGE ( 'NONE', *, *, #1718, .F. ) ;
#3372 = DIRECTION ( 'NONE',  ( 0.000000000000000000, 0.000000000000000000, 1.000000000000000000 ) ) ;
#3373 = ORIENTED_EDGE ( 'NONE', *, *, #3826, .T. ) ;
#3374 = CARTESIAN_POINT ( 'NONE',  ( -1.082531754730548856, -0.6249999999999966693, 0.7499999999999930056 ) ) ;
#3375 = CARTESIAN_POINT ( 'NONE',  ( 1.017788105676660004, 0.5876202367904054258, -1.270833333333344362 ) ) ;
#3376 = CARTESIAN_POINT ( 'NONE',  ( 0.8924456800195592621, 0.7757223476498753545, 4.678979263241390463 ) ) ;
#3377 = CARTESIAN_POINT ( 'NONE',  ( -1.732050807568876971, -2.968426816991988742E-15, -0.3750000000000106026 ) ) ;
#3378 = CARTESIAN_POINT ( 'NONE',  ( 1.763300807568873418, -3.398397444352954817E-15, -1.109375000000011102 ) ) ;
#3379 = ORGANIZATION ( 'NAUO-ORG1', 'UNSPECIFIED', 'UNSPECIFIED' ) ;
#3380 = CARTESIAN_POINT ( 'NONE',  ( 0.6785254037844365982, -1.175240473580835721, -2.458333333333342363 ) ) ;
#3381 = DIRECTION ( 'NONE',  ( 0.000000000000000000, 0.7071067811865474617, -0.7071067811865474617 ) ) ;
#3382 = PLANE ( 'NONE',  #2112 ) ;
#3383 = CARTESIAN_POINT ( 'NONE',  ( -2.933617925833901019, 7.121630199436578046, -6.084137779122257506 ) ) ;
#3384 = CARTESIAN_POINT ( 'NONE',  ( 0.8294067547305610244, -0.4788582131113803819, -0.6750000000000023759 ) ) ;
#3385 = LINE ( 'NONE', #6162, #6406 ) ;
#3386 = CARTESIAN_POINT ( 'NONE',  ( 0.6785254037844365982, -1.175240473580835721, 2.104166666666648311 ) ) ;
#3387 = LINE ( 'NONE', #1153, #5576 ) ;
#3388 = CARTESIAN_POINT ( 'NONE',  ( 0.7216878364870319418, -1.249999999999997113, 1.818750000000002531 ) ) ;
#3389 = CARTESIAN_POINT ( 'NONE',  ( -0.8660254037844383745, 1.499999999999996669, 2.104166666666645202 ) ) ;
#3390 = CARTESIAN_POINT ( 'NONE',  ( -0.5529378364870412010, -0.9577164262227633174, 0.1687499999999983458 ) ) ;
#3391 = CARTESIAN_POINT ( 'NONE',  ( 1.357050807568874085, -1.038771921122326062E-14, 2.124999999999980904 ) ) ;
#3392 = CARTESIAN_POINT ( 'NONE',  ( 0.5529378364870414231, 0.9577164262227702007, -2.306250000000001688 ) ) ;
#3393 = CARTESIAN_POINT ( 'NONE',  ( -0.5529378364870407569, 0.9577164262227702007, 3.112499999999997158 ) ) ;
#3394 = CARTESIAN_POINT ( 'NONE',  ( 0.8816504037844360431, -1.527063293868263560, 3.838541666666642982 ) ) ;
#3395 = AXIS2_PLACEMENT_3D ( 'NONE', #6094, #2146, #6573 ) ;
#3396 = CARTESIAN_POINT ( 'NONE',  ( 0.8294067547305610244, -0.4788582131113804929, 0.7312499999999984013 ) ) ;
#3397 = DIRECTION ( 'NONE',  ( -0.8660254037844385966, 0.4999999999999999445, 0.000000000000000000 ) ) ;
#3398 = CARTESIAN_POINT ( 'NONE',  ( 7.041719095097280880E-16, 8.000000000000003553, 3.333095244168785332 ) ) ;
#3399 = DIRECTION ( 'NONE',  ( -1.000000000000000000, -0.000000000000000000, -0.000000000000000000 ) ) ;
#3400 = COORDINATED_UNIVERSAL_TIME_OFFSET ( 6, 0, .BEHIND. ) ;
#3401 = DIRECTION ( 'NONE',  ( 3.064488108188101053E-16, 5.307849102572449992E-16, 1.000000000000000000 ) ) ;
#3402 = CARTESIAN_POINT ( 'NONE',  ( 1.322475605676654453, -0.7635316469341337786, -4.119791666666672292 ) ) ;
#3403 = AXIS2_PLACEMENT_3D ( 'NONE', #3592, #765, #6947 ) ;
#3404 = VERTEX_POINT ( 'NONE', #2013 ) ;
#3405 = CARTESIAN_POINT ( 'NONE',  ( -2.807273695284894438E-15, -1.175240473580835721, -3.937500000000005329 ) ) ;
#3406 = ADVANCED_FACE ( 'NONE', ( #2666 ), #4498, .T. ) ;
#3407 = ADVANCED_FACE ( 'NONE', ( #7136 ), #752, .F. ) ;
#3408 = EDGE_LOOP ( 'NONE', ( #1044, #6524, #3074, #6476 ) ) ;
#3409 = CARTESIAN_POINT ( 'NONE',  ( 1.443375672974064994, 3.144366050537766257E-15, 0.9374999999999933387 ) ) ;
#3410 = CARTESIAN_POINT ( 'NONE',  ( 0.6785254037844348218, -1.175240473580836831, -2.895833333333340587 ) ) ;
#3411 = DIRECTION ( 'NONE',  ( 0.000000000000000000, 1.000000000000000000, -5.195471269110015593E-17 ) ) ;
#3412 = CARTESIAN_POINT ( 'NONE',  ( 0.000000000000000000, 1.499999999999996669, -1.000000000000009326 ) ) ;
#3413 = CARTESIAN_POINT ( 'NONE',  ( 1.763300807568873418, -3.398397444352954817E-15, 0.8906249999999843459 ) ) ;
#3414 = CARTESIAN_POINT ( 'NONE',  ( 0.6785254037844377084, 1.175240473580829059, 0.7083333333333179382 ) ) ;
#3415 = PLANE ( 'NONE',  #4352 ) ;
#3416 = DIRECTION ( 'NONE',  ( 0.000000000000000000, 0.000000000000000000, 1.000000000000000000 ) ) ;
#3417 = CARTESIAN_POINT ( 'NONE',  ( 3.000000000000000000, -5.064582904840237099, -7.800000000000002487 ) ) ;
#3418 = CARTESIAN_POINT ( 'NONE',  ( 0.8294067547305616905, 0.4788582131113862106, 1.649999999999997913 ) ) ;
#3419 = SHAPE_REPRESENTATION_RELATIONSHIP ( 'NONE' , 'NONE' ,  #6519, #2225 ) ;
#3420 = CARTESIAN_POINT ( 'NONE',  ( -1.105875672974081736, 3.611883125199824049E-15, -1.762500000000002398 ) ) ;
#3421 = CARTESIAN_POINT ( 'NONE',  ( 0.6785254037844377084, 1.175240473580829059, 3.270833333333312609 ) ) ;
#3422 = CARTESIAN_POINT ( 'NONE',  ( -0.5529378364870407569, 0.9577164262227704228, -1.781250000000001554 ) ) ;
#3423 = DIRECTION ( 'NONE',  ( -0.4999999999999919509, -0.8660254037844432595, 0.000000000000000000 ) ) ;
#3424 = CC_DESIGN_DATE_AND_TIME_ASSIGNMENT ( #2855, #1648, ( #4503 ) ) ;
#3425 = CARTESIAN_POINT ( 'NONE',  ( 0.5529378364870405349, -0.9577164262227637614, 0.6937499999999982014 ) ) ;
#3426 = CARTESIAN_POINT ( 'NONE',  ( 0.6785254037844444808, 1.175240473580825284, 1.708333333333315496 ) ) ;
#3427 = CARTESIAN_POINT ( 'NONE',  ( -0.5529378364870407569, 0.9577164262227704228, 0.01874999999999836867 ) ) ;
#3428 = CARTESIAN_POINT ( 'NONE',  ( 1.017788105676655341, -0.5876202367904199697, -4.854166666666669627 ) ) ;
#3429 = CARTESIAN_POINT ( 'NONE',  ( -0.7357503364870385809, -1.274356964481444088, -2.770312500000002398 ) ) ;
#3430 = CARTESIAN_POINT ( 'NONE',  ( -1.763300807568873196, -2.966513306368321794E-15, 5.171874999999973355 ) ) ;
#3431 = AXIS2_PLACEMENT_3D ( 'NONE', #1729, #5476, #4453 ) ;
#3432 = CONICAL_SURFACE ( 'NONE', #4624, 9.299999999999998934, 0.7853981633974526089 ) ;
#3434 = CARTESIAN_POINT ( 'NONE',  ( 0.5529378364870414231, 0.9577164262227699787, 2.193749999999997868 ) ) ;
#3433 = AXIS2_PLACEMENT_3D ( 'NONE', #2249, #2287, #1742 ) ;
#3435 = CARTESIAN_POINT ( 'NONE',  ( 1.299038105676658450, 0.7499999999999958922, -2.520833333333345028 ) ) ;
#3436 = CARTESIAN_POINT ( 'NONE',  ( -2.799999999999998490, -1.791857758372713105, 0.9433296209488570838 ) ) ;
#3437 = CARTESIAN_POINT ( 'NONE',  ( -1.103625504730557649, -0.6371784822407200455, -2.835937500000000888 ) ) ;
#3438 = COORDINATED_UNIVERSAL_TIME_OFFSET ( 6, 0, .BEHIND. ) ;
#3439 = CARTESIAN_POINT ( 'NONE',  ( 0.000000000000000000, -1.009405846569942978E-15, -5.000000000000000888 ) ) ;
#3440 = CARTESIAN_POINT ( 'NONE',  ( 1.322475605676654453, -0.7635316469341337786, -3.619791666666674068 ) ) ;
#3441 = VERTEX_POINT ( 'NONE', #4255 ) ;
#3442 = CARTESIAN_POINT ( 'NONE',  ( 8.635526905195117537E-16, 1.175240473580829725, -3.687500000000005773 ) ) ;
#3443 = VECTOR ( 'NONE', #4227, 1000.000000000000000 ) ;
#3444 = DIRECTION ( 'NONE',  ( 1.000000000000000000, -0.000000000000000000, -0.000000000000000000 ) ) ;
#3445 = CARTESIAN_POINT ( 'NONE',  ( -1.443375672974064994, 3.553998592538859705E-15, -0.1875000000000069666 ) ) ;
#3446 = CARTESIAN_POINT ( 'NONE',  ( -7.485578220028732652E-15, -1.175240473580835721, 0.5624999999999849010 ) ) ;
#3447 = DIRECTION ( 'NONE',  ( -0.000000000000000000, 5.195471269110015593E-17, 1.000000000000000000 ) ) ;
#3448 = CARTESIAN_POINT ( 'NONE',  ( -1.299038105676658006, -0.7500000000000026645, -1.333333333333341919 ) ) ;
#3449 = VECTOR ( 'NONE', #5176, 1000.000000000000000 ) ;
#3450 = CARTESIAN_POINT ( 'NONE',  ( -0.8816504037844372643, -1.527063293868263116, 1.723958333333316162 ) ) ;
#3451 = CARTESIAN_POINT ( 'NONE',  ( -1.357050807568873863, -2.991388944476002371E-15, 1.874999999999981792 ) ) ;
#3452 = ORIENTED_EDGE ( 'NONE', *, *, #5522, .T. ) ;
#3453 = CARTESIAN_POINT ( 'NONE',  ( 0.8428154764883208916, -0.6681007961515357252, 6.559249473037191080 ) ) ;
#3454 = EDGE_LOOP ( 'NONE', ( #5892, #3039, #3201, #3848 ) ) ;
#3455 = FACE_OUTER_BOUND ( 'NONE', #1, .T. ) ;
#3456 = AXIS2_PLACEMENT_3D ( 'NONE', #3940, #2805, #18 ) ;
#3457 = DIRECTION ( 'NONE',  ( 1.000000000000000000, -0.000000000000000000, 0.000000000000000000 ) ) ;
#3458 = DIRECTION ( 'NONE',  ( -1.000000000000000000, 0.000000000000000000, 0.000000000000000000 ) ) ;
#3459 = CARTESIAN_POINT ( 'NONE',  ( 0.5529378364870414231, 0.9577164262227702007, -2.362500000000002043 ) ) ;
#3460 = CARTESIAN_POINT ( 'NONE',  ( -1.017788105676655563, -0.5876202367904191926, 5.479166666666641206 ) ) ;
#3461 = CARTESIAN_POINT ( 'NONE',  ( -0.5529378364870412010, -0.9577164262227633174, -2.081250000000001599 ) ) ;
#3462 = VERTEX_POINT ( 'NONE', #984 ) ;
#3463 = CARTESIAN_POINT ( 'NONE',  ( -1.530808498934192310E-16, -1.249999999999996891, 1.331250000000002487 ) ) ;
#3464 = CARTESIAN_POINT ( 'NONE',  ( 0.8294067547305616905, 0.4788582131113862106, 1.706249999999998490 ) ) ;
#3465 = CARTESIAN_POINT ( 'NONE',  ( 0.6785254037844248298, -1.175240473580842604, 0.04166666666665253677 ) ) ;
#3466 = CARTESIAN_POINT ( 'NONE',  ( -0.8294067547305613575, -0.4788582131113798268, 0.1312499999999981182 ) ) ;
#3467 = CARTESIAN_POINT ( 'NONE',  ( -1.439254484199186421E-16, -1.175240473580835721, -3.437500000000006661 ) ) ;
#3468 = CARTESIAN_POINT ( 'NONE',  ( -1.103625504730557649, -0.6371784822407201565, -1.907812500000003020 ) ) ;
#3469 = VERTEX_POINT ( 'NONE', #2089 ) ;
#3470 = CARTESIAN_POINT ( 'NONE',  ( 0.8816504037844360431, -1.527063293868263560, 2.838541666666645646 ) ) ;
#3471 = EDGE_CURVE ( 'NONE', #1631, #1631, #3914, .T. ) ;
#3472 = CARTESIAN_POINT ( 'NONE',  ( -0.5529378364870407569, 0.9577164262227703118, 0.9187499999999985123 ) ) ;
#3473 = CARTESIAN_POINT ( 'NONE',  ( 0.8660254037844393737, 1.499999999999996669, -3.479166666666675845 ) ) ;
#3474 = DIRECTION ( 'NONE',  ( 1.000000000000000000, 0.000000000000000000, 0.000000000000000000 ) ) ;
#3475 = CARTESIAN_POINT ( 'NONE',  ( -1.103625504730557649, -0.6371784822407201565, -1.485937500000001021 ) ) ;
#3476 = CALENDAR_DATE ( 2025, 8, 10 ) ;
#3477 = CARTESIAN_POINT ( 'NONE',  ( 1.105875672974081736, 3.329800212082071898E-15, -1.537500000000002309 ) ) ;
#3478 = CARTESIAN_POINT ( 'NONE',  ( 1.322475605676655563, 0.7635316469341260071, -3.536458333333340587 ) ) ;
#3479 = ORIENTED_EDGE ( 'NONE', *, *, #992, .F. ) ;
#3480 = CARTESIAN_POINT ( 'NONE',  ( -0.6785254037844353769, 1.175240473580830614, -3.645833333333339255 ) ) ;
#3481 = CARTESIAN_POINT ( 'NONE',  ( 1.082531754730548634, -0.6249999999999974465, 2.249999999999992895 ) ) ;
#3482 = CARTESIAN_POINT ( 'NONE',  ( -0.6785254037844288266, 1.175240473580834166, 0.3541666666666519747 ) ) ;
#3483 = CARTESIAN_POINT ( 'NONE',  ( 1.275718010678670966, 0.7873076251776885970, 4.988345920139262368 ) ) ;
#3484 = FACE_OUTER_BOUND ( 'NONE', #1965, .T. ) ;
#3485 = CARTESIAN_POINT ( 'NONE',  ( -0.8816504037844372643, -1.527063293868263116, 3.223958333333313053 ) ) ;
#3486 = EDGE_CURVE ( 'NONE', #6368, #2671, #3218, .T. ) ;
#3487 = CARTESIAN_POINT ( 'NONE',  ( -1.357050807568873863, -2.991388944476002371E-15, 0.8749999999999842348 ) ) ;
#3488 = EDGE_LOOP ( 'NONE', ( #4916 ) ) ;
#3489 = DIRECTION ( 'NONE',  ( 0.7071067811865430208, 0.000000000000000000, 0.7071067811865520136 ) ) ;
#3490 = ORIENTED_EDGE ( 'NONE', *, *, #2841, .T. ) ;
#3491 = LINE ( 'NONE', #1365, #6472 ) ;
#3492 = CARTESIAN_POINT ( 'NONE',  ( 3.000000000000000000, -0.9024128347050693888, 2.033783684603546416 ) ) ;
#3493 = CARTESIAN_POINT ( 'NONE',  ( -1.105875672974081736, 3.409896260465774179E-15, 2.287499999999996980 ) ) ;
#3494 = CARTESIAN_POINT ( 'NONE',  ( -0.5529378364870407569, 0.9577164262227704228, -1.387500000000002176 ) ) ;
#3495 = CARTESIAN_POINT ( 'NONE',  ( 0.000000000000000000, 1.175240473580829725, 4.312499999999976019 ) ) ;
#3496 = CARTESIAN_POINT ( 'NONE',  ( 0.8294067547305616905, 0.4788582131113863771, -1.893750000000001599 ) ) ;
#3497 = B_SPLINE_CURVE_WITH_KNOTS ( 'NONE', 3,
 ( #6443, #6336, #5230, #5822 ),
 .UNSPECIFIED., .F., .F.,
 ( 4, 4 ),
 ( 0.000000000000000000, 0.0002889088506456981872 ),
 .UNSPECIFIED. ) ;
#3498 = EDGE_CURVE ( 'NONE', #1138, #3159, #209, .T. ) ;
#3499 = CARTESIAN_POINT ( 'NONE',  ( 1.082531754730548856, 0.6250000000000028866, -0.7687499999999969358 ) ) ;
#3500 = CARTESIAN_POINT ( 'NONE',  ( 0.5529378364870405349, -0.9577164262227637614, 1.143749999999998046 ) ) ;
#3501 = CARTESIAN_POINT ( 'NONE',  ( -1.357050807568874085, 1.886858022290287499E-14, 2.374999999999980460 ) ) ;
#3502 = CARTESIAN_POINT ( 'NONE',  ( 0.5529378364870405349, -0.9577164262227636504, -2.006250000000001421 ) ) ;
#3503 = CARTESIAN_POINT ( 'NONE',  ( 0.6785254037844377084, 1.175240473580829059, -1.729166666666676955 ) ) ;
#3504 = CARTESIAN_POINT ( 'NONE',  ( -0.7357503364870385809, -1.274356964481444532, -0.9703125000000029088 ) ) ;
#3505 = CARTESIAN_POINT ( 'NONE',  ( -1.763300807568873196, -2.966513306368321794E-15, 4.171874999999976019 ) ) ;
#3506 = APPLICATION_CONTEXT ( 'configuration controlled 3d designs of mechanical parts and assemblies' ) ;
#3507 = CARTESIAN_POINT ( 'NONE',  ( -1.172864355864553979E-16, -0.9577164262227636504, 1.556249999999997691 ) ) ;
#3508 = CARTESIAN_POINT ( 'NONE',  ( -0.8660254037844388186, -1.500000000000002665, -2.229166666666678953 ) ) ;
#3509 = DIRECTION ( 'NONE',  ( 0.000000000000000000, 0.7071067811865474617, -0.7071067811865476838 ) ) ;
#3510 = CARTESIAN_POINT ( 'NONE',  ( 1.103625504730557871, 0.6371784822407265958, -0.8109375000000008660 ) ) ;
#3511 = CALENDAR_DATE ( 2025, 8, 10 ) ;
#3512 = CARTESIAN_POINT ( 'NONE',  ( -0.5529378364870407569, 0.9577164262227705338, -2.737500000000002043 ) ) ;
#3513 = CARTESIAN_POINT ( 'NONE',  ( 0.000000000000000000, 1.527063293868257121, -4.453125000000005329 ) ) ;
#3514 = CARTESIAN_POINT ( 'NONE',  ( 1.017788105676656230, 0.5876202367904121981, -4.270833333333338366 ) ) ;
#3515 = CARTESIAN_POINT ( 'NONE',  ( 0.7216878364870333851, 1.250000000000003553, 2.362499999999992717 ) ) ;
#3516 = CARTESIAN_POINT ( 'NONE',  ( -1.017788105676658228, -0.5876202367904144186, -0.02083333333334751875 ) ) ;
#3517 = CC_DESIGN_PERSON_AND_ORGANIZATION_ASSIGNMENT ( #3334, #4963, ( #2262 ) ) ;
#3518 = CARTESIAN_POINT ( 'NONE',  ( 1.446639782107731476, 0.2778611624036008698, 4.970366876347953600 ) ) ;
#3519 = CARTESIAN_POINT ( 'NONE',  ( -1.732050807568876971, -2.968426816991988742E-15, -2.375000000000007105 ) ) ;
#3520 = VECTOR ( 'NONE', #4831, 1000.000000000000114 ) ;
#3521 = CARTESIAN_POINT ( 'NONE',  ( -1.763300807568873418, -2.966513306368321794E-15, 1.140624999999984679 ) ) ;
#3522 = CARTESIAN_POINT ( 'NONE',  ( -1.439254484199186421E-16, -1.175240473580835721, -0.5000000000000134337 ) ) ;
#3523 = EDGE_LOOP ( 'NONE', ( #2823, #5796, #2673, #5903 ) ) ;
#3524 = DIRECTION ( 'NONE',  ( 1.000000000000000000, 0.000000000000000000, 0.000000000000000000 ) ) ;
#3525 = ORIENTED_EDGE ( 'NONE', *, *, #1888, .F. ) ;
#3526 = FACE_OUTER_BOUND ( 'NONE', #458, .T. ) ;
#3527 = DIRECTION ( 'NONE',  ( 0.000000000000000000, 0.000000000000000000, -1.000000000000000000 ) ) ;
#3528 = CARTESIAN_POINT ( 'NONE',  ( -0.8660254037844391517, -1.500000000000002665, 4.208333333333312609 ) ) ;
#3529 = CARTESIAN_POINT ( 'NONE',  ( -0.5529378364870407569, 0.9577164262227702007, 2.212499999999997691 ) ) ;
#3530 = DIRECTION ( 'NONE',  ( 1.000000000000000000, -3.478164608855371857E-17, 3.859442014314180143E-17 ) ) ;
#3531 = CARTESIAN_POINT ( 'NONE',  ( 0.8294067547305616905, 0.4788582131113863216, -1.050000000000002265 ) ) ;
#3532 = CARTESIAN_POINT ( 'NONE',  ( 1.017788105676655341, -0.5876202367904199697, 5.645833333333306392 ) ) ;
#3533 = CARTESIAN_POINT ( 'NONE',  ( -1.530808498934192310E-16, -1.249999999999996891, 0.4312500000000031308 ) ) ;
#3534 = PERSON ( 'NAUO-PER3', 'UNSPECIFIED', 'UNSPECIFIED', ('UNSPECIFIED'), ('UNSPECIFIED'), ('UNSPECIFIED') ) ;
#3535 = CARTESIAN_POINT ( 'NONE',  ( -0.5529378364870407569, 0.9577164262227703118, 0.9187499999999985123 ) ) ;
#3536 = CARTESIAN_POINT ( 'NONE',  ( 1.151694567797941513E-14, 1.175240473580829725, 0.2499999999999854838 ) ) ;
#3537 = CARTESIAN_POINT ( 'NONE',  ( 0.8294067547305616905, 0.4788582131113863216, -0.9937500000000015765 ) ) ;
#3538 = ADVANCED_FACE ( 'NONE', ( #3953 ), #6181, .T. ) ;
#3539 = CARTESIAN_POINT ( 'NONE',  ( -1.439254484199186421E-16, -1.175240473580835721, -1.437500000000010880 ) ) ;
#3540 = EDGE_CURVE ( 'NONE', #2066, #807, #4754, .T. ) ;
#3541 = SHAPE_REPRESENTATION ( 'ClampHub-4mm', ( #3325, #5678, #282, #3433, #6158 ), #2384 ) ;
#3542 = CARTESIAN_POINT ( 'NONE',  ( -1.103625504730557427, 0.6371784822407277060, -2.432812500000002487 ) ) ;
#3543 = CARTESIAN_POINT ( 'NONE',  ( -0.8816504037844370423, -1.527063293868262894, 6.255208333333305504 ) ) ;
#3544 = CARTESIAN_POINT ( 'NONE',  ( 0.5529378364870405349, -0.9577164262227639835, 2.493749999999997691 ) ) ;
#3545 = CARTESIAN_POINT ( 'NONE',  ( -0.8660254037844388186, -1.500000000000002665, -2.729166666666677621 ) ) ;
#3546 = CARTESIAN_POINT ( 'NONE',  ( 3.000000000000000000, 0.000000000000000000, 0.000000000000000000 ) ) ;
#3547 = ADVANCED_FACE ( 'NONE', ( #1132 ), #2303, .T. ) ;
#3548 = CARTESIAN_POINT ( 'NONE',  ( -1.560637177523342561E-16, -1.274356964481444310, -2.310937500000000977 ) ) ;
#3549 = PERSON_AND_ORGANIZATION ( #6017, #2973 ) ;
#3550 = VECTOR ( 'NONE', #6695, 1000.000000000000114 ) ;
#3551 = CARTESIAN_POINT ( 'NONE',  ( 0.000000000000000000, 0.9577164262227704228, -1.875000000000002220 ) ) ;
#3552 = CARTESIAN_POINT ( 'NONE',  ( -0.8816504037844364872, 1.527063293868256899, -5.411458333333337478 ) ) ;
#3553 = EDGE_CURVE ( 'NONE', #195, #2273, #1443, .T. ) ;
#3554 = AXIS2_PLACEMENT_3D ( 'NONE', #2562, #4342, #839 ) ;
#3555 = CARTESIAN_POINT ( 'NONE',  ( 0.000000000000000000, 1.250000000000003997, 1.949999999999992850 ) ) ;
#3556 = CARTESIAN_POINT ( 'NONE',  ( 1.357050807568874085, -1.969776355942375542E-14, 1.687499999999982458 ) ) ;
#3557 = CARTESIAN_POINT ( 'NONE',  ( -1.117964194122634147, -0.7275305460869105900, 4.830773070966849048 ) ) ;
#3558 = CARTESIAN_POINT ( 'NONE',  ( 1.732050807568876971, -3.392656912481952001E-15, -4.125000000000002665 ) ) ;
#3559 = CARTESIAN_POINT ( 'NONE',  ( 0.8816504037844361541, -1.527063293868264005, 2.807291666666647423 ) ) ;
#3560 = CC_DESIGN_APPROVAL ( #2218, ( #2762 ) ) ;
#3561 = CARTESIAN_POINT ( 'NONE',  ( 0.000000000000000000, 1.175240473580829725, 1.249999999999982903 ) ) ;
#3562 = ORIENTED_EDGE ( 'NONE', *, *, #7217, .T. ) ;
#3563 = CARTESIAN_POINT ( 'NONE',  ( 0.03493552959014144255, 1.079803833658445456, -2.842330217582798468 ) ) ;
#3564 = EDGE_CURVE ( 'NONE', #6220, #5350, #545, .T. ) ;
#3565 = ORIENTED_EDGE ( 'NONE', *, *, #4177, .F. ) ;
#3566 = DIRECTION ( 'NONE',  ( 3.064488108188113379E-16, 1.769283034190819047E-16, 1.000000000000000000 ) ) ;
#3567 = CIRCLE ( 'NONE', #4748, 1.175240473580832612 ) ;
#3568 = AXIS2_PLACEMENT_3D ( 'NONE', #6110, #2234, #1063 ) ;
#3569 = FACE_OUTER_BOUND ( 'NONE', #6484, .T. ) ;
#3570 = CARTESIAN_POINT ( 'NONE',  ( 0.8660254037844393737, 1.499999999999996447, 4.458333333333312609 ) ) ;
#3571 = CARTESIAN_POINT ( 'NONE',  ( 1.105875672974081736, 3.172699317288922700E-15, 1.612499999999997602 ) ) ;
#3572 = PERSON_AND_ORGANIZATION ( #6017, #2973 ) ;
#3573 = CARTESIAN_POINT ( 'NONE',  ( 0.000000000000000000, 0.9577164262227704228, -0.5250000000000024647 ) ) ;
#3574 = CARTESIAN_POINT ( 'NONE',  ( -0.6785254037844372643, -1.175240473580835721, 6.520833333333305504 ) ) ;
#3575 = VECTOR ( 'NONE', #5053, 1000.000000000000000 ) ;
#3576 = CARTESIAN_POINT ( 'NONE',  ( -1.530808498934192310E-16, -1.249999999999996669, -1.368749999999996803 ) ) ;
#3577 = CARTESIAN_POINT ( 'NONE',  ( -0.5529378364870407569, 0.9577164262227702007, 2.268749999999998046 ) ) ;
#3578 = CARTESIAN_POINT ( 'NONE',  ( 4.605614349437396546E-15, 1.175240473580829725, 2.749999999999980016 ) ) ;
#3579 = CARTESIAN_POINT ( 'NONE',  ( 0.8294067547305610244, -0.4788582131113803264, -1.968750000000001776 ) ) ;
#3580 = CARTESIAN_POINT ( 'NONE',  ( -1.017788105676655563, -0.5876202367904191926, -2.520833333333341919 ) ) ;
#3581 = CIRCLE ( 'NONE', #1711, 1.450000000000001732 ) ;
#3582 = CARTESIAN_POINT ( 'NONE',  ( -0.7357503364870382478, 1.274356964481451637, -2.020312500000002842 ) ) ;
#3583 = CARTESIAN_POINT ( 'NONE',  ( -1.763300807568873196, -2.966513306368321794E-15, 5.671874999999974243 ) ) ;
#3584 = ORIENTED_EDGE ( 'NONE', *, *, #6074, .T. ) ;
#3585 = CARTESIAN_POINT ( 'NONE',  ( -2.799999999999998490, 0.000000000000000000, -8.000000000000003553 ) ) ;
#3586 = CARTESIAN_POINT ( 'NONE',  ( -1.299038105676658006, 0.7499999999999971134, -1.854166666666679619 ) ) ;
#3587 = CARTESIAN_POINT ( 'NONE',  ( -0.6785254037844353769, 1.175240473580830614, -3.708333333333339699 ) ) ;
#3588 = CARTESIAN_POINT ( 'NONE',  ( -1.103625504730557427, 0.6371784822407275950, -0.6609375000000009548 ) ) ;
#3589 = APPROVAL_ROLE ( '' ) ;
#3590 = CARTESIAN_POINT ( 'NONE',  ( -0.5529378364870412010, -0.9577164262227633174, -2.137500000000002398 ) ) ;
#3591 = CARTESIAN_POINT ( 'NONE',  ( 1.763300807568873196, -3.398397444352954028E-15, -2.578125000000009326 ) ) ;
#3592 = CARTESIAN_POINT ( 'NONE',  ( -2.799999999999998490, 0.000000000000000000, 0.000000000000000000 ) ) ;
#3593 = CARTESIAN_POINT ( 'NONE',  ( -1.357050807568874085, 8.893772703594550090E-15, 1.937499999999981570 ) ) ;
#3594 = DIRECTION ( 'NONE',  ( 0.000000000000000000, 0.000000000000000000, -1.000000000000000000 ) ) ;
#3595 = CARTESIAN_POINT ( 'NONE',  ( 1.299038105676657562, -0.7500000000000035527, -2.666666666666672292 ) ) ;
#3596 = CARTESIAN_POINT ( 'NONE',  ( -1.322475605676655119, -0.7635316469341328904, 4.182291666666644758 ) ) ;
#3597 = CARTESIAN_POINT ( 'NONE',  ( -1.439254484199186421E-16, -1.175240473580835721, 3.499999999999978684 ) ) ;
#3598 = VERTEX_POINT ( 'NONE', #7283 ) ;
#3599 = CARTESIAN_POINT ( 'NONE',  ( -1.084218764005838498, -0.4407426260632732462, -2.751410684311829336 ) ) ;
#3600 = ORIENTED_EDGE ( 'NONE', *, *, #5543, .T. ) ;
#3601 = CARTESIAN_POINT ( 'NONE',  ( -0.6557983206619335537, 0.9656854126992541199, 2.999999999999999112 ) ) ;
#3602 = CARTESIAN_POINT ( 'NONE',  ( -2.799999999999998490, -7.999999999999998224, -5.123475382979802539 ) ) ;
#3603 = CARTESIAN_POINT ( 'NONE',  ( -1.299038105676658006, -0.7500000000000026645, 4.729166666666640317 ) ) ;
#3604 = CARTESIAN_POINT ( 'NONE',  ( 1.322475605676654675, -0.7635316469341338896, -3.151041666666673624 ) ) ;
#3605 = CARTESIAN_POINT ( 'NONE',  ( 1.105875672974081736, 3.195142302259372247E-15, 1.162499999999997646 ) ) ;
#3606 = CARTESIAN_POINT ( 'NONE',  ( 1.017788105676655341, -0.5876202367904199697, 6.645833333333305504 ) ) ;
#3607 = CARTESIAN_POINT ( 'NONE',  ( -0.7216878364870322748, 1.250000000000003775, -1.106249999999997069 ) ) ;
#3608 = CARTESIAN_POINT ( 'NONE',  ( 0.5529378364870405349, -0.9577164262227636504, -1.612500000000002487 ) ) ;
#3609 = CARTESIAN_POINT ( 'NONE',  ( 1.381975285269811262E-14, 1.175240473580829725, 4.249999999999976019 ) ) ;
#3610 = CARTESIAN_POINT ( 'NONE',  ( 0.8294067547305610244, -0.4788582131113804929, 0.7312499999999984013 ) ) ;
#3611 = CARTESIAN_POINT ( 'NONE',  ( 0.000000000000000000, 1.175240473580829725, -2.687500000000008438 ) ) ;
#3612 = LOCAL_TIME ( 13, 37, 30.00000000000000000, #6394 ) ;
#3613 = EDGE_CURVE ( 'NONE', #613, #6368, #4644, .T. ) ;
#3614 = CARTESIAN_POINT ( 'NONE',  ( -0.7357503364870385809, -1.274356964481444088, -2.320312500000003109 ) ) ;
#3615 = ORIENTED_EDGE ( 'NONE', *, *, #804, .T. ) ;
#3616 = DIRECTION ( 'NONE',  ( 0.000000000000000000, 7.077132136763247592E-16, 1.000000000000000000 ) ) ;
#3617 = CARTESIAN_POINT ( 'NONE',  ( 3.000000000000000000, -0.9433296209488570838, 1.791857758372713105 ) ) ;
#3618 = CARTESIAN_POINT ( 'NONE',  ( 3.000000000000000000, -7.799999999999997158, 0.000000000000000000 ) ) ;
#3619 = CARTESIAN_POINT ( 'NONE',  ( 1.299038105676658450, 0.7499999999999958922, -1.020833333333347692 ) ) ;
#3620 = CARTESIAN_POINT ( 'NONE',  ( 1.357050807568874085, -3.323770530029912691E-15, -4.875000000000003553 ) ) ;
#3621 = CARTESIAN_POINT ( 'NONE',  ( -1.103625504730557649, -0.6371784822407201565, -1.035937500000000844 ) ) ;
#3622 = DATE_TIME_ROLE ( 'classification_date' ) ;
#3623 = CARTESIAN_POINT ( 'NONE',  ( 0.5529378364870405349, -0.9577164262227636504, -1.162500000000002531 ) ) ;
#3624 = CARTESIAN_POINT ( 'NONE',  ( 0.8816504037844360431, -1.527063293868263560, -0.1614583333333476367 ) ) ;
#3625 = CARTESIAN_POINT ( 'NONE',  ( 0.8294067547305610244, -0.4788582131113803264, -2.418750000000001510 ) ) ;
#3626 = LINE ( 'NONE', #3700, #5810 ) ;
#3627 = CARTESIAN_POINT ( 'NONE',  ( 3.000000000000000000, 0.9024128347050694998, -2.033783684603546416 ) ) ;
#3628 = CARTESIAN_POINT ( 'NONE',  ( -1.299038105676658006, 0.7499999999999971134, -3.916666666666670071 ) ) ;
#3629 = CARTESIAN_POINT ( 'NONE',  ( 0.8816504037844361541, -1.527063293868264005, 4.307291666666642982 ) ) ;
#3630 = PERSON ( 'NAUO-PER1', 'UNSPECIFIED', 'UNSPECIFIED', ('UNSPECIFIED'), ('UNSPECIFIED'), ('UNSPECIFIED') ) ;
#3631 = CARTESIAN_POINT ( 'NONE',  ( -1.017788105676655563, -0.5876202367904191926, 3.916666666666644758 ) ) ;
#3632 = EDGE_CURVE ( 'NONE', #2439, #1933, #5459, .T. ) ;
#3633 = EDGE_CURVE ( 'NONE', #2914, #2199, #6104, .T. ) ;
#3634 = ORIENTED_EDGE ( 'NONE', *, *, #4467, .T. ) ;
#3635 = DIRECTION ( 'NONE',  ( -0.7071067811865500152, -0.4999999999999981681, 0.4999999999999981681 ) ) ;
#3636 = ORIENTED_EDGE ( 'NONE', *, *, #5960, .T. ) ;
#3637 = DIRECTION ( 'NONE',  ( 0.7071067811865430208, 0.7071067811865520136, 0.000000000000000000 ) ) ;
#3638 = CARTESIAN_POINT ( 'NONE',  ( 2.933349480478300908, 5.084323085060603375, -7.866650519521702911 ) ) ;
#3639 = CARTESIAN_POINT ( 'NONE',  ( -1.836970198721029688E-16, -1.500000000000002887, 4.749999999999977796 ) ) ;
#3640 = CARTESIAN_POINT ( 'NONE',  ( 0.8816504037844375974, 1.527063293868256677, -3.026041666666673180 ) ) ;
#3641 = CARTESIAN_POINT ( 'NONE',  ( 0.000000000000000000, 0.9577164262227703118, 0.8249999999999976241 ) ) ;
#3642 = CARTESIAN_POINT ( 'NONE',  ( -1.017788105676655563, -0.5876202367904191926, -5.083333333333336590 ) ) ;
#3643 = AXIS2_PLACEMENT_3D ( 'NONE', #6371, #6411, #3020 ) ;
#3644 = CARTESIAN_POINT ( 'NONE',  ( 1.082531754730548634, -0.6249999999999974465, 0.05625000000000276307 ) ) ;
#3645 = CARTESIAN_POINT ( 'NONE',  ( -1.172864355864553979E-16, -0.9577164262227635394, -2.100000000000001865 ) ) ;
#3646 = CARTESIAN_POINT ( 'NONE',  ( 1.017788105676650234, -0.5876202367904284074, 3.083333333333313053 ) ) ;
#3647 = CARTESIAN_POINT ( 'NONE',  ( -1.172864355864553979E-16, -0.9577164262227637614, 2.456249999999998490 ) ) ;
#3648 = CARTESIAN_POINT ( 'NONE',  ( -1.357050807568873863, -2.991388944476002371E-15, 0.4374999999999848455 ) ) ;
#3649 = CARTESIAN_POINT ( 'NONE',  ( 1.103625504730557871, 0.6371784822407264848, 1.017187499999996358 ) ) ;
#3650 = ORIENTED_EDGE ( 'NONE', *, *, #9, .T. ) ;
#3651 = CARTESIAN_POINT ( 'NONE',  ( 1.763300807568873196, -3.398397444352954028E-15, 5.921874999999971578 ) ) ;
#3652 = CC_DESIGN_DATE_AND_TIME_ASSIGNMENT ( #1579, #4126, ( #690 ) ) ;
#3653 = CARTESIAN_POINT ( 'NONE',  ( -2.799999999999998490, -4.171930009000630157, 5.020458146424486401 ) ) ;
#3654 = FACE_BOUND ( 'NONE', #6187, .T. ) ;
#3655 = CARTESIAN_POINT ( 'NONE',  ( 1.299038105676657562, -0.7500000000000035527, -0.6041666666666818397 ) ) ;
#3656 = CARTESIAN_POINT ( 'NONE',  ( -1.017788105676656230, -0.5876202367904181934, -4.083333333333339255 ) ) ;
#3657 = CARTESIAN_POINT ( 'NONE',  ( -1.471500672974076718, 3.555019408819834936E-15, -0.1734375000000008271 ) ) ;
#3658 = CARTESIAN_POINT ( 'NONE',  ( 0.5529378364870405349, -0.9577164262227637614, 0.6374999999999975131 ) ) ;
#3659 = CARTESIAN_POINT ( 'NONE',  ( 1.763300807568873196, -3.398397444352954028E-15, -2.078125000000010658 ) ) ;
#3660 = CARTESIAN_POINT ( 'NONE',  ( -1.694631496824167138, 1.759430863800268502E-15, 4.499999999999996447 ) ) ;
#3661 = CARTESIAN_POINT ( 'NONE',  ( 1.017788105676666000, 0.5876202367903954338, 4.229166666666642982 ) ) ;
#3662 = PLANE ( 'NONE',  #1582 ) ;
#3663 = DIRECTION ( 'NONE',  ( 0.000000000000000000, -1.000000000000000000, 3.690901012716637274E-16 ) ) ;
#3664 = CARTESIAN_POINT ( 'NONE',  ( 0.8816504037844375974, 1.527063293868256677, 4.973958333333309945 ) ) ;
#3665 = CARTESIAN_POINT ( 'NONE',  ( 1.357050807568873863, -3.323770530029912691E-15, 4.624999999999975131 ) ) ;
#3666 = ORIENTED_EDGE ( 'NONE', *, *, #4088, .T. ) ;
#3667 = DIRECTION ( 'NONE',  ( 0.000000000000000000, 0.000000000000000000, 1.000000000000000000 ) ) ;
#3668 = CIRCLE ( 'NONE', #1229, 1.449999999999993738 ) ;
#3669 = VECTOR ( 'NONE', #2210, 1000.000000000000000 ) ;
#3670 = ORIENTED_EDGE ( 'NONE', *, *, #5588, .T. ) ;
#3671 = CARTESIAN_POINT ( 'NONE',  ( 0.3755698326268643861, 1.406726059354733716, 4.952832997372345503 ) ) ;
#3672 = FACE_OUTER_BOUND ( 'NONE', #4677, .T. ) ;
#3673 = LOCAL_TIME ( 13, 37, 30.00000000000000000, #5472 ) ;
#3674 = CARTESIAN_POINT ( 'NONE',  ( 1.299038105676657562, -0.7500000000000035527, 2.833333333333316162 ) ) ;
#3675 = CARTESIAN_POINT ( 'NONE',  ( 0.8816504037844361541, -1.527063293868264005, -3.192708333333340143 ) ) ;
#3676 = VERTEX_POINT ( 'NONE', #4447 ) ;
#3677 = CARTESIAN_POINT ( 'NONE',  ( 0.5529378364870405349, -0.9577164262227638725, 1.087499999999997247 ) ) ;
#3678 = CARTESIAN_POINT ( 'NONE',  ( -0.6785254037844372643, -1.175240473580835721, -3.541666666666672736 ) ) ;
#3679 = CIRCLE ( 'NONE', #4159, 0.1500000000000001055 ) ;
#3680 = ADVANCED_FACE ( 'NONE', ( #1647 ), #2040, .T. ) ;
#3681 = CARTESIAN_POINT ( 'NONE',  ( 1.082531754730548634, -0.6249999999999973355, -2.193749999999997424 ) ) ;
#3682 = CARTESIAN_POINT ( 'NONE',  ( 0.8294067547305610244, -0.4788582131113803264, -2.475000000000002309 ) ) ;
#3683 = CARTESIAN_POINT ( 'NONE',  ( 0.9838953520853159773, 0.6463242080190267913, 4.670829216980689758 ) ) ;
#3684 = CARTESIAN_POINT ( 'NONE',  ( 0.5529378364870414231, 0.9577164262227699787, 0.8437499999999982236 ) ) ;
#3685 = CARTESIAN_POINT ( 'NONE',  ( 0.6785254037844365982, -1.175240473580835721, -0.8958333333333455828 ) ) ;
#3686 = VECTOR ( 'NONE', #6761, 1000.000000000000000 ) ;
#3687 = CARTESIAN_POINT ( 'NONE',  ( 0.7357503364870378038, -1.274356964481444976, 1.804687499999996225 ) ) ;
#3688 = EDGE_LOOP ( 'NONE', ( #4620 ) ) ;
#3689 = VECTOR ( 'NONE', #5282, 1000.000000000000114 ) ;
#3690 = CARTESIAN_POINT ( 'NONE',  ( 0.000000000000000000, -7.347880794884118356E-15, 3.000000000000000000 ) ) ;
#3691 = DIRECTION ( 'NONE',  ( 0.000000000000000000, 1.000000000000000000, 0.000000000000000000 ) ) ;
#3692 = CARTESIAN_POINT ( 'NONE',  ( 0.000000000000000000, 1.499999999999996669, 1.062499999999980682 ) ) ;
#3693 = CARTESIAN_POINT ( 'NONE',  ( -2.866682547644412882, -5.103952732046631802, 7.933317452355583832 ) ) ;
#3694 = CARTESIAN_POINT ( 'NONE',  ( -1.471500672974076718, 3.532576423849385388E-15, 0.2765624999999990452 ) ) ;
#3695 = PERSON_AND_ORGANIZATION ( #3534, #6326 ) ;
#3696 = ADVANCED_FACE ( 'NONE', ( #4464 ), #2180, .F. ) ;
#3697 = CARTESIAN_POINT ( 'NONE',  ( 0.5529378364870414231, 0.9577164262227702007, -0.5625000000000022204 ) ) ;
#3698 = CARTESIAN_POINT ( 'NONE',  ( 1.322475605676655563, 0.7635316469341260071, -1.036458333333345916 ) ) ;
#3699 = DIRECTION ( 'NONE',  ( 0.000000000000000000, 0.000000000000000000, 1.000000000000000000 ) ) ;
#3700 = CARTESIAN_POINT ( 'NONE',  ( 0.8994798301350690473, 0.6746764499392640113, 3.449999999999996181 ) ) ;
#3701 = CARTESIAN_POINT ( 'NONE',  ( -0.3775995686643687788, -1.117629100133013198, 3.000000000000000888 ) ) ;
#3702 = DIRECTION ( 'NONE',  ( 0.000000000000000000, 0.000000000000000000, 1.000000000000000000 ) ) ;
#3703 = CALENDAR_DATE ( 2025, 8, 10 ) ;
#3704 = CARTESIAN_POINT ( 'NONE',  ( 0.8816504037844375974, 1.527063293868256677, 3.473958333333313497 ) ) ;
#3705 = CARTESIAN_POINT ( 'NONE',  ( 1.017788105676655341, -0.5876202367904199697, 2.583333333333314386 ) ) ;
#3706 = ORIENTED_EDGE ( 'NONE', *, *, #7151, .F. ) ;
#3707 = DIRECTION ( 'NONE',  ( 0.000000000000000000, 0.7071067811865474617, 0.7071067811865474617 ) ) ;
#3708 = ORIENTED_EDGE ( 'NONE', *, *, #1572, .F. ) ;
#3709 = DIRECTION ( 'NONE',  ( 0.4999999999999980571, 0.8660254037844398178, 0.000000000000000000 ) ) ;
#3710 = LINE ( 'NONE', #1989, #3443 ) ;
#3711 = CARTESIAN_POINT ( 'NONE',  ( -1.299038105676658006, 0.7499999999999971134, 2.083333333333317050 ) ) ;
#3712 = CARTESIAN_POINT ( 'NONE',  ( 1.322475605676655785, 0.7635316469341261181, -4.067708333333338366 ) ) ;
#3713 = ORIENTED_EDGE ( 'NONE', *, *, #6789, .T. ) ;
#3714 = CARTESIAN_POINT ( 'NONE',  ( 0.8294067547305616905, 0.4788582131113862106, 1.649999999999997913 ) ) ;
#3715 = CARTESIAN_POINT ( 'NONE',  ( 1.017788105676655341, -0.5876202367904199697, -3.416666666666673624 ) ) ;
#3716 = CARTESIAN_POINT ( 'NONE',  ( 1.443375672974064994, 3.298661572209609212E-15, -2.156249999999997335 ) ) ;
#3717 = CARTESIAN_POINT ( 'NONE',  ( 0.000000000000000000, 0.9577164262227705338, -2.325000000000002398 ) ) ;
#3718 = CARTESIAN_POINT ( 'NONE',  ( -1.017788105676648014, 0.5876202367904261870, 3.833333333333309945 ) ) ;
#3719 = CARTESIAN_POINT ( 'NONE',  ( -0.5529378364870407569, 0.9577164262227703118, 0.9187499999999985123 ) ) ;
#3720 = CARTESIAN_POINT ( 'NONE',  ( -1.357050807568873863, -2.991388944476002371E-15, 0.9374999999999843459 ) ) ;
#3721 = CARTESIAN_POINT ( 'NONE',  ( 1.103625504730557205, -0.6371784822407211557, 0.04218749999999665823 ) ) ;
#3722 = ORIENTED_EDGE ( 'NONE', *, *, #2175, .T. ) ;
#3723 = EDGE_CURVE ( 'NONE', #6077, #3676, #6125, .T. ) ;
#3724 = CARTESIAN_POINT ( 'NONE',  ( 0.9999999999999991118, -0.5773502691896250649, 5.495000000000000107 ) ) ;
#3725 = PLANE ( 'NONE',  #529 ) ;
#3726 = CARTESIAN_POINT ( 'NONE',  ( -0.8660254037844388186, -1.500000000000002665, -0.2291666666666832275 ) ) ;
#3727 = CC_DESIGN_SECURITY_CLASSIFICATION ( #6564, ( #7288 ) ) ;
#3728 = CARTESIAN_POINT ( 'NONE',  ( 0.6892176704426603573, -0.9519291851246595160, -4.949759526419184041 ) ) ;
#3729 = CARTESIAN_POINT ( 'NONE',  ( 0.7357503364870378038, -1.274356964481444976, 0.4265624999999990119 ) ) ;
#3730 = DATE_AND_TIME ( #5320, #4681 ) ;
#3731 = CARTESIAN_POINT ( 'NONE',  ( -0.5529378364870412010, -0.9577164262227633174, 0.5624999999999974465 ) ) ;
#3732 = CARTESIAN_POINT ( 'NONE',  ( -1.322475605676654897, -0.7635316469341327794, -0.7864583333333464710 ) ) ;
#3733 = CARTESIAN_POINT ( 'NONE',  ( 0.8294067547305616905, 0.4788582131113864326, -2.793750000000001510 ) ) ;
#3734 = CARTESIAN_POINT ( 'NONE',  ( -0.6785254037844490327, -1.175240473580828837, 2.520833333333314830 ) ) ;
#3735 = CARTESIAN_POINT ( 'NONE',  ( 0.8419752161881547403, 0.6685859206620263784, 6.566536875587615008 ) ) ;
#3736 = CARTESIAN_POINT ( 'NONE',  ( 0.000000000000000000, 3.454988393958160231E-16, 6.649999999999999467 ) ) ;
#3737 = PERSON_AND_ORGANIZATION ( #6017, #2973 ) ;
#3738 = CARTESIAN_POINT ( 'NONE',  ( -1.357050807568873863, -2.991388944476002371E-15, -4.562500000000003553 ) ) ;
#3739 = CARTESIAN_POINT ( 'NONE',  ( 1.017788105676656008, 0.5876202367904124202, 3.666666666666644314 ) ) ;
#3740 = ORIENTED_EDGE ( 'NONE', *, *, #1429, .F. ) ;
#3741 = CARTESIAN_POINT ( 'NONE',  ( 2.800000000000001155, 1.791857758372713105, -0.9433296209488570838 ) ) ;
#3743 = ORIENTED_EDGE ( 'NONE', *, *, #1348, .T. ) ;
#3742 = APPROVAL ( #934, 'UNKNOWN' ) ;
#3744 = CARTESIAN_POINT ( 'NONE',  ( 1.086694492588181848, 0.7714496131501514808, 4.818937329030546834 ) ) ;
#3745 = DIRECTION ( 'NONE',  ( 0.000000000000000000, 7.077132136763247592E-16, 1.000000000000000000 ) ) ;
#3746 = CARTESIAN_POINT ( 'NONE',  ( 0.8660254037844393737, 1.499999999999996447, 1.458333333333318604 ) ) ;
#3747 = CARTESIAN_POINT ( 'NONE',  ( 1.763300807568873418, -3.398397444352954817E-15, -3.109375000000006661 ) ) ;
#3748 = VERTEX_POINT ( 'NONE', #1116 ) ;
#3749 = CARTESIAN_POINT ( 'NONE',  ( 0.000000000000000000, 0.9577164262227703118, 1.274999999999997469 ) ) ;
#3750 = CARTESIAN_POINT ( 'NONE',  ( 0.6785254037844365982, -1.175240473580835721, 7.104166666666637653 ) ) ;
#3751 = AXIS2_PLACEMENT_3D ( 'NONE', #2184, #3214, #7081 ) ;
#3752 = CARTESIAN_POINT ( 'NONE',  ( 0.000000000000000000, 1.250000000000004219, -2.493749999999997247 ) ) ;
#3753 = CARTESIAN_POINT ( 'NONE',  ( -0.5529378364870412010, -0.9577164262227633174, -1.687500000000002220 ) ) ;
#3754 = VERTEX_POINT ( 'NONE', #4394 ) ;
#3755 = CARTESIAN_POINT ( 'NONE',  ( -1.172864355864553979E-16, -0.9577164262227636504, 2.006249999999998312 ) ) ;
#3756 = CARTESIAN_POINT ( 'NONE',  ( -0.6785254037844368202, 1.175240473580829503, -1.145833333333345028 ) ) ;
#3757 = CIRCLE ( 'NONE', #4359, 9.500000000000000000 ) ;
#3758 = CARTESIAN_POINT ( 'NONE',  ( -1.103625504730557427, 0.6371784822407274840, 1.167187499999996270 ) ) ;
#3759 = ORIENTED_EDGE ( 'NONE', *, *, #2456, .T. ) ;
#3760 = ORIENTED_EDGE ( 'NONE', *, *, #5772, .F. ) ;
#3761 = DIRECTION ( 'NONE',  ( 0.000000000000000000, -1.000000000000000000, 0.000000000000000000 ) ) ;
#3762 = PLANE ( 'NONE',  #5823 ) ;
#3763 = EDGE_CURVE ( 'NONE', #1325, #1064, #3863, .T. ) ;
#3764 = CARTESIAN_POINT ( 'NONE',  ( -1.299038105676658006, 0.7499999999999971134, 1.145833333333314386 ) ) ;
#3765 = CARTESIAN_POINT ( 'NONE',  ( -1.017788105676653787, 0.5876202367904163060, -1.666666666666677399 ) ) ;
#3766 = CARTESIAN_POINT ( 'NONE',  ( 0.7357503364870390250, 1.274356964481451193, 1.926562499999998401 ) ) ;
#3767 = CARTESIAN_POINT ( 'NONE',  ( -0.5529378364870407569, 0.9577164262227704228, -0.4875000000000022649 ) ) ;
#3768 = CARTESIAN_POINT ( 'NONE',  ( 1.322475605676655563, 0.7635316469341260071, 0.9635416666666498653 ) ) ;
#3769 = EDGE_CURVE ( 'NONE', #6608, #3270, #1349, .T. ) ;
#3770 = CARTESIAN_POINT ( 'NONE',  ( -0.8294067547305612464, 0.4788582131113870988, 0.5062499999999984235 ) ) ;
#3771 = DIRECTION ( 'NONE',  ( -0.000000000000000000, -0.000000000000000000, -1.000000000000000000 ) ) ;
#3772 = CARTESIAN_POINT ( 'NONE',  ( 1.357050807568874085, -2.036252673053158079E-14, 2.687499999999980016 ) ) ;
#3773 = CARTESIAN_POINT ( 'NONE',  ( 0.000000000000000000, -7.347880794884118356E-15, 3.000000000000000000 ) ) ;
#3774 = CARTESIAN_POINT ( 'NONE',  ( -3.000000000000000000, 5.064582904840234434, -7.800000000000005151 ) ) ;
#3775 = APPROVAL_ROLE ( '' ) ;
#3776 = CARTESIAN_POINT ( 'NONE',  ( -0.6785254037844372643, -1.175240473580835721, -4.479166666666671404 ) ) ;
#3777 = CARTESIAN_POINT ( 'NONE',  ( -0.6785254037844368202, 1.175240473580829503, 4.791666666666641206 ) ) ;
#3778 = ORIENTED_EDGE ( 'NONE', *, *, #6944, .F. ) ;
#3779 = PLANE ( 'NONE',  #4144 ) ;
#3780 = ORIENTED_EDGE ( 'NONE', *, *, #1571, .F. ) ;
#3781 = CARTESIAN_POINT ( 'NONE',  ( -0.7216878364870322748, 1.250000000000003775, -1.612500000000006928 ) ) ;
#3782 = DIRECTION ( 'NONE',  ( -1.000000000000000000, 0.000000000000000000, 0.000000000000000000 ) ) ;
#3783 = CARTESIAN_POINT ( 'NONE',  ( -1.299038105676658006, -0.7500000000000026645, 1.666666666666651420 ) ) ;
#3784 = CARTESIAN_POINT ( 'NONE',  ( 1.763300807568873418, -3.398397444352954817E-15, -0.6093750000000117684 ) ) ;
#3785 = ORIENTED_EDGE ( 'NONE', *, *, #6121, .T. ) ;
#3786 = CARTESIAN_POINT ( 'NONE',  ( -0.6785254037844368202, 1.175240473580829503, -4.708333333333337478 ) ) ;
#3787 = EDGE_CURVE ( 'NONE', #407, #5907, #1077, .T. ) ;
#3788 = CARTESIAN_POINT ( 'NONE',  ( 1.322475605676655563, 0.7635316469341260071, 5.463541666666641206 ) ) ;
#3789 = CARTESIAN_POINT ( 'NONE',  ( -0.7216878364870322748, 1.250000000000003775, -1.556249999999996803 ) ) ;
#3790 = CARTESIAN_POINT ( 'NONE',  ( -0.5529378364870407569, 0.9577164262227704228, -0.9375000000000025535 ) ) ;
#3791 = CARTESIAN_POINT ( 'NONE',  ( -1.172864355864553979E-16, -0.9577164262227637614, 2.906249999999998224 ) ) ;
#3792 = CARTESIAN_POINT ( 'NONE',  ( -0.6785254037844372643, -1.175240473580835721, -0.4791666666666797858 ) ) ;
#3793 = CARTESIAN_POINT ( 'NONE',  ( -1.103625504730557649, -0.6371784822407202675, 0.7921874999999969358 ) ) ;
#3794 = ORIENTED_EDGE ( 'NONE', *, *, #4656, .T. ) ;
#3795 = CIRCLE ( 'NONE', #2860, 1.449999999999999956 ) ;
#3796 = DIRECTION ( 'NONE',  ( 0.000000000000000000, 0.000000000000000000, 1.000000000000000000 ) ) ;
#3797 = CYLINDRICAL_SURFACE ( 'NONE', #2058, 1.249999999999998446 ) ;
#3798 = CIRCLE ( 'NONE', #2028, 1.175240473580832612 ) ;
#3799 = CARTESIAN_POINT ( 'NONE',  ( 1.732050807568876971, -3.392656912481952001E-15, 3.437499999999974687 ) ) ;
#3801 = AXIS2_PLACEMENT_3D ( 'NONE', #6721, #1609, #3951 ) ;
#3800 = CARTESIAN_POINT ( 'NONE',  ( -1.357050807568874085, 7.564246361378908810E-15, -0.1250000000000139888 ) ) ;
#3802 = CARTESIAN_POINT ( 'NONE',  ( -1.103625504730557649, -0.6371784822407203785, 2.564062499999998579 ) ) ;
#3803 = CARTESIAN_POINT ( 'NONE',  ( -1.105875672974081736, 3.454782230406674457E-15, 1.387499999999997291 ) ) ;
#3804 = CARTESIAN_POINT ( 'NONE',  ( -1.763300807568873196, -2.966513306368321794E-15, 1.671874999999981570 ) ) ;
#3805 = ADVANCED_FACE ( 'NONE', ( #5490, #6709 ), #2250, .T. ) ;
#3806 = AXIS2_PLACEMENT_3D ( 'NONE', #3283, #1599, #6782 ) ;
#3807 = CARTESIAN_POINT ( 'NONE',  ( -1.172864355864553979E-16, -0.9577164262227636504, 0.2062499999999981015 ) ) ;
#3808 = CARTESIAN_POINT ( 'NONE',  ( 1.105875672974081736, 3.349437823931214808E-15, -1.931250000000001688 ) ) ;
#3809 = CARTESIAN_POINT ( 'NONE',  ( -1.836970198721029688E-16, -1.500000000000002887, -4.187500000000007105 ) ) ;
#3810 = CARTESIAN_POINT ( 'NONE',  ( -2.799999999999998490, 7.128367289874323554, -6.279839152450467310 ) ) ;
#3811 = CARTESIAN_POINT ( 'NONE',  ( 0.000000000000000000, -7.268263058345530442E-15, 3.224999999999999645 ) ) ;
#3812 = APPLICATION_PROTOCOL_DEFINITION ( 'international standard', 'config_control_design', 1994, #4414 ) ;
#3813 = CARTESIAN_POINT ( 'NONE',  ( -1.763300807568873418, -2.966513306368321794E-15, 6.640624999999973355 ) ) ;
#3814 = CARTESIAN_POINT ( 'NONE',  ( 0.6785254037844365982, -1.175240473580835721, 6.041666666666639429 ) ) ;
#3815 = ORIENTED_EDGE ( 'NONE', *, *, #6213, .T. ) ;
#3816 = CYLINDRICAL_SURFACE ( 'NONE', #3431, 2.849999999999998757 ) ;
#3817 = ORIENTED_EDGE ( 'NONE', *, *, #3018, .T. ) ;
#3818 = DIRECTION ( 'NONE',  ( 0.000000000000000000, -0.7071067811865474617, 0.7071067811865474617 ) ) ;
#3819 = CARTESIAN_POINT ( 'NONE',  ( 0.3961572038374003291, 1.153568799208770645, 4.706505433925388004 ) ) ;
#3820 = CARTESIAN_POINT ( 'NONE',  ( -0.8660254037844391517, -1.500000000000002665, 1.208333333333319271 ) ) ;
#3821 = CARTESIAN_POINT ( 'NONE',  ( 1.322475605676655785, 0.7635316469341261181, -1.067708333333344140 ) ) ;
#3822 = ORIENTED_EDGE ( 'NONE', *, *, #1801, .T. ) ;
#3823 = CARTESIAN_POINT ( 'NONE',  ( -1.017788105676655563, 0.5876202367904134194, -3.166666666666674068 ) ) ;
#3824 = DIRECTION ( 'NONE',  ( -0.7071067811865430208, 0.000000000000000000, 0.7071067811865520136 ) ) ;
#3825 = CARTESIAN_POINT ( 'NONE',  ( -0.7216878364870322748, 1.250000000000003775, -2.456249999999997158 ) ) ;
#3826 = EDGE_CURVE ( 'NONE', #3996, #3959, #7270, .T. ) ;
#3827 = CARTESIAN_POINT ( 'NONE',  ( -0.8294067547305612464, 0.4788582131113870988, -0.4500000000000025091 ) ) ;
#3828 = VERTEX_POINT ( 'NONE', #3314 ) ;
#3829 = CARTESIAN_POINT ( 'NONE',  ( -3.000000000000000000, -5.064582904840234434, -7.800000000000005151 ) ) ;
#3830 = CARTESIAN_POINT ( 'NONE',  ( 0.6785254037844377084, 1.175240473580829059, 2.270833333333314830 ) ) ;
#3831 = DIRECTION ( 'NONE',  ( 0.000000000000000000, 0.000000000000000000, 1.000000000000000000 ) ) ;
#3832 = ORIENTED_EDGE ( 'NONE', *, *, #6543, .T. ) ;
#3833 = CARTESIAN_POINT ( 'NONE',  ( -0.1553657924228371012, -0.9450302765529396964, -2.954783573777252315 ) ) ;
#3834 = CARTESIAN_POINT ( 'NONE',  ( -1.299038105676658006, -0.7500000000000026645, 1.729166666666646091 ) ) ;
#3835 = CARTESIAN_POINT ( 'NONE',  ( 0.5529378364870405349, -0.9577164262227636504, -1.556250000000001688 ) ) ;
#3836 = CARTESIAN_POINT ( 'NONE',  ( -0.6785254037844300479, 1.175240473580833500, -1.708333333333343917 ) ) ;
#3837 = CARTESIAN_POINT ( 'NONE',  ( -0.7357503364870385809, -1.274356964481444532, 3.051562499999998401 ) ) ;
#3838 = CARTESIAN_POINT ( 'NONE',  ( 1.105875672974081736, 3.105370362377572480E-15, 2.962499999999996803 ) ) ;
#3839 = CARTESIAN_POINT ( 'NONE',  ( 1.322475605676654453, -0.7635316469341337786, 1.380208333333315718 ) ) ;
#3840 = CARTESIAN_POINT ( 'NONE',  ( -1.357050807568873863, -2.991388944476002371E-15, 5.374999999999973355 ) ) ;
#3841 = CARTESIAN_POINT ( 'NONE',  ( 0.8294067547305610244, -0.4788582131113803819, -1.068750000000001643 ) ) ;
#3842 = CARTESIAN_POINT ( 'NONE',  ( 1.299038105676658450, 0.7499999999999958922, -4.020833333333341919 ) ) ;
#3843 = FACE_BOUND ( 'NONE', #1220, .T. ) ;
#3844 = CARTESIAN_POINT ( 'NONE',  ( 0.7843280395555634055, -1.314805155742027942, -4.637329823756210168 ) ) ;
#3845 = APPROVAL_DATE_TIME ( #546, #3300 ) ;
#3846 = CARTESIAN_POINT ( 'NONE',  ( -1.357050807568873863, -2.991388944476002371E-15, -5.062500000000002665 ) ) ;
#3847 = CARTESIAN_POINT ( 'NONE',  ( -0.6785254037844368202, 1.175240473580829503, 5.291666666666640317 ) ) ;
#3848 = ORIENTED_EDGE ( 'NONE', *, *, #5306, .F. ) ;
#3849 = FACE_OUTER_BOUND ( 'NONE', #616, .T. ) ;
#3850 = VERTEX_POINT ( 'NONE', #2722 ) ;
#3851 = CARTESIAN_POINT ( 'NONE',  ( 1.082531754730549078, 0.6250000000000028866, 0.07499999999999275302 ) ) ;
#3852 = VERTEX_POINT ( 'NONE', #5528 ) ;
#3853 = CARTESIAN_POINT ( 'NONE',  ( 1.094124388429974195E-14, 1.175240473580829725, -0.6875000000000127676 ) ) ;
#3854 = CARTESIAN_POINT ( 'NONE',  ( -3.000000000000000000, 0.000000000000000000, 0.000000000000000000 ) ) ;
#3855 = CARTESIAN_POINT ( 'NONE',  ( -1.299038105676658006, -0.7500000000000026645, -0.8333333333333428072 ) ) ;
#3856 = EDGE_CURVE ( 'NONE', #1067, #2066, #2211, .T. ) ;
#3857 = CARTESIAN_POINT ( 'NONE',  ( -0.8816504037844365982, 1.527063293868257121, -0.4427083333333461379 ) ) ;
#3858 = CARTESIAN_POINT ( 'NONE',  ( -0.6785254037844372643, -1.175240473580835721, -2.041666666666676289 ) ) ;
#3859 = CARTESIAN_POINT ( 'NONE',  ( -3.000000000000000000, -0.5656854249492362374, -0.5656854249492362374 ) ) ;
#3860 = CARTESIAN_POINT ( 'NONE',  ( 1.034026860050032193, -0.4416341581190585952, 3.449999999999996625 ) ) ;
#3861 = CARTESIAN_POINT ( 'NONE',  ( 0.8294067547305616905, 0.4788582131113863216, -0.6000000000000024203 ) ) ;
#3862 = CARTESIAN_POINT ( 'NONE',  ( -2.799999999999994493, -4.490128060534575916, -5.740128060534574139 ) ) ;
#3863 = LINE ( 'NONE', #2141, #6645 ) ;
#3864 = CARTESIAN_POINT ( 'NONE',  ( 1.357050807568873863, -3.323770530029912691E-15, 2.687499999999979572 ) ) ;
#3865 = CARTESIAN_POINT ( 'NONE',  ( -2.800000000000004707, 4.490128060534575916, 4.490128060534575916 ) ) ;
#3866 = ORIENTED_EDGE ( 'NONE', *, *, #5575, .F. ) ;
#3867 = FACE_OUTER_BOUND ( 'NONE', #3488, .T. ) ;
#3868 = CARTESIAN_POINT ( 'NONE',  ( -1.299038105676658006, -0.7500000000000026645, 2.729166666666643870 ) ) ;
#3869 = CARTESIAN_POINT ( 'NONE',  ( 0.8294067547305610244, -0.4788582131113803819, -1.518750000000001599 ) ) ;
#3870 = CARTESIAN_POINT ( 'NONE',  ( -0.6785254037844302699, 1.175240473580833056, -2.208333333333342807 ) ) ;
#3871 = CARTESIAN_POINT ( 'NONE',  ( -1.105875672974081736, 3.631520737048966960E-15, -2.156250000000001332 ) ) ;
#3872 = CARTESIAN_POINT ( 'NONE',  ( -1.172864355864553979E-16, -0.9577164262227637614, 2.399999999999997691 ) ) ;
#3873 = ORIENTED_EDGE ( 'NONE', *, *, #1772, .T. ) ;
#3874 = CARTESIAN_POINT ( 'NONE',  ( 0.000000000000000000, 1.527063293868257121, 2.046874999999980904 ) ) ;
#3875 = CC_DESIGN_PERSON_AND_ORGANIZATION_ASSIGNMENT ( #5767, #1203, ( #2762 ) ) ;
#3876 = CARTESIAN_POINT ( 'NONE',  ( -0.5529378364870407569, 0.9577164262227704228, -1.331250000000001377 ) ) ;
#3877 = CARTESIAN_POINT ( 'NONE',  ( 2.933349480478300464, 7.866650519521702911, -5.084323085060601599 ) ) ;
#3878 = CARTESIAN_POINT ( 'NONE',  ( -3.000000000000000000, 7.800000000000005151, -5.064582904840234434 ) ) ;
#3879 =( REPRESENTATION_RELATIONSHIP ('NONE','NONE', #3541, #227 ) REPRESENTATION_RELATIONSHIP_WITH_TRANSFORMATION ( #4033 )SHAPE_REPRESENTATION_RELATIONSHIP( ) );
#3880 = CARTESIAN_POINT ( 'NONE',  ( 1.103625504730557205, -0.6371784822407209337, -2.685937500000000977 ) ) ;
#3881 = APPROVAL_STATUS ( 'not_yet_approved' ) ;
#3882 = DIRECTION ( 'NONE',  ( -0.000000000000000000, 5.195471269110015593E-17, 1.000000000000000000 ) ) ;
#3883 = CARTESIAN_POINT ( 'NONE',  ( 1.017788105676656008, 0.5876202367904124202, 4.666666666666642094 ) ) ;
#3884 = EDGE_LOOP ( 'NONE', ( #5552, #5968 ) ) ;
#3885 = FACE_OUTER_BOUND ( 'NONE', #3523, .T. ) ;
#3886 = ORIENTED_EDGE ( 'NONE', *, *, #2175, .F. ) ;
#3887 = CARTESIAN_POINT ( 'NONE',  ( -1.082531754730548634, 0.6250000000000038858, -1.125000000000007105 ) ) ;
#3888 = CARTESIAN_POINT ( 'NONE',  ( 1.017788105676651789, -0.5876202367904258539, -1.854166666666676733 ) ) ;
#3889 = B_SPLINE_CURVE_WITH_KNOTS ( 'NONE', 3,
 ( #5728, #717, #1899, #5804 ),
 .UNSPECIFIED., .F., .F.,
 ( 4, 4 ),
 ( 0.000000000000000000, 0.0002889088506456985125 ),
 .UNSPECIFIED. ) ;
#3890 = CARTESIAN_POINT ( 'NONE',  ( 2.866682547644414658, -7.933317452355583832, 5.103952732046629137 ) ) ;
#3891 = ORIENTED_EDGE ( 'NONE', *, *, #3763, .T. ) ;
#3892 = CARTESIAN_POINT ( 'NONE',  ( 0.000000000000000000, 1.499999999999996669, 0.4999999999999875655 ) ) ;
#3893 = CARTESIAN_POINT ( 'NONE',  ( 1.322475605676655785, 0.7635316469341261181, 0.4322916666666520302 ) ) ;
#3894 = CARTESIAN_POINT ( 'NONE',  ( 1.357050807568873863, -3.323770530029912691E-15, -2.875000000000008438 ) ) ;
#3895 = LINE ( 'NONE', #3934, #1680 ) ;
#3896 = CARTESIAN_POINT ( 'NONE',  ( -3.000000000000000000, -7.799999999999999822, -5.064582904840244204 ) ) ;
#3897 = CARTESIAN_POINT ( 'NONE',  ( 0.8294067547305616905, 0.4788582131113862661, 0.2999999999999973244 ) ) ;
#3898 =( LENGTH_UNIT ( ) NAMED_UNIT ( * ) SI_UNIT ( .MILLI., .METRE. ) );
#3899 = CARTESIAN_POINT ( 'NONE',  ( -1.105875672974081736, 3.384647902374017206E-15, 2.793749999999997957 ) ) ;
#3900 = CARTESIAN_POINT ( 'NONE',  ( 1.017788105676655341, -0.5876202367904199697, 3.645833333333311721 ) ) ;
#3901 = CARTESIAN_POINT ( 'NONE',  ( -1.172864355864553979E-16, -0.9577164262227634284, -2.943750000000001421 ) ) ;
#3902 = AXIS2_PLACEMENT_3D ( 'NONE', #15, #6891, #701 ) ;
#3903 = EDGE_CURVE ( 'NONE', #192, #5042, #3385, .T. ) ;
#3904 = CIRCLE ( 'NONE', #2727, 1.154700538379250796 ) ;
#3905 = CARTESIAN_POINT ( 'NONE',  ( 0.7216878364870332740, 1.250000000000003553, 2.868750000000003020 ) ) ;
#3906 = CARTESIAN_POINT ( 'NONE',  ( 0.8660254037844393737, 1.499999999999996669, 2.020833333333312609 ) ) ;
#3907 = CARTESIAN_POINT ( 'NONE',  ( 0.000000000000000000, 0.9577164262227704228, -0.4687500000000017208 ) ) ;
#3908 = CARTESIAN_POINT ( 'NONE',  ( -0.6785254037844380415, -1.175240473580835054, -2.041666666666676289 ) ) ;
#3909 = CC_DESIGN_SECURITY_CLASSIFICATION ( #395, ( #1690 ) ) ;
#3910 = CARTESIAN_POINT ( 'NONE',  ( -1.103625504730557427, 0.6371784822407273730, 3.389062499999998757 ) ) ;
#3911 = CARTESIAN_POINT ( 'NONE',  ( -0.7357503364870382478, 1.274356964481451637, -3.370312500000002931 ) ) ;
#3912 = CARTESIAN_POINT ( 'NONE',  ( 0.8816504037844374864, 1.527063293868256677, 1.005208333333316384 ) ) ;
#3913 = AXIS2_PLACEMENT_3D ( 'NONE', #6296, #3447, #1251 ) ;
#3914 = CIRCLE ( 'NONE', #1699, 0.9125000000000101918 ) ;
#3915 = CARTESIAN_POINT ( 'NONE',  ( 0.5529378364870414231, 0.9577164262227702007, -0.05625000000000161121 ) ) ;
#3916 = CARTESIAN_POINT ( 'NONE',  ( 1.299038105676658450, 0.7499999999999958922, -4.520833333333340143 ) ) ;
#3917 = EDGE_CURVE ( 'NONE', #2093, #6111, #2790, .T. ) ;
#3918 = CARTESIAN_POINT ( 'NONE',  ( 4.899999999999999467, 8.000000000000003553, -3.596551211459377839 ) ) ;
#3919 = CARTESIAN_POINT ( 'NONE',  ( -1.039413372380157297, -0.9693899873484379537, -4.706505919156218631 ) ) ;
#3920 = CALENDAR_DATE ( 2025, 8, 10 ) ;
#3921 = CARTESIAN_POINT ( 'NONE',  ( 0.000000000000000000, 3.454988393958160231E-16, 6.649999999999999467 ) ) ;
#3922 = CARTESIAN_POINT ( 'NONE',  ( 0.6785254037844377084, 1.175240473580829059, 6.708333333333303727 ) ) ;
#3923 = ORIENTED_EDGE ( 'NONE', *, *, #6852, .T. ) ;
#3924 = DIRECTION ( 'NONE',  ( 0.000000000000000000, 0.000000000000000000, 1.000000000000000000 ) ) ;
#3925 = AXIS2_PLACEMENT_3D ( 'NONE', #2781, #5617, #3367 ) ;
#3926 = ORIENTED_EDGE ( 'NONE', *, *, #5753, .T. ) ;
#3927 = CARTESIAN_POINT ( 'NONE',  ( -1.082531754730548634, 0.6250000000000038858, -0.2250000000000071665 ) ) ;
#3928 = CARTESIAN_POINT ( 'NONE',  ( 0.6785254037844424824, 1.175240473580826395, -1.729166666666676955 ) ) ;
#3929 = DIRECTION ( 'NONE',  ( 0.000000000000000000, 0.000000000000000000, -1.000000000000000000 ) ) ;
#3930 = CARTESIAN_POINT ( 'NONE',  ( -1.732050807568876971, -2.968426816991988742E-15, 0.1249999999999881067 ) ) ;
#3931 = AXIS2_PLACEMENT_3D ( 'NONE', #5460, #49, #2690 ) ;
#3932 = CARTESIAN_POINT ( 'NONE',  ( 0.8816504037844361541, -1.527063293868264005, -1.692708333333343029 ) ) ;
#3933 = CARTESIAN_POINT ( 'NONE',  ( 1.017788105676656008, 0.5876202367904124202, -2.833333333333341475 ) ) ;
#3934 = CARTESIAN_POINT ( 'NONE',  ( -2.799999999999998490, 8.000000000000003553, 5.123475382979792769 ) ) ;
#3935 = CARTESIAN_POINT ( 'NONE',  ( 3.000000000000000000, 8.000000000000003553, 0.000000000000000000 ) ) ;
#3936 = CARTESIAN_POINT ( 'NONE',  ( -3.000000000000000000, -4.490128060534575916, -4.490128060534575916 ) ) ;
#3937 = CARTESIAN_POINT ( 'NONE',  ( -0.5529378364870407569, 0.9577164262227703118, 0.8624999999999978240 ) ) ;
#3938 = CARTESIAN_POINT ( 'NONE',  ( 3.000000000000000000, -7.999999999999998224, 0.000000000000000000 ) ) ;
#3939 = CARTESIAN_POINT ( 'NONE',  ( 0.6785254037844365982, -1.175240473580835721, 3.604166666666644758 ) ) ;
#3940 = CARTESIAN_POINT ( 'NONE',  ( -2.799999999999998490, 0.000000000000000000, 0.000000000000000000 ) ) ;
#3941 = CARTESIAN_POINT ( 'NONE',  ( 0.7216878364870332740, 1.250000000000003553, 2.418750000000001954 ) ) ;
#3942 = CARTESIAN_POINT ( 'NONE',  ( 1.299038105676658450, 0.7499999999999958922, 2.979166666666643426 ) ) ;
#3943 = CARTESIAN_POINT ( 'NONE',  ( -1.172864355864553979E-16, -0.9577164262227635394, -0.6937500000000016431 ) ) ;
#3944 = CARTESIAN_POINT ( 'NONE',  ( -1.554831313593009761E-14, -1.175240473580835721, -1.387778780781445676E-14 ) ) ;
#3945 = CARTESIAN_POINT ( 'NONE',  ( 1.105875672974081736, 3.371880808901665144E-15, -2.381250000000001865 ) ) ;
#3946 = EDGE_CURVE ( 'NONE', #6161, #6161, #411, .T. ) ;
#3947 = ADVANCED_FACE ( 'NONE', ( #6218 ), #649, .F. ) ;
#3948 = CARTESIAN_POINT ( 'NONE',  ( -0.8294067547305612464, 0.4788582131113869877, 2.249999999999997780 ) ) ;
#3949 = CARTESIAN_POINT ( 'NONE',  ( -1.870113174931178938E-16, -1.527063293868263116, 4.296874999999976019 ) ) ;
#3950 = CARTESIAN_POINT ( 'NONE',  ( 1.105875672974081736, 3.169893944167615668E-15, 1.668749999999998179 ) ) ;
#3951 = DIRECTION ( 'NONE',  ( 0.000000000000000000, -1.000000000000000000, 0.000000000000000000 ) ) ;
#3952 = LINE ( 'NONE', #6215, #3107 ) ;
#3953 = FACE_OUTER_BOUND ( 'NONE', #6644, .T. ) ;
#3954 = PERSON_AND_ORGANIZATION ( #6017, #2973 ) ;
#3955 = CARTESIAN_POINT ( 'NONE',  ( -1.172864355864553979E-16, -0.9577164262227637614, 2.399999999999997691 ) ) ;
#3956 = CARTESIAN_POINT ( 'NONE',  ( -1.870113174931178938E-16, -1.527063293868263116, -4.203125000000005329 ) ) ;
#3957 = ORIENTED_EDGE ( 'NONE', *, *, #1376, .F. ) ;
#3958 = FACE_OUTER_BOUND ( 'NONE', #2018, .T. ) ;
#3959 = VERTEX_POINT ( 'NONE', #6254 ) ;
#3960 = CARTESIAN_POINT ( 'NONE',  ( 1.443375672974064994, 3.189252020478666140E-15, 0.03749999999999297645 ) ) ;
#3961 = CARTESIAN_POINT ( 'NONE',  ( -5.758472838989707566E-15, -1.175240473580835721, -2.437500000000008882 ) ) ;
#3962 = CARTESIAN_POINT ( 'NONE',  ( 0.6289966311629133777, 1.019631371225593552, 4.694689649892180405 ) ) ;
#3963 = CARTESIAN_POINT ( 'NONE',  ( 1.299038105676657562, -0.7500000000000035527, -0.6666666666666762886 ) ) ;
#3964 = CARTESIAN_POINT ( 'NONE',  ( -0.8816504037844365982, 1.527063293868257121, 3.057291666666647423 ) ) ;
#3965 = CARTESIAN_POINT ( 'NONE',  ( 1.017788105676656008, 0.5876202367904124202, 1.666666666666648755 ) ) ;
#3966 = DIRECTION ( 'NONE',  ( 0.000000000000000000, 0.7071067811865474617, -0.7071067811865474617 ) ) ;
#3967 = CC_DESIGN_PERSON_AND_ORGANIZATION_ASSIGNMENT ( #5106, #4555, ( #2037 ) ) ;
#3968 = MANIFOLD_SOLID_BREP ( 'Combine1', #4705 ) ;
#3969 = SHAPE_REPRESENTATION ( 'M3x10_BHCS_97763A814', ( #4261 ), #1567 ) ;
#3970 = CARTESIAN_POINT ( 'NONE',  ( -2.799999999999998490, -5.123475382979792769, -8.000000000000003553 ) ) ;
#3971 = FACE_OUTER_BOUND ( 'NONE', #653, .T. ) ;
#3972 = DIRECTION ( 'NONE',  ( 0.000000000000000000, -7.077132136763247592E-16, -1.000000000000000000 ) ) ;
#3973 = DIRECTION ( 'NONE',  ( 1.000000000000000000, 0.000000000000000000, 0.000000000000000000 ) ) ;
#3974 = CARTESIAN_POINT ( 'NONE',  ( 0.8294067547305616905, 0.4788582131113863771, -2.400000000000002576 ) ) ;
#3975 = CARTESIAN_POINT ( 'NONE',  ( 0.6785254037844365982, -1.175240473580835721, 1.604166666666649643 ) ) ;
#3976 = CARTESIAN_POINT ( 'NONE',  ( -0.7357503364870385809, -1.274356964481444532, 2.629687499999996181 ) ) ;
#3977 = ORIENTED_EDGE ( 'NONE', *, *, #2595, .T. ) ;
#3978 = CARTESIAN_POINT ( 'NONE',  ( -0.7216878364870322748, 1.250000000000003775, 1.593750000000003109 ) ) ;
#3979 = CARTESIAN_POINT ( 'NONE',  ( 1.732050807568876971, -3.392656912481952001E-15, 4.937499999999974243 ) ) ;
#3980 = PERSON ( 'NAUO-PER4', 'UNSPECIFIED', 'UNSPECIFIED', ('UNSPECIFIED'), ('UNSPECIFIED'), ('UNSPECIFIED') ) ;
#3981 = CARTESIAN_POINT ( 'NONE',  ( -0.8294067547305613575, -0.4788582131113798268, 0.5812499999999984901 ) ) ;
#3982 = CARTESIAN_POINT ( 'NONE',  ( -1.017788105676652899, 0.5876202367904177493, 1.333333333333316606 ) ) ;
#3983 = CARTESIAN_POINT ( 'NONE',  ( 0.8294067547305616905, 0.4788582131113862661, -0.09375000000000181799 ) ) ;
#3984 = CARTESIAN_POINT ( 'NONE',  ( -0.8816504037844372643, -1.527063293868263116, 7.223958333333304616 ) ) ;
#3985 = CARTESIAN_POINT ( 'NONE',  ( -1.560637177523342561E-16, -1.274356964481444310, -3.182812500000002931 ) ) ;
#3986 = CARTESIAN_POINT ( 'NONE',  ( 1.322475605676655563, 0.7635316469341260071, 4.963541666666640317 ) ) ;
#3987 = EDGE_CURVE ( 'NONE', #3959, #4311, #4525, .T. ) ;
#3988 = VECTOR ( 'NONE', #4242, 1000.000000000000000 ) ;
#3989 = CARTESIAN_POINT ( 'NONE',  ( -0.8294067547305612464, 0.4788582131113869877, 2.756249999999998312 ) ) ;
#3990 = CARTESIAN_POINT ( 'NONE',  ( 1.299038105676658450, 0.7499999999999958922, -3.020833333333343695 ) ) ;
#3991 = DIRECTION ( 'NONE',  ( -1.000000000000000000, 0.000000000000000000, 0.000000000000000000 ) ) ;
#3992 = CARTESIAN_POINT ( 'NONE',  ( -1.356144365908607652, -0.3340176490564601974, -4.731201978972480404 ) ) ;
#3993 = PERSON_AND_ORGANIZATION ( #6017, #2973 ) ;
#3994 = CARTESIAN_POINT ( 'NONE',  ( -0.5529378364870412010, -0.9577164262227635394, 2.812499999999997335 ) ) ;
#3995 = CARTESIAN_POINT ( 'NONE',  ( -1.322475605676654897, -0.7635316469341327794, -2.786458333333342363 ) ) ;
#3996 = VERTEX_POINT ( 'NONE', #5448 ) ;
#3997 = CARTESIAN_POINT ( 'NONE',  ( 1.017788105676654675, -0.5876202367904208579, -4.354166666666671404 ) ) ;
#3998 = DESIGN_CONTEXT ( 'detailed design', #4263, 'design' ) ;
#3999 = ADVANCED_FACE ( 'NONE', ( #3335 ), #105, .T. ) ;
#4000 = DIRECTION ( 'NONE',  ( -0.7071067811865414665, -0.5000000000000044409, -0.5000000000000044409 ) ) ;
#4001 = CARTESIAN_POINT ( 'NONE',  ( -1.082531754730548634, 0.6250000000000038858, -0.6750000000000070388 ) ) ;
#4002 = CARTESIAN_POINT ( 'NONE',  ( -1.017788105676657784, -0.5876202367904155288, -2.520833333333341919 ) ) ;
#4003 = CARTESIAN_POINT ( 'NONE',  ( -1.069176507905300166, -0.8026712386557942613, 4.833945668357414682 ) ) ;
#4004 = CARTESIAN_POINT ( 'NONE',  ( -1.732050807568876971, -2.968426816991988742E-15, -1.375000000000008216 ) ) ;
#4005 = CARTESIAN_POINT ( 'NONE',  ( -1.322475605676655119, 0.7635316469341273393, 1.098958333333317272 ) ) ;
#4006 = CARTESIAN_POINT ( 'NONE',  ( 1.017788105676656008, 0.5876202367904124202, 1.166666666666650087 ) ) ;
#4007 = ORIENTED_EDGE ( 'NONE', *, *, #5711, .T. ) ;
#4008 = CARTESIAN_POINT ( 'NONE',  ( -2.866682547644412882, 5.103952732046631802, 7.933317452355583832 ) ) ;
#4009 = DIRECTION ( 'NONE',  ( 0.000000000000000000, -0.7071067811865474617, 0.7071067811865474617 ) ) ;
#4010 = DIRECTION ( 'NONE',  ( 0.000000000000000000, -0.7071067811865475727, -0.7071067811865475727 ) ) ;
#4011 = CARTESIAN_POINT ( 'NONE',  ( 0.8816504037844361541, -1.527063293868264005, -4.692708333333337478 ) ) ;
#4012 = ADVANCED_FACE ( 'NONE', ( #5585 ), #997, .F. ) ;
#4013 = CARTESIAN_POINT ( 'NONE',  ( -0.8294067547305613575, -0.4788582131113797713, -0.8250000000000023981 ) ) ;
#4014 = CARTESIAN_POINT ( 'NONE',  ( -1.357050807568873863, -2.991388944476002371E-15, 4.937499999999976019 ) ) ;
#4015 = ORIENTED_EDGE ( 'NONE', *, *, #403, .F. ) ;
#4016 = CARTESIAN_POINT ( 'NONE',  ( -1.105875672974081736, 3.653963722019416901E-15, -2.606250000000001510 ) ) ;
#4017 = CARTESIAN_POINT ( 'NONE',  ( -1.082531754730548634, 0.6250000000000036637, 1.181250000000002576 ) ) ;
#4018 = CARTESIAN_POINT ( 'NONE',  ( 0.8294067547305610244, -0.4788582131113806040, 2.981249999999997957 ) ) ;
#4019 = CARTESIAN_POINT ( 'NONE',  ( 0.6785254037844530295, 1.175240473580820399, 2.208333333333314830 ) ) ;
#4020 = CARTESIAN_POINT ( 'NONE',  ( -0.8294067547305612464, 0.4788582131113871543, -1.743750000000001688 ) ) ;
#4021 = CARTESIAN_POINT ( 'NONE',  ( 0.000000000000000000, 1.175240473580829725, -3.187500000000007105 ) ) ;
#4022 = CARTESIAN_POINT ( 'NONE',  ( -1.560637177523342561E-16, -1.274356964481444532, -0.9328125000000030420 ) ) ;
#4023 = ORIENTED_EDGE ( 'NONE', *, *, #6701, .T. ) ;
#4024 = CIRCLE ( 'NONE', #4976, 0.7946314968241675603 ) ;
#4025 = CARTESIAN_POINT ( 'NONE',  ( 1.322475605676654453, -0.7635316469341337786, 4.380208333333309056 ) ) ;
#4026 = AXIS2_PLACEMENT_3D ( 'NONE', #5820, #2906, #6810 ) ;
#4029 = EDGE_CURVE ( 'NONE', #6571, #3270, #7228, .T. ) ;
#4028 = CARTESIAN_POINT ( 'NONE',  ( 0.5529378364870405349, -0.9577164262227638725, 1.593749999999997780 ) ) ;
#4027 = APPROVAL_PERSON_ORGANIZATION ( #4416, #6811, #5654 ) ;
#4030 = CARTESIAN_POINT ( 'NONE',  ( -1.299038105676658006, 0.7499999999999971134, -2.854166666666677177 ) ) ;
#4031 = LINE ( 'NONE', #6319, #6168 ) ;
#4032 = CARTESIAN_POINT ( 'NONE',  ( 0.000000000000000000, 1.274356964481451415, -0.2859375000000010103 ) ) ;
#4033 = ITEM_DEFINED_TRANSFORMATION ( 'NONE', 'NONE', #5678,  #4261 ) ;
#4034 = CARTESIAN_POINT ( 'NONE',  ( -0.8294067547305613575, -0.4788582131113797158, -2.175000000000002487 ) ) ;
#4035 = CARTESIAN_POINT ( 'NONE',  ( -0.8816504037844370423, -1.527063293868262894, -4.744791666666671404 ) ) ;
#4036 = EDGE_CURVE ( 'NONE', #6535, #805, #4165, .T. ) ;
#4037 = ORIENTED_EDGE ( 'NONE', *, *, #5941, .T. ) ;
#4038 = CARTESIAN_POINT ( 'NONE',  ( 2.878508968398372841E-16, 1.175240473580829725, -4.687500000000004441 ) ) ;
#4039 = CONICAL_SURFACE ( 'NONE', #2737, 9.500000000000000000, 0.7853981633974418397 ) ;
#4040 = CARTESIAN_POINT ( 'NONE',  ( -1.443375672974064994, 3.464226652657060332E-15, 1.612499999999992717 ) ) ;
#4041 = CARTESIAN_POINT ( 'NONE',  ( 1.209264747165909148E-14, 1.175240473580829725, 1.312499999999982903 ) ) ;
#4042 = CARTESIAN_POINT ( 'NONE',  ( -1.034026860050032859, -0.4416341581190588172, 4.499999999999996447 ) ) ;
#4043 = CARTESIAN_POINT ( 'NONE',  ( -0.8660254037844391517, -1.500000000000002665, -3.791666666666670071 ) ) ;
#4044 = VECTOR ( 'NONE', #4185, 1000.000000000000114 ) ;
#4045 = CARTESIAN_POINT ( 'NONE',  ( -0.8816504037844365982, 1.527063293868257121, 2.557291666666647867 ) ) ;
#4046 = CARTESIAN_POINT ( 'NONE',  ( -0.6785254037844372643, -1.175240473580835721, -0.5416666666666799523 ) ) ;
#4047 = EDGE_CURVE ( 'NONE', #6633, #4558, #4283, .T. ) ;
#4048 = VECTOR ( 'NONE', #5056, 1000.000000000000114 ) ;
#4049 = EDGE_LOOP ( 'NONE', ( #5858 ) ) ;
#4050 = CARTESIAN_POINT ( 'NONE',  ( -2.799999999999997602, 6.279839152450467310, -7.128367289874323554 ) ) ;
#4051 = ORIENTED_EDGE ( 'NONE', *, *, #710, .T. ) ;
#4052 = CARTESIAN_POINT ( 'NONE',  ( 2.800000000000000266, 6.279839152450468198, -7.128367289874324442 ) ) ;
#4053 = AXIS2_PLACEMENT_3D ( 'NONE', #4591, #2744, #5069 ) ;
#4054 = CARTESIAN_POINT ( 'NONE',  ( -0.8994798301350738212, -0.6746764499392552406, 3.449999999999996625 ) ) ;
#4055 = CARTESIAN_POINT ( 'NONE',  ( -0.8294067547305612464, 0.4788582131113869877, 2.249999999999997780 ) ) ;
#4056 =( NAMED_UNIT ( * ) SI_UNIT ( $, .STERADIAN. ) SOLID_ANGLE_UNIT ( ) );
#4057 = CARTESIAN_POINT ( 'NONE',  ( -0.8294067547305612464, 0.4788582131113871543, -1.350000000000002309 ) ) ;
#4058 = CARTESIAN_POINT ( 'NONE',  ( -0.6785254037844368202, 1.175240473580829503, 5.354166666666640317 ) ) ;
#4059 = CARTESIAN_POINT ( 'NONE',  ( 1.105875672974081736, 3.371880808901665144E-15, -2.381250000000001421 ) ) ;
#4060 = ADVANCED_FACE ( 'NONE', ( #2269 ), #4300, .T. ) ;
#4061 = CARTESIAN_POINT ( 'NONE',  ( 1.082531754730548856, 0.6250000000000027756, 1.481250000000003286 ) ) ;
#4062 =( BOUNDED_SURFACE ( )  B_SPLINE_SURFACE ( 1, 2, ( 
 ( #846, #3169, #4759, #920, #3642, #2537, #5898, #2603, #4313, #3098, #6011, #6563, #6600, #3786, #7071, #4231, #3203, #5449, #415, #2570, #1518, #2644, #4907, #6449, #5342, #375, #6486, #2101, #4350, #7001, #1442, #1554, #7036, #813, #884, #3135, #3064, #272, #2500, #4197, #1993, #3678, #341, #308, #3715, #5975, #2760, #525, #44, #5558, #3823, #5596, #6195, #5014, #1035, #1000, #1145, #3894, #3933, #6048, #4493, #6669, #8, #5631, #557, #2174, #2679, #3380, #4389, #7265, #1737, #589, #2833, #5080, #3243, #1626, #7189, #3858, #2209, #2136, #4427, #5048, #1072, #2281, #4940, #1591, #7226, #6084, #5485, #6634, #6118, #4460, #449, #6703, #1662, #4533, #6154, #3310, #2797, #3276, #5520, #486, #2243, #1108, #2717, #4977, #6773, #3348, #6737, #1700, #6299, #730, #2868, #4046, #3522, #154, #2350, #4643, #1288, #2385, #694, #6883, #1809, #2974, #659, #5225, #191, #4118, #6916, #1180, #1255, #3015, #5188, #4567, #5259, #6265, #1842, #1771, #2941, #2418, #770, #1322, #4676, #3414, #4083, #6332, #5817, #3487, #228, #6808, #2452, #5778, #1874, #6366, #4006, #5666, #3561, #623, #83, #4601, #5118, #1216, #5153, #116, #4711, #6952, #3965, #2904, #6228, #5742, #2315, #3451, #5706, #6843, #4302, #3193, #2057, #873, #330, #5854, #365, #5926, #7060, #4897, #402, #6991, #1470, #2490, #3705, #2632, #3088, #5296, #5365, #6439, #264, #5889, #5331, #2016, #1949, #6553, #837, #3053, #2560, #5965, #4747, #3125, #1910, #1506, #5436, #299, #3597, #6405, #1394, #4188, #3739, #4220, #4153, #945, #908, #6000, #3631, #1361, #802, #2526, #4817, #4783, #7026, #3158, #1984, #6474, #4258, #6511, #5400, #2592, #1431, #4853, #7098, #3665, #3883, #7177, #2198, #3777, #7254, #2669, #1581, #440, #1651, #1097, #4932, #5038, #3336, #5620, #2820, #3847, #3267, #3840, #4483, #6726, #1614, #5586, #2784, #548, #5474, #2126, #2092, #4451, #7139, #6107, #6037, #6184, #3301, #3814, #987, #2232, #3370, #6693, #1543, #1687, #4340, #6588, #5548, #3230, #5510, #4378, #6624, #1024, #474, #3922, #2745, #1135, #6073, #577, #1060, #6144, #514, #6659, #2707, #4965, #7213, #2163, #5005 ),
 ( #4418, #3552, #146, #1727, #6255, #650, #2894, #1281, #1835, #5695, #1798, #6834, #6359, #4592, #2857, #4632, #5215, #4035, #74, #33, #181, #2931, #2964, #5070, #3513, #5143, #6323, #4669, #6874, #1205, #3956, #2411, #3402, #6291, #762, #6910, #1868, #4111, #2270, #106, #6219, #2342, #1246, #1169, #3440, #4075, #3478, #1315, #5656, #612, #5733, #5108, #4522, #2306, #686, #5180, #6764, #2376, #5769, #5808, #722, #4557, #6799, #1761, #3995, #5288, #6503, #831, #6396, #3591, #1498, #5253, #4214, #1977, #5324, #7052, #1903, #3082, #2554, #6466, #1388, #3659, #324, #1423, #7020, #5919, #292, #2009, #6981, #4251, #1461, #3151, #5957, #219, #2519, #2048, #865, #5847, #901, #3118, #4293, #1943, #5392, #4777, #4809, #5358, #3698, #4846, #356, #6545, #2585, #7089, #3732, #6946, #5993, #3008, #2446, #4704, #4146, #1355, #796, #3046, #258, #2483, #4182, #4740, #6433, #3624, #5881, #4924, #4369, #1051, #978, #1087, #7168, #2085, #1607, #4996, #6580, #2154, #1677, #540, #2224, #2117, #2625, #5428, #433, #1534, #3328, #3259, #3186, #7279, #504, #5030, #3768, #3912, #7130, #6615, #4407, #1570, #394, #7244, #2775, #1016, #3839, #6652, #4443, #3292, #6026, #6685, #2736, #3804, #2190, #3222, #5540, #4890, #1643, #5466, #2659, #6066, #3874, #6137, #5501, #5578, #4476, #6718, #936, #4957, #466, #4331, #2697, #7204, #6100, #4622, #1828, #6865, #4512, #6210, #1128, #3470, #1860, #2886, #2812, #5206, #2335, #2848, #26, #4068, #2404, #5725, #570, #138, #6176, #3362, #4585, #6315, #1719, #5611, #99, #5064, #2259, #4550, #6756, #3394, #65, #2299, #6827, #5687, #714, #1273, #173, #3505, #5135, #1791, #3949, #5760, #4025, #6285, #1239, #4662, #1160, #642, #5649, #678, #6902, #6791, #605, #2923, #5098, #1753, #3986, #6247, #5172, #1198, #2956, #3430, #2369, #4769, #958, #2437, #5314, #4941, #3788, #5486, #788, #5798, #1307, #3583, #4696, #6601, #6426, #6351, #3244, #3651, #1001, #6936, #7190, #3000, #5279, #283, #248, #3543, #3205, #6049, #4173, #7010, #2510, #416, #4206, #1895, #2645, #5908, #3037, #5450, #4135, #6458, #754, #1415, #6387, #5839, #1343 ) ),
 .UNSPECIFIED., .F., .F., .T. ) 
 B_SPLINE_SURFACE_WITH_KNOTS ( ( 2, 2 ),
 ( 3, 2, 2, 2, 2, 2, 2, 2, 2, 2, 2, 2, 2, 2, 2, 2, 2, 2, 2, 2, 2, 2, 2, 2, 2, 2, 2, 2, 2, 2, 2, 2, 2, 2, 2, 2, 2, 2, 2, 2, 2, 2, 2, 2, 2, 2, 2, 2, 2, 2, 2, 2, 2, 2, 2, 2, 2, 2, 2, 2, 2, 2, 2, 2, 2, 2, 2, 2, 2, 2, 2, 2, 2, 2, 2, 2, 2, 2, 2, 2, 2, 2, 2, 2, 2, 2, 2, 2, 2, 2, 2, 2, 2, 2, 2, 2, 2, 2, 2, 2, 2, 2, 2, 2, 2, 2, 2, 2, 2, 2, 2, 2, 2, 2, 2, 2, 2, 2, 2, 2, 2, 2, 2, 2, 2, 2, 2, 2, 2, 2, 2, 2, 2, 2, 2, 2, 2, 2, 2, 2, 2, 2, 2, 2, 2, 2, 2, 2, 2, 2, 3 ),
 ( 0.000000000000000000, 1.000000000000000000 ),
 ( 0.000000000000000000, 0.006666666666666667095, 0.01333333333333333419, 0.02000000000000000042, 0.02666666666666666838, 0.03333333333333333287, 0.04000000000000000083, 0.04666666666666666879, 0.05333333333333333676, 0.05999999999999999778, 0.06666666666666666574, 0.07333333333333333370, 0.08000000000000000167, 0.08666666666666666963, 0.09333333333333333759, 0.1000000000000000056, 0.1066666666666666735, 0.1133333333333333276, 0.1199999999999999956, 0.1266666666666666774, 0.1333333333333333315, 0.1400000000000000133, 0.1466666666666666674, 0.1533333333333333215, 0.1600000000000000033, 0.1666666666666666574, 0.1733333333333333393, 0.1799999999999999933, 0.1866666666666666752, 0.1933333333333333293, 0.2000000000000000111, 0.2066666666666666652, 0.2133333333333333470, 0.2200000000000000011, 0.2266666666666666552, 0.2333333333333333370, 0.2399999999999999911, 0.2466666666666666730, 0.2533333333333333548, 0.2600000000000000089, 0.2666666666666666630, 0.2733333333333333171, 0.2800000000000000266, 0.2866666666666666807, 0.2933333333333333348, 0.2999999999999999889, 0.3066666666666666430, 0.3133333333333333526, 0.3200000000000000067, 0.3266666666666666607, 0.3333333333333333148, 0.3400000000000000244, 0.3466666666666666785, 0.3533333333333333326, 0.3599999999999999867, 0.3666666666666666408, 0.3733333333333333504, 0.3800000000000000044, 0.3866666666666666585, 0.3933333333333333126, 0.4000000000000000222, 0.4066666666666666763, 0.4133333333333333304, 0.4199999999999999845, 0.4266666666666666941, 0.4333333333333333481, 0.4400000000000000022, 0.4466666666666666563, 0.4533333333333333104, 0.4600000000000000200, 0.4666666666666666741, 0.4733333333333333282, 0.4799999999999999822, 0.4866666666666666918, 0.4933333333333333459, 0.5000000000000000000, 0.5066666666666667096, 0.5133333333333333082, 0.5200000000000000178, 0.5266666666666666163, 0.5333333333333333259, 0.5400000000000000355, 0.5466666666666666341, 0.5533333333333333437, 0.5600000000000000533, 0.5666666666666666519, 0.5733333333333333615, 0.5799999999999999600, 0.5866666666666666696, 0.5933333333333333792, 0.5999999999999999778, 0.6066666666666666874, 0.6133333333333332860, 0.6199999999999999956, 0.6266666666666667052, 0.6333333333333333037, 0.6400000000000000133, 0.6466666666666666119, 0.6533333333333333215, 0.6600000000000000311, 0.6666666666666666297, 0.6733333333333333393, 0.6800000000000000488, 0.6866666666666666474, 0.6933333333333333570, 0.6999999999999999556, 0.7066666666666666652, 0.7133333333333333748, 0.7199999999999999734, 0.7266666666666666829, 0.7333333333333332815, 0.7399999999999999911, 0.7466666666666667007, 0.7533333333333332993, 0.7600000000000000089, 0.7666666666666667185, 0.7733333333333333171, 0.7800000000000000266, 0.7866666666666666252, 0.7933333333333333348, 0.8000000000000000444, 0.8066666666666666430, 0.8133333333333333526, 0.8199999999999999512, 0.8266666666666666607, 0.8333333333333333703, 0.8399999999999999689, 0.8466666666666666785, 0.8533333333333333881, 0.8599999999999999867, 0.8666666666666666963, 0.8733333333333332948, 0.8800000000000000044, 0.8866666666666667140, 0.8933333333333333126, 0.9000000000000000222, 0.9066666666666666208, 0.9133333333333333304, 0.9200000000000000400, 0.9266666666666666385, 0.9333333333333333481, 0.9399999999999999467, 0.9466666666666666563, 0.9533333333333333659, 0.9599999999999999645, 0.9666666666666666741, 0.9733333333333333837, 0.9799999999999999822, 0.9866666666666666918, 0.9933333333333332904, 1.000000000000000000 ),
 .UNSPECIFIED. ) 
 GEOMETRIC_REPRESENTATION_ITEM ( )  RATIONAL_B_SPLINE_SURFACE ( (
 ( 1.000000000000000000, 0.8660254037844387076, 1.000000000000000000, 0.8660254037844387076, 1.000000000000000000, 0.8660254037844387076, 1.000000000000000000, 0.8660254037844387076, 1.000000000000000000, 0.8660254037844387076, 1.000000000000000000, 0.8660254037844387076, 1.000000000000000000, 0.8660254037844387076, 1.000000000000000000, 0.8660254037844387076, 1.000000000000000000, 0.8660254037844387076, 1.000000000000000000, 0.8660254037844387076, 1.000000000000000000, 0.8660254037844387076, 1.000000000000000000, 0.8660254037844387076, 1.000000000000000000, 0.8660254037844387076, 1.000000000000000000, 0.8660254037844387076, 1.000000000000000000, 0.8660254037844387076, 1.000000000000000000, 0.8660254037844387076, 1.000000000000000000, 0.8660254037844387076, 1.000000000000000000, 0.8660254037844387076, 1.000000000000000000, 0.8660254037844387076, 1.000000000000000000, 0.8660254037844387076, 1.000000000000000000, 0.8660254037844387076, 1.000000000000000000, 0.8660254037844387076, 1.000000000000000000, 0.8660254037844387076, 1.000000000000000000, 0.8660254037844387076, 1.000000000000000000, 0.8660254037844387076, 1.000000000000000000, 0.8660254037844387076, 1.000000000000000000, 0.8660254037844387076, 1.000000000000000000, 0.8660254037844387076, 1.000000000000000000, 0.8660254037844387076, 1.000000000000000000, 0.8660254037844387076, 1.000000000000000000, 0.8660254037844387076, 1.000000000000000000, 0.8660254037844387076, 1.000000000000000000, 0.8660254037844387076, 1.000000000000000000, 0.8660254037844387076, 1.000000000000000000, 0.8660254037844387076, 1.000000000000000000, 0.8660254037844387076, 1.000000000000000000, 0.8660254037844387076, 1.000000000000000000, 0.8660254037844387076, 1.000000000000000000, 0.8660254037844387076, 1.000000000000000000, 0.8660254037844387076, 1.000000000000000000, 0.8660254037844387076, 1.000000000000000000, 0.8660254037844387076, 1.000000000000000000, 0.8660254037844387076, 1.000000000000000000, 0.8660254037844387076, 1.000000000000000000, 0.8660254037844387076, 1.000000000000000000, 0.8660254037844387076, 1.000000000000000000, 0.8660254037844387076, 1.000000000000000000, 0.8660254037844387076, 1.000000000000000000, 0.8660254037844387076, 1.000000000000000000, 0.8660254037844387076, 1.000000000000000000, 0.8660254037844387076, 1.000000000000000000, 0.8660254037844387076, 1.000000000000000000, 0.8660254037844387076, 1.000000000000000000, 0.8660254037844387076, 1.000000000000000000, 0.8660254037844387076, 1.000000000000000000, 0.8660254037844387076, 1.000000000000000000, 0.8660254037844387076, 1.000000000000000000, 0.8660254037844387076, 1.000000000000000000, 0.8660254037844387076, 1.000000000000000000, 0.8660254037844387076, 1.000000000000000000, 0.8660254037844387076, 1.000000000000000000, 0.8660254037844387076, 1.000000000000000000, 0.8660254037844387076, 1.000000000000000000, 0.8660254037844387076, 1.000000000000000000, 0.8660254037844387076, 1.000000000000000000, 0.8660254037844387076, 1.000000000000000000, 0.8660254037844387076, 1.000000000000000000, 0.8660254037844387076, 1.000000000000000000, 0.8660254037844387076, 1.000000000000000000, 0.8660254037844387076, 1.000000000000000000, 0.8660254037844387076, 1.000000000000000000, 0.8660254037844387076, 1.000000000000000000, 0.8660254037844387076, 1.000000000000000000, 0.8660254037844387076, 1.000000000000000000, 0.8660254037844387076, 1.000000000000000000, 0.8660254037844387076, 1.000000000000000000, 0.8660254037844387076, 1.000000000000000000, 0.8660254037844387076, 1.000000000000000000, 0.8660254037844387076, 1.000000000000000000, 0.8660254037844387076, 1.000000000000000000, 0.8660254037844387076, 1.000000000000000000, 0.8660254037844387076, 1.000000000000000000, 0.8660254037844387076, 1.000000000000000000, 0.8660254037844387076, 1.000000000000000000, 0.8660254037844387076, 1.000000000000000000, 0.8660254037844387076, 1.000000000000000000, 0.8660254037844387076, 1.000000000000000000, 0.8660254037844387076, 1.000000000000000000, 0.8660254037844387076, 1.000000000000000000, 0.8660254037844387076, 1.000000000000000000, 0.8660254037844387076, 1.000000000000000000, 0.8660254037844387076, 1.000000000000000000, 0.8660254037844387076, 1.000000000000000000, 0.8660254037844387076, 1.000000000000000000, 0.8660254037844387076, 1.000000000000000000, 0.8660254037844387076, 1.000000000000000000, 0.8660254037844387076, 1.000000000000000000, 0.8660254037844387076, 1.000000000000000000, 0.8660254037844387076, 1.000000000000000000, 0.8660254037844387076, 1.000000000000000000, 0.8660254037844387076, 1.000000000000000000, 0.8660254037844387076, 1.000000000000000000, 0.8660254037844387076, 1.000000000000000000, 0.8660254037844387076, 1.000000000000000000, 0.8660254037844387076, 1.000000000000000000, 0.8660254037844387076, 1.000000000000000000, 0.8660254037844387076, 1.000000000000000000, 0.8660254037844387076, 1.000000000000000000, 0.8660254037844387076, 1.000000000000000000, 0.8660254037844387076, 1.000000000000000000, 0.8660254037844387076, 1.000000000000000000, 0.8660254037844387076, 1.000000000000000000, 0.8660254037844387076, 1.000000000000000000, 0.8660254037844387076, 1.000000000000000000, 0.8660254037844387076, 1.000000000000000000, 0.8660254037844387076, 1.000000000000000000, 0.8660254037844387076, 1.000000000000000000, 0.8660254037844387076, 1.000000000000000000, 0.8660254037844387076, 1.000000000000000000, 0.8660254037844387076, 1.000000000000000000, 0.8660254037844387076, 1.000000000000000000, 0.8660254037844387076, 1.000000000000000000, 0.8660254037844387076, 1.000000000000000000, 0.8660254037844387076, 1.000000000000000000, 0.8660254037844387076, 1.000000000000000000, 0.8660254037844387076, 1.000000000000000000, 0.8660254037844387076, 1.000000000000000000, 0.8660254037844387076, 1.000000000000000000, 0.8660254037844387076, 1.000000000000000000, 0.8660254037844387076, 1.000000000000000000, 0.8660254037844387076, 1.000000000000000000, 0.8660254037844387076, 1.000000000000000000, 0.8660254037844387076, 1.000000000000000000, 0.8660254037844387076, 1.000000000000000000, 0.8660254037844387076, 1.000000000000000000, 0.8660254037844387076, 1.000000000000000000, 0.8660254037844387076, 1.000000000000000000, 0.8660254037844387076, 1.000000000000000000, 0.8660254037844387076, 1.000000000000000000, 0.8660254037844387076, 1.000000000000000000, 0.8660254037844387076, 1.000000000000000000, 0.8660254037844387076, 1.000000000000000000, 0.8660254037844387076, 1.000000000000000000, 0.8660254037844387076, 1.000000000000000000, 0.8660254037844387076, 1.000000000000000000, 0.8660254037844387076, 1.000000000000000000, 0.8660254037844387076, 1.000000000000000000, 0.8660254037844387076, 1.000000000000000000, 0.8660254037844387076, 1.000000000000000000, 0.8660254037844387076, 1.000000000000000000),
 ( 1.000000000000000000, 0.8660254037844387076, 1.000000000000000000, 0.8660254037844387076, 1.000000000000000000, 0.8660254037844387076, 1.000000000000000000, 0.8660254037844387076, 1.000000000000000000, 0.8660254037844387076, 1.000000000000000000, 0.8660254037844387076, 1.000000000000000000, 0.8660254037844387076, 1.000000000000000000, 0.8660254037844387076, 1.000000000000000000, 0.8660254037844387076, 1.000000000000000000, 0.8660254037844387076, 1.000000000000000000, 0.8660254037844387076, 1.000000000000000000, 0.8660254037844387076, 1.000000000000000000, 0.8660254037844387076, 1.000000000000000000, 0.8660254037844387076, 1.000000000000000000, 0.8660254037844387076, 1.000000000000000000, 0.8660254037844387076, 1.000000000000000000, 0.8660254037844387076, 1.000000000000000000, 0.8660254037844387076, 1.000000000000000000, 0.8660254037844387076, 1.000000000000000000, 0.8660254037844387076, 1.000000000000000000, 0.8660254037844387076, 1.000000000000000000, 0.8660254037844387076, 1.000000000000000000, 0.8660254037844387076, 1.000000000000000000, 0.8660254037844387076, 1.000000000000000000, 0.8660254037844387076, 1.000000000000000000, 0.8660254037844387076, 1.000000000000000000, 0.8660254037844387076, 1.000000000000000000, 0.8660254037844387076, 1.000000000000000000, 0.8660254037844387076, 1.000000000000000000, 0.8660254037844387076, 1.000000000000000000, 0.8660254037844387076, 1.000000000000000000, 0.8660254037844387076, 1.000000000000000000, 0.8660254037844387076, 1.000000000000000000, 0.8660254037844387076, 1.000000000000000000, 0.8660254037844387076, 1.000000000000000000, 0.8660254037844387076, 1.000000000000000000, 0.8660254037844387076, 1.000000000000000000, 0.8660254037844387076, 1.000000000000000000, 0.8660254037844387076, 1.000000000000000000, 0.8660254037844387076, 1.000000000000000000, 0.8660254037844387076, 1.000000000000000000, 0.8660254037844387076, 1.000000000000000000, 0.8660254037844387076, 1.000000000000000000, 0.8660254037844387076, 1.000000000000000000, 0.8660254037844387076, 1.000000000000000000, 0.8660254037844387076, 1.000000000000000000, 0.8660254037844387076, 1.000000000000000000, 0.8660254037844387076, 1.000000000000000000, 0.8660254037844387076, 1.000000000000000000, 0.8660254037844387076, 1.000000000000000000, 0.8660254037844387076, 1.000000000000000000, 0.8660254037844387076, 1.000000000000000000, 0.8660254037844387076, 1.000000000000000000, 0.8660254037844387076, 1.000000000000000000, 0.8660254037844387076, 1.000000000000000000, 0.8660254037844387076, 1.000000000000000000, 0.8660254037844387076, 1.000000000000000000, 0.8660254037844387076, 1.000000000000000000, 0.8660254037844387076, 1.000000000000000000, 0.8660254037844387076, 1.000000000000000000, 0.8660254037844387076, 1.000000000000000000, 0.8660254037844387076, 1.000000000000000000, 0.8660254037844387076, 1.000000000000000000, 0.8660254037844387076, 1.000000000000000000, 0.8660254037844387076, 1.000000000000000000, 0.8660254037844387076, 1.000000000000000000, 0.8660254037844387076, 1.000000000000000000, 0.8660254037844387076, 1.000000000000000000, 0.8660254037844387076, 1.000000000000000000, 0.8660254037844387076, 1.000000000000000000, 0.8660254037844387076, 1.000000000000000000, 0.8660254037844387076, 1.000000000000000000, 0.8660254037844387076, 1.000000000000000000, 0.8660254037844387076, 1.000000000000000000, 0.8660254037844387076, 1.000000000000000000, 0.8660254037844387076, 1.000000000000000000, 0.8660254037844387076, 1.000000000000000000, 0.8660254037844387076, 1.000000000000000000, 0.8660254037844387076, 1.000000000000000000, 0.8660254037844387076, 1.000000000000000000, 0.8660254037844387076, 1.000000000000000000, 0.8660254037844387076, 1.000000000000000000, 0.8660254037844387076, 1.000000000000000000, 0.8660254037844387076, 1.000000000000000000, 0.8660254037844387076, 1.000000000000000000, 0.8660254037844387076, 1.000000000000000000, 0.8660254037844387076, 1.000000000000000000, 0.8660254037844387076, 1.000000000000000000, 0.8660254037844387076, 1.000000000000000000, 0.8660254037844387076, 1.000000000000000000, 0.8660254037844387076, 1.000000000000000000, 0.8660254037844387076, 1.000000000000000000, 0.8660254037844387076, 1.000000000000000000, 0.8660254037844387076, 1.000000000000000000, 0.8660254037844387076, 1.000000000000000000, 0.8660254037844387076, 1.000000000000000000, 0.8660254037844387076, 1.000000000000000000, 0.8660254037844387076, 1.000000000000000000, 0.8660254037844387076, 1.000000000000000000, 0.8660254037844387076, 1.000000000000000000, 0.8660254037844387076, 1.000000000000000000, 0.8660254037844387076, 1.000000000000000000, 0.8660254037844387076, 1.000000000000000000, 0.8660254037844387076, 1.000000000000000000, 0.8660254037844387076, 1.000000000000000000, 0.8660254037844387076, 1.000000000000000000, 0.8660254037844387076, 1.000000000000000000, 0.8660254037844387076, 1.000000000000000000, 0.8660254037844387076, 1.000000000000000000, 0.8660254037844387076, 1.000000000000000000, 0.8660254037844387076, 1.000000000000000000, 0.8660254037844387076, 1.000000000000000000, 0.8660254037844387076, 1.000000000000000000, 0.8660254037844387076, 1.000000000000000000, 0.8660254037844387076, 1.000000000000000000, 0.8660254037844387076, 1.000000000000000000, 0.8660254037844387076, 1.000000000000000000, 0.8660254037844387076, 1.000000000000000000, 0.8660254037844387076, 1.000000000000000000, 0.8660254037844387076, 1.000000000000000000, 0.8660254037844387076, 1.000000000000000000, 0.8660254037844387076, 1.000000000000000000, 0.8660254037844387076, 1.000000000000000000, 0.8660254037844387076, 1.000000000000000000, 0.8660254037844387076, 1.000000000000000000, 0.8660254037844387076, 1.000000000000000000, 0.8660254037844387076, 1.000000000000000000, 0.8660254037844387076, 1.000000000000000000, 0.8660254037844387076, 1.000000000000000000, 0.8660254037844387076, 1.000000000000000000, 0.8660254037844387076, 1.000000000000000000, 0.8660254037844387076, 1.000000000000000000, 0.8660254037844387076, 1.000000000000000000, 0.8660254037844387076, 1.000000000000000000, 0.8660254037844387076, 1.000000000000000000, 0.8660254037844387076, 1.000000000000000000, 0.8660254037844387076, 1.000000000000000000, 0.8660254037844387076, 1.000000000000000000, 0.8660254037844387076, 1.000000000000000000, 0.8660254037844387076, 1.000000000000000000, 0.8660254037844387076, 1.000000000000000000, 0.8660254037844387076, 1.000000000000000000, 0.8660254037844387076, 1.000000000000000000, 0.8660254037844387076, 1.000000000000000000, 0.8660254037844387076, 1.000000000000000000, 0.8660254037844387076, 1.000000000000000000, 0.8660254037844387076, 1.000000000000000000, 0.8660254037844387076, 1.000000000000000000, 0.8660254037844387076, 1.000000000000000000, 0.8660254037844387076, 1.000000000000000000) ) ) 
 REPRESENTATION_ITEM ( '' )  SURFACE ( )  );
#4063 = CARTESIAN_POINT ( 'NONE',  ( -0.5529378364870407569, 0.9577164262227702007, 3.168749999999997957 ) ) ;
#4064 = CARTESIAN_POINT ( 'NONE',  ( 1.017788105676650456, -0.5876202367904278523, 2.083333333333314830 ) ) ;
#4065 = CARTESIAN_POINT ( 'NONE',  ( 0.5529378364870414231, 0.9577164262227702007, -1.406250000000001776 ) ) ;
#4066 = CARTESIAN_POINT ( 'NONE',  ( 0.6785254037844365982, -1.175240473580835721, -1.895833333333342807 ) ) ;
#4067 = CARTESIAN_POINT ( 'NONE',  ( -0.7357503364870382478, 1.274356964481451415, -0.6703125000000029754 ) ) ;
#4068 = CARTESIAN_POINT ( 'NONE',  ( -1.763300807568873196, -2.966513306368321794E-15, 3.171874999999978684 ) ) ;
#4069 = CARTESIAN_POINT ( 'NONE',  ( -1.105875672974081736, 3.451976857285367425E-15, 1.443749999999998090 ) ) ;
#4070 = CARTESIAN_POINT ( 'NONE',  ( -1.299038105676658006, -0.7500000000000026645, -3.270833333333342807 ) ) ;
#4071 = DIRECTION ( 'NONE',  ( 1.000000000000000000, 0.000000000000000000, 0.000000000000000000 ) ) ;
#4072 = CARTESIAN_POINT ( 'NONE',  ( -1.103625504730557649, -0.6371784822407200455, -1.935937500000000755 ) ) ;
#4073 = PERSON_AND_ORGANIZATION ( #6017, #2973 ) ;
#4074 = CARTESIAN_POINT ( 'NONE',  ( -0.5529378364870407569, 0.9577164262227704228, -1.837500000000002354 ) ) ;
#4075 = CARTESIAN_POINT ( 'NONE',  ( 1.763300807568873196, -3.398397444352954028E-15, -3.578125000000007105 ) ) ;
#4076 = CARTESIAN_POINT ( 'NONE',  ( -1.017788105676654453, 0.5876202367904153068, -3.604166666666673180 ) ) ;
#4077 = ORIENTED_EDGE ( 'NONE', *, *, #6343, .T. ) ;
#4078 = CARTESIAN_POINT ( 'NONE',  ( -1.530808498934192310E-16, -1.249999999999996891, 1.274999999999992584 ) ) ;
#4079 = CARTESIAN_POINT ( 'NONE',  ( 1.151694567797941513E-14, 1.175240473580829725, 0.3124999999999855116 ) ) ;
#4080 = DIRECTION ( 'NONE',  ( 0.000000000000000000, 0.7071067811865474617, -0.7071067811865474617 ) ) ;
#4081 = CARTESIAN_POINT ( 'NONE',  ( -0.8660254037844383745, 1.499999999999996669, -3.458333333333337478 ) ) ;
#4082 = CARTESIAN_POINT ( 'NONE',  ( 0.8816504037844361541, -1.527063293868264005, 1.807291666666649865 ) ) ;
#4083 = CARTESIAN_POINT ( 'NONE',  ( 0.000000000000000000, 1.175240473580829725, 0.7499999999999842348 ) ) ;
#4084 = B_SPLINE_CURVE_WITH_KNOTS ( 'NONE', 3,
 ( #7082, #7046, #857, #5353 ),
 .UNSPECIFIED., .F., .F.,
 ( 4, 4 ),
 ( 0.000000000000000000, 0.0003555881302273133059 ),
 .UNSPECIFIED. ) ;
#4085 = ORIENTED_EDGE ( 'NONE', *, *, #183, .F. ) ;
#4086 = CARTESIAN_POINT ( 'NONE',  ( 0.2178215652959710480, -1.211432952423318277, -2.690594893818837985 ) ) ;
#4087 = VERTEX_POINT ( 'NONE', #5022 ) ;
#4088 = EDGE_CURVE ( 'NONE', #6220, #6608, #4948, .T. ) ;
#4089 = CARTESIAN_POINT ( 'NONE',  ( 7.041719095097280880E-16, 7.177133829043460977, -0.9545941546018391621 ) ) ;
#4090 = CC_DESIGN_APPROVAL ( #3742, ( #220 ) ) ;
#4091 = CARTESIAN_POINT ( 'NONE',  ( -0.9999999999999991118, -0.5773502691896257311, 5.495000000000000107 ) ) ;
#4092 = CARTESIAN_POINT ( 'NONE',  ( -1.172864355864553979E-16, -0.9577164262227636504, 1.499999999999996891 ) ) ;
#4093 = CARTESIAN_POINT ( 'NONE',  ( -0.8294067547305613575, -0.4788582131113797158, -1.725000000000002309 ) ) ;
#4094 = CARTESIAN_POINT ( 'NONE',  ( 1.017788105676655341, -0.5876202367904199697, 4.645833333333309056 ) ) ;
#4095 = EDGE_CURVE ( 'NONE', #2747, #3092, #4986, .T. ) ;
#4096 = CARTESIAN_POINT ( 'NONE',  ( 1.443375672974064994, 3.208889632327809051E-15, -0.3562499999999969025 ) ) ;
#4097 = CARTESIAN_POINT ( 'NONE',  ( -0.5529378364870412010, -0.9577164262227633174, 1.518749999999998268 ) ) ;
#4098 = CARTESIAN_POINT ( 'NONE',  ( -8.636981807388079027E-15, -1.175240473580835721, 2.499999999999980460 ) ) ;
#4099 = CARTESIAN_POINT ( 'NONE',  ( 0.8294067547305610244, -0.4788582131113803819, -1.068750000000001643 ) ) ;
#4100 = CARTESIAN_POINT ( 'NONE',  ( 0.6785254037844377084, 1.175240473580829059, -3.229166666666674068 ) ) ;
#4101 = CARTESIAN_POINT ( 'NONE',  ( -1.471500672974076718, 3.665831647111431523E-15, -2.395312500000003286 ) ) ;
#4102 = VERTEX_POINT ( 'NONE', #3316 ) ;
#4103 = DIRECTION ( 'NONE',  ( -1.000000000000000000, 0.000000000000000000, 0.000000000000000000 ) ) ;
#4104 = CARTESIAN_POINT ( 'NONE',  ( -0.5529378364870412010, -0.9577164262227635394, 2.418749999999997957 ) ) ;
#4105 = CARTESIAN_POINT ( 'NONE',  ( 1.299038105676658450, 0.7499999999999958922, -1.520833333333346360 ) ) ;
#4106 = CARTESIAN_POINT ( 'NONE',  ( 0.9542996008751770676, 0.2625374580889457965, 2.999999999999997335 ) ) ;
#4107 = CARTESIAN_POINT ( 'NONE',  ( 0.000000000000000000, 1.274356964481451637, -2.535937500000001066 ) ) ;
#4108 = COORDINATED_UNIVERSAL_TIME_OFFSET ( 6, 0, .BEHIND. ) ;
#4109 = EDGE_CURVE ( 'NONE', #3462, #1508, #3387, .T. ) ;
#4110 = CARTESIAN_POINT ( 'NONE',  ( 0.8294067547305616905, 0.4788582131113863216, -1.500000000000002442 ) ) ;
#4111 = CARTESIAN_POINT ( 'NONE',  ( -0.8816504037844364872, 1.527063293868256899, -3.911458333333339699 ) ) ;
#4112 = CARTESIAN_POINT ( 'NONE',  ( -1.082531754730548856, -0.6249999999999967804, 2.549999999999992717 ) ) ;
#4113 = CARTESIAN_POINT ( 'NONE',  ( 0.6785254037844328234, -1.175240473580838385, 0.6041666666666513086 ) ) ;
#4114 = CARTESIAN_POINT ( 'NONE',  ( 1.408328952158663716, 0.4526461736346635845, 4.976578566249248325 ) ) ;
#4115 = CARTESIAN_POINT ( 'NONE',  ( -0.8660254037844391517, -1.500000000000002665, -4.291666666666669627 ) ) ;
#4116 = AXIS2_PLACEMENT_3D ( 'NONE', #284, #825, #3076 ) ;
#4117 = CARTESIAN_POINT ( 'NONE',  ( 1.322475605676655785, 0.7635316469341261181, 0.9322916666666516416 ) ) ;
#4118 = CARTESIAN_POINT ( 'NONE',  ( 0.6785254037844365982, -1.175240473580835721, 0.04166666666665253677 ) ) ;
#4119 = EDGE_LOOP ( 'NONE', ( #4751, #5966, #1561, #1688 ) ) ;
#4120 = CARTESIAN_POINT ( 'NONE',  ( -2.866945116622129586, 6.182074056858116506, -7.125276886143637078 ) ) ;
#4121 = ORIENTED_EDGE ( 'NONE', *, *, #3018, .F. ) ;
#4122 = CARTESIAN_POINT ( 'NONE',  ( 0.000000000000000000, 3.454988393958160231E-16, 6.649999999999999467 ) ) ;
#4123 = DIRECTION ( 'NONE',  ( -0.8660254037844383745, -0.5000000000000003331, 0.000000000000000000 ) ) ;
#4124 = CARTESIAN_POINT ( 'NONE',  ( 0.8660254037844379305, -1.500000000000003331, 4.854166666666640317 ) ) ;
#4125 = CARTESIAN_POINT ( 'NONE',  ( 1.105875672974081736, 3.105370362377572480E-15, 2.962499999999996803 ) ) ;
#4126 = DATE_TIME_ROLE ( 'creation_date' ) ;
#4127 = CARTESIAN_POINT ( 'NONE',  ( 0.8294067547305616905, 0.4788582131113863216, -0.6000000000000024203 ) ) ;
#4128 = CARTESIAN_POINT ( 'NONE',  ( -0.6785254037844368202, 1.175240473580829503, 4.354166666666643870 ) ) ;
#4129 = CARTESIAN_POINT ( 'NONE',  ( 1.443375672974064994, 3.253775602268709723E-15, -1.256249999999996980 ) ) ;
#4130 = CARTESIAN_POINT ( 'NONE',  ( 0.000000000000000000, 0.9577164262227703118, 1.781249999999998224 ) ) ;
#4131 = CARTESIAN_POINT ( 'NONE',  ( -1.357050807568874085, 2.019810656511851628E-14, 4.374999999999976019 ) ) ;
#4132 = CARTESIAN_POINT ( 'NONE',  ( -1.105875672974081736, 3.541748797167166798E-15, -0.3562500000000015654 ) ) ;
#4133 = CARTESIAN_POINT ( 'NONE',  ( 0.000000000000000000, 1.175240473580829725, -2.187500000000009326 ) ) ;
#4134 = CARTESIAN_POINT ( 'NONE',  ( 0.7357503364870390250, 1.274356964481451415, -2.095312500000003020 ) ) ;
#4135 = CARTESIAN_POINT ( 'NONE',  ( -1.870113174931178938E-16, -1.527063293868263116, 6.796874999999971578 ) ) ;
#4136 = EDGE_CURVE ( 'NONE', #3598, #7182, #874, .T. ) ;
#4137 = ORIENTED_EDGE ( 'NONE', *, *, #4036, .F. ) ;
#4138 = FACE_OUTER_BOUND ( 'NONE', #5263, .T. ) ;
#4139 = DIRECTION ( 'NONE',  ( 0.000000000000000000, 0.000000000000000000, 1.000000000000000000 ) ) ;
#4140 = CARTESIAN_POINT ( 'NONE',  ( -1.299038105676658006, -0.7500000000000026645, -2.770833333333343695 ) ) ;
#4141 = CARTESIAN_POINT ( 'NONE',  ( -0.9999999999999991118, -0.5773502691896257311, 5.495000000000000107 ) ) ;
#4142 = CARTESIAN_POINT ( 'NONE',  ( -0.7357503364870385809, -1.274356964481444088, -0.9984375000000010880 ) ) ;
#4143 = APPROVAL_DATE_TIME ( #6872, #378 ) ;
#4144 = AXIS2_PLACEMENT_3D ( 'NONE', #991, #3635, #3707 ) ;
#4145 = CARTESIAN_POINT ( 'NONE',  ( 0.8294067547305616905, 0.4788582131113864326, -2.850000000000002309 ) ) ;
#4146 = CARTESIAN_POINT ( 'NONE',  ( 1.322475605676655563, 0.7635316469341260071, -0.5364583333333471371 ) ) ;
#4147 = LOCAL_TIME ( 13, 37, 30.00000000000000000, #200 ) ;
#4148 = CARTESIAN_POINT ( 'NONE',  ( -1.082531754730548856, -0.6249999999999966693, 1.649999999999992806 ) ) ;
#4149 = CARTESIAN_POINT ( 'NONE',  ( 0.6785254037844524744, 1.175240473580820622, 1.270833333333316606 ) ) ;
#4150 = DIRECTION ( 'NONE',  ( 0.000000000000000000, -0.7071067811865474617, 0.7071067811865474617 ) ) ;
#4151 = CARTESIAN_POINT ( 'NONE',  ( 0.8660254037844381525, -1.500000000000003331, -2.208333333333340143 ) ) ;
#4152 = CARTESIAN_POINT ( 'NONE',  ( -1.322475605676655119, -0.7635316469341328904, 4.682291666666643870 ) ) ;
#4153 = CARTESIAN_POINT ( 'NONE',  ( 0.000000000000000000, 1.175240473580829725, 3.749999999999977351 ) ) ;
#4154 = AXIS2_PLACEMENT_3D ( 'NONE', #4813, #7093, #1466 ) ;
#4155 = ORIENTED_EDGE ( 'NONE', *, *, #3009, .T. ) ;
#4156 = CARTESIAN_POINT ( 'NONE',  ( 0.8001448782697719864, 0.6672984901493809184, -2.881100886051765730 ) ) ;
#4157 = ORIENTED_EDGE ( 'NONE', *, *, #4766, .T. ) ;
#4158 = DIRECTION ( 'NONE',  ( 1.000000000000000000, 0.000000000000000000, 0.000000000000000000 ) ) ;
#4159 = AXIS2_PLACEMENT_3D ( 'NONE', #3154, #5885, #2557 ) ;
#4160 = DIRECTION ( 'NONE',  ( -0.000000000000000000, -0.000000000000000000, -1.000000000000000000 ) ) ;
#4161 = CARTESIAN_POINT ( 'NONE',  ( 1.299038105676657562, -0.7500000000000035527, 4.333333333333312609 ) ) ;
#4162 = CARTESIAN_POINT ( 'NONE',  ( 0.8816504037844361541, -1.527063293868264005, -2.692708333333340587 ) ) ;
#4163 = CARTESIAN_POINT ( 'NONE',  ( 0.8294067547305616905, 0.4788582131113862106, 1.199999999999997069 ) ) ;
#4164 = CARTESIAN_POINT ( 'NONE',  ( 1.017788105676656008, 0.5876202367904124202, 5.729166666666641206 ) ) ;
#4165 = CIRCLE ( 'NONE', #5111, 0.1500000000000001055 ) ;
#4166 = CARTESIAN_POINT ( 'NONE',  ( -1.082531754730548856, -0.6249999999999964473, -0.5437499999999971800 ) ) ;
#4167 = CARTESIAN_POINT ( 'NONE',  ( 0.5529378364870414231, 0.9577164262227699787, 2.193749999999997868 ) ) ;
#4168 = CARTESIAN_POINT ( 'NONE',  ( 0.6785254037844139496, -1.175240473580849043, 4.541666666666643870 ) ) ;
#4169 = CARTESIAN_POINT ( 'NONE',  ( -0.5529378364870407569, 0.9577164262227703118, 0.4687499999999981681 ) ) ;
#4170 = CARTESIAN_POINT ( 'NONE',  ( 1.017788105676656008, 0.5876202367904124202, -3.270833333333340587 ) ) ;
#4171 = CARTESIAN_POINT ( 'NONE',  ( 0.7357503364870378038, -1.274356964481444976, -0.4453125000000029976 ) ) ;
#4172 = ORIENTED_EDGE ( 'NONE', *, *, #4367, .F. ) ;
#4173 = CARTESIAN_POINT ( 'NONE',  ( 1.322475605676654453, -0.7635316469341337786, 6.380208333333305504 ) ) ;
#4174 = DIRECTION ( 'NONE',  ( 0.000000000000000000, -1.000000000000000000, 3.690901012716637274E-16 ) ) ;
#4175 = DIRECTION ( 'NONE',  ( 0.7071067811865520136, -0.7071067811865430208, 0.000000000000000000 ) ) ;
#4176 = EDGE_CURVE ( 'NONE', #2652, #5587, #5902, .T. ) ;
#4177 = EDGE_CURVE ( 'NONE', #2273, #6599, #2513, .T. ) ;
#4178 = CARTESIAN_POINT ( 'NONE',  ( 1.299038105676657562, -0.7500000000000035527, 0.3958333333333155513 ) ) ;
#4179 = CARTESIAN_POINT ( 'NONE',  ( -3.000000000000000000, -5.064582904840246869, 7.799999999999998046 ) ) ;
#4180 = CARTESIAN_POINT ( 'NONE',  ( 0.7357503364870378038, -1.274356964481444754, -2.273437500000000888 ) ) ;
#4181 = CARTESIAN_POINT ( 'NONE',  ( -1.172864355864553979E-16, -0.9577164262227635394, -2.100000000000001865 ) ) ;
#4182 = CARTESIAN_POINT ( 'NONE',  ( -1.322475605676654897, -0.7635316469341327794, -0.2864583333333477477 ) ) ;
#4183 = CARTESIAN_POINT ( 'NONE',  ( -1.082531754730548634, 0.6250000000000036637, 2.474999999999993427 ) ) ;
#4184 = CARTESIAN_POINT ( 'NONE',  ( 0.6785254037844237196, -1.175240473580843048, 2.104166666666648311 ) ) ;
#4185 = DIRECTION ( 'NONE',  ( 0.000000000000000000, -0.7071067811865474617, 0.7071067811865474617 ) ) ;
#4186 = CARTESIAN_POINT ( 'NONE',  ( 1.299038105676658450, 0.7499999999999957812, -4.583333333333333925 ) ) ;
#4187 = CARTESIAN_POINT ( 'NONE',  ( 1.322475605676654675, -0.7635316469341338896, 4.848958333333309056 ) ) ;
#4188 = CARTESIAN_POINT ( 'NONE',  ( 1.357050807568873863, -3.323770530029912691E-15, 3.624999999999976907 ) ) ;
#4189 = ORIENTED_EDGE ( 'NONE', *, *, #5667, .F. ) ;
#4190 = CARTESIAN_POINT ( 'NONE',  ( 0.8994798301350795944, -0.6746764499392492453, 4.499999999999996447 ) ) ;
#4191 = ORIENTED_EDGE ( 'NONE', *, *, #7172, .T. ) ;
#4192 = DIRECTION ( 'NONE',  ( 1.000000000000000000, 0.000000000000000000, 0.000000000000000000 ) ) ;
#4193 = CARTESIAN_POINT ( 'NONE',  ( 3.000000000000000000, 0.000000000000000000, 0.000000000000000000 ) ) ;
#4194 = CARTESIAN_POINT ( 'NONE',  ( -0.8660254037844391517, -1.500000000000002665, 4.708333333333310833 ) ) ;
#4195 = CARTESIAN_POINT ( 'NONE',  ( 1.322475605676655785, 0.7635316469341261181, -2.567708333333341031 ) ) ;
#4196 = CARTESIAN_POINT ( 'NONE',  ( 0.5529378364870414231, 0.9577164262227702007, -0.1125000000000023481 ) ) ;
#4197 = CARTESIAN_POINT ( 'NONE',  ( -1.357050807568873863, -2.991388944476002371E-15, -3.625000000000006661 ) ) ;
#4198 = APPROVAL ( #2742, 'UNSPECIFIED' ) ;
#4199 = CARTESIAN_POINT ( 'NONE',  ( 1.082531754730548634, -0.6249999999999974465, 0.5062500000000030864 ) ) ;
#4200 = CARTESIAN_POINT ( 'NONE',  ( 0.5529378364870414231, 0.9577164262227702007, -2.812500000000001776 ) ) ;
#4201 = CARTESIAN_POINT ( 'NONE',  ( -9.212683601067755370E-15, -1.175240473580835721, 3.499999999999978684 ) ) ;
#4202 = CARTESIAN_POINT ( 'NONE',  ( 0.000000000000000000, 0.9577164262227703118, 0.4312499999999984679 ) ) ;
#4203 = CARTESIAN_POINT ( 'NONE',  ( 1.357050807568873863, -3.323770530029912691E-15, -0.8125000000000118794 ) ) ;
#4204 = CARTESIAN_POINT ( 'NONE',  ( 0.000000000000000000, 1.274356964481451415, 0.1921874999999970413 ) ) ;
#4205 = ORIENTED_EDGE ( 'NONE', *, *, #4602, .F. ) ;
#4206 = CARTESIAN_POINT ( 'NONE',  ( 0.000000000000000000, 1.527063293868257121, 6.546874999999970690 ) ) ;
#4207 = PLANE ( 'NONE',  #4353 ) ;
#4208 = DIRECTION ( 'NONE',  ( -1.000000000000000000, -0.000000000000000000, -0.000000000000000000 ) ) ;
#4209 = CARTESIAN_POINT ( 'NONE',  ( -1.299038105676658006, 0.7499999999999971134, -0.3541666666666824503 ) ) ;
#4210 = CARTESIAN_POINT ( 'NONE',  ( 3.000000000000000000, -5.064582904840237099, -7.800000000000002487 ) ) ;
#4211 = CARTESIAN_POINT ( 'NONE',  ( -0.7357503364870385809, -1.274356964481444532, 2.151562499999998934 ) ) ;
#4212 = ITEM_DEFINED_TRANSFORMATION ( 'NONE', 'NONE', #6158,  #4261 ) ;
#4213 = CARTESIAN_POINT ( 'NONE',  ( 0.5529378364870405349, -0.9577164262227637614, 0.1874999999999975575 ) ) ;
#4214 = CARTESIAN_POINT ( 'NONE',  ( 0.000000000000000000, 1.527063293868257121, -2.453125000000009770 ) ) ;
#4215 = CARTESIAN_POINT ( 'NONE',  ( 0.000000000000000000, 0.9577164262227705338, -3.168750000000001510 ) ) ;
#4216 = CARTESIAN_POINT ( 'NONE',  ( -9.212683601067755370E-15, -1.175240473580835721, 3.562499999999978684 ) ) ;
#4217 = CARTESIAN_POINT ( 'NONE',  ( 3.000000000000000000, -2.033783684603541531, 0.9024128347050744958 ) ) ;
#4218 = CARTESIAN_POINT ( 'NONE',  ( 1.226898425939549675, 0.03335592027105743068, -4.900912028571440260 ) ) ;
#4219 = CARTESIAN_POINT ( 'NONE',  ( 0.8816504037844361541, -1.527063293868264005, 4.807291666666643870 ) ) ;
#4220 = CARTESIAN_POINT ( 'NONE',  ( 0.6785254037844377084, 1.175240473580829059, 3.708333333333311277 ) ) ;
#4221 = ORIENTED_EDGE ( 'NONE', *, *, #3364, .F. ) ;
#4222 = CARTESIAN_POINT ( 'NONE',  ( -0.9999999999999991118, -0.2032753359766522605, 6.495286663959755735 ) ) ;
#4223 = EDGE_CURVE ( 'NONE', #4875, #4875, #1703, .T. ) ;
#4224 = ORIENTED_EDGE ( 'NONE', *, *, #4495, .F. ) ;
#4225 = CARTESIAN_POINT ( 'NONE',  ( 1.192411675583575636, -0.08004048258204679578, 4.691212736723073817 ) ) ;
#4226 = CIRCLE ( 'NONE', #3175, 1.154700538379250796 ) ;
#4227 = DIRECTION ( 'NONE',  ( 1.000000000000000000, 0.000000000000000000, 0.000000000000000000 ) ) ;
#4228 = CARTESIAN_POINT ( 'NONE',  ( 0.8660254037844393737, 1.499999999999996669, 4.520833333333306392 ) ) ;
#4229 = CARTESIAN_POINT ( 'NONE',  ( 0.8816504037844375974, 1.527063293868256677, -2.026041666666675400 ) ) ;
#4230 = CARTESIAN_POINT ( 'NONE',  ( 0.000000000000000000, 0.9577164262227704228, -0.07500000000000257849 ) ) ;
#4231 = CARTESIAN_POINT ( 'NONE',  ( -1.357050807568873863, -2.991388944476002371E-15, -4.625000000000004441 ) ) ;
#4232 = CIRCLE ( 'NONE', #130, 0.7946314968241675603 ) ;
#4233 = CARTESIAN_POINT ( 'NONE',  ( 0.000000000000000000, 1.250000000000003997, -0.6937499999999969802 ) ) ;
#4234 = ADVANCED_FACE ( 'NONE', ( #1043 ), #5640, .F. ) ;
#4235 = CARTESIAN_POINT ( 'NONE',  ( 1.105875672974081736, 3.329800212082071898E-15, -1.537500000000002309 ) ) ;
#4236 = CARTESIAN_POINT ( 'NONE',  ( -9.788385394747428558E-15, -1.175240473580835721, 4.499999999999976019 ) ) ;
#4237 = CARTESIAN_POINT ( 'NONE',  ( 0.8294067547305616905, 0.4788582131113861551, 2.156249999999998224 ) ) ;
#4238 = CARTESIAN_POINT ( 'NONE',  ( 0.6785254037844365982, -1.175240473580835721, 0.6041666666666513086 ) ) ;
#4239 = CARTESIAN_POINT ( 'NONE',  ( 0.7357503364870378038, -1.274356964481444976, 0.9046874999999965361 ) ) ;
#4240 = EDGE_LOOP ( 'NONE', ( #4749 ) ) ;
#4241 = PRODUCT_DEFINITION_SHAPE ( 'NONE', 'NONE',  #7287 ) ;
#4242 = DIRECTION ( 'NONE',  ( -1.000000000000000000, -0.000000000000000000, -0.000000000000000000 ) ) ;
#4243 = B_SPLINE_CURVE_WITH_KNOTS ( 'NONE', 3,
 ( #1722, #4413, #2122, #6180, #3263, #573, #1131, #2703 ),
 .UNSPECIFIED., .F., .F.,
 ( 4, 2, 2, 4 ),
 ( 2.544396950726579562E-07, 0.0002984430161323450956, 0.0005966315925696175342, 0.001193008745444162303 ),
 .UNSPECIFIED. ) ;
#4244 = B_SPLINE_CURVE_WITH_KNOTS ( 'NONE', 3,
 ( #5950, #2511, #1416, #1968 ),
 .UNSPECIFIED., .F., .F.,
 ( 4, 4 ),
 ( 0.000000000000000000, 0.0003165475275202124929 ),
 .UNSPECIFIED. ) ;
#4245 = LINE ( 'NONE', #4698, #6173 ) ;
#4246 = CARTESIAN_POINT ( 'NONE',  ( 0.8660254037844393737, 1.499999999999996669, 1.020833333333314386 ) ) ;
#4247 = CARTESIAN_POINT ( 'NONE',  ( 8.635526905195117537E-16, 1.175240473580829725, -3.750000000000005773 ) ) ;
#4248 = CARTESIAN_POINT ( 'NONE',  ( 0.7357503364870378038, -1.274356964481444976, 0.8765624999999989120 ) ) ;
#4249 = ITEM_DEFINED_TRANSFORMATION ( 'NONE', 'NONE', #282,  #4261 ) ;
#4250 = CARTESIAN_POINT ( 'NONE',  ( -1.172864355864553979E-16, -0.9577164262227636504, 0.1499999999999973577 ) ) ;
#4251 = CARTESIAN_POINT ( 'NONE',  ( -0.8816504037844370423, -1.527063293868262894, -1.744791666666677843 ) ) ;
#4252 = CARTESIAN_POINT ( 'NONE',  ( -1.034026860050032859, -0.4416341581190588172, 3.449999999999996181 ) ) ;
#4253 = CARTESIAN_POINT ( 'NONE',  ( 0.6785254037844139496, -1.175240473580849043, 4.604166666666643870 ) ) ;
#4254 = DIRECTION ( 'NONE',  ( 1.000000000000000000, -0.000000000000000000, 0.000000000000000000 ) ) ;
#4255 = CARTESIAN_POINT ( 'NONE',  ( -0.9999999999999991118, -0.5773502691896253980, 6.649999999999999467 ) ) ;
#4256 = CALENDAR_DATE ( 2025, 8, 10 ) ;
#4257 = CARTESIAN_POINT ( 'NONE',  ( -0.8816504037844372643, -1.527063293868263116, 5.223958333333307280 ) ) ;
#4258 = CARTESIAN_POINT ( 'NONE',  ( -1.017788105676655563, 0.5876202367904134194, 4.333333333333310833 ) ) ;
#4259 = ORIENTED_EDGE ( 'NONE', *, *, #3903, .T. ) ;
#4260 = CARTESIAN_POINT ( 'NONE',  ( 2.866682547644414658, 5.103952732046631802, 7.933317452355582056 ) ) ;
#4261 = AXIS2_PLACEMENT_3D ( 'NONE', #3247, #5489, #3973 ) ;
#4262 = AXIS2_PLACEMENT_3D ( 'NONE', #4858, #3667, #1951 ) ;
#4263 = APPLICATION_CONTEXT ( 'configuration controlled 3d designs of mechanical parts and assemblies' ) ;
#4264 = ORIENTED_EDGE ( 'NONE', *, *, #2333, .F. ) ;
#4265 = CARTESIAN_POINT ( 'NONE',  ( 1.249999999999993783, 0.3349364905389188296, -2.642403810567673705 ) ) ;
#4266 = CYLINDRICAL_SURFACE ( 'NONE', #5927, 9.500000000000000000 ) ;
#4267 = CC_DESIGN_APPROVAL ( #6811, ( #1371 ) ) ;
#4268 = CARTESIAN_POINT ( 'NONE',  ( 1.299038105676657562, -0.7500000000000035527, 1.833333333333317938 ) ) ;
#4269 = EDGE_CURVE ( 'NONE', #6571, #4486, #6992, .T. ) ;
#4270 = CARTESIAN_POINT ( 'NONE',  ( -1.763300807568873418, -2.966513306368321794E-15, -2.859375000000007550 ) ) ;
#4271 = ORIENTED_EDGE ( 'NONE', *, *, #5941, .F. ) ;
#4272 = CARTESIAN_POINT ( 'NONE',  ( 0.5529378364870414231, 0.9577164262227699787, 1.237499999999997380 ) ) ;
#4273 = CARTESIAN_POINT ( 'NONE',  ( 1.017788105676656008, 0.5876202367904124202, 6.729166666666638541 ) ) ;
#4274 = VECTOR ( 'NONE', #4080, 1000.000000000000114 ) ;
#4275 = FACE_OUTER_BOUND ( 'NONE', #734, .T. ) ;
#4276 = CARTESIAN_POINT ( 'NONE',  ( 0.5529378364870414231, 0.9577164262227702007, -1.012500000000002398 ) ) ;
#4277 = CARTESIAN_POINT ( 'NONE',  ( 0.000000000000000000, 3.454988393958160231E-16, 6.649999999999999467 ) ) ;
#4278 = CARTESIAN_POINT ( 'NONE',  ( 1.105875672974081736, 3.237222899078965494E-15, 0.3187499999999983125 ) ) ;
#4279 = CARTESIAN_POINT ( 'NONE',  ( 1.357050807568873863, -3.323770530029912691E-15, 1.187499999999983791 ) ) ;
#4280 = AXIS2_PLACEMENT_3D ( 'NONE', #6103, #1055, #3296 ) ;
#4281 = CARTESIAN_POINT ( 'NONE',  ( -1.471500672974076718, 3.508730752318282720E-15, 0.7546874999999966249 ) ) ;
#4282 = ORIENTED_EDGE ( 'NONE', *, *, #3763, .F. ) ;
#4283 = CIRCLE ( 'NONE', #1820, 1.154700538379250796 ) ;
#4284 = ADVANCED_FACE ( 'NONE', ( #2725 ), #6754, .T. ) ;
#4285 = CYLINDRICAL_SURFACE ( 'NONE', #1652, 9.500000000000000000 ) ;
#4286 = FACE_OUTER_BOUND ( 'NONE', #4568, .T. ) ;
#4287 = CIRCLE ( 'NONE', #763, 1.349999999999999423 ) ;
#4288 = CARTESIAN_POINT ( 'NONE',  ( -1.299038105676658006, -0.7500000000000026645, -0.2708333333333496351 ) ) ;
#4289 = CARTESIAN_POINT ( 'NONE',  ( -0.6785254037844358210, 1.175240473580830169, -4.208333333333338366 ) ) ;
#4290 = CARTESIAN_POINT ( 'NONE',  ( -1.560637177523342561E-16, -1.274356964481444532, 0.3890624999999987566 ) ) ;
#4291 = APPROVAL_DATE_TIME ( #7050, #1595 ) ;
#4292 = CARTESIAN_POINT ( 'NONE',  ( -0.5529378364870412010, -0.9577164262227633174, 1.012499999999997735 ) ) ;
#4293 = CARTESIAN_POINT ( 'NONE',  ( -1.322475605676654897, -0.7635316469341327794, -1.286458333333345250 ) ) ;
#4294 = CC_DESIGN_PERSON_AND_ORGANIZATION_ASSIGNMENT ( #1796, #1759, ( #395 ) ) ;
#4295 = CARTESIAN_POINT ( 'NONE',  ( -1.105875672974081736, 3.653963722019416901E-15, -2.606250000000001510 ) ) ;
#4296 = CARTESIAN_POINT ( 'NONE',  ( 0.6785254037844455910, 1.175240473580824618, 3.770833333333311721 ) ) ;
#4297 = LINE ( 'NONE', #6549, #6976 ) ;
#4298 = PLANE ( 'NONE',  #1341 ) ;
#4299 = PERSON_AND_ORGANIZATION ( #6017, #2973 ) ;
#4300 =( BOUNDED_SURFACE ( )  B_SPLINE_SURFACE ( 1, 2, ( 
 ( #1726, #1168, #2856, #2305, #4556, #6798, #1760, #3081, #6873, #291, #4145, #5214, #4631, #3512, #7019, #1354, #180, #2963, #1280, #1245, #6909, #5807, #2518, #2445, #2410, #1834, #685, #257, #4034, #3590, #4181, #795, #4668, #761, #3007, #5323, #3551, #4074, #5846, #6432, #5252, #6322, #6290, #1867, #2930, #3477, #4110, #6395, #6945, #5768, #218, #6980, #6358, #1314, #3045, #3623, #4703, #1902, #5287, #2482, #4739, #2375, #1942, #1387, #721, #5880, #830, #4776, #5732, #5179, #145, #3697, #2553, #3767, #6544, #393, #935, #6065, #465, #4956, #5992, #5391, #4923, #2008, #977, #1422, #432, #7167, #2658, #323, #4250, #4213, #6579, #1976, #2047, #6025, #3185, #4368, #7051, #2696, #3221, #3731, #1533, #3658, #5465, #6465, #2116, #2084, #4330, #1497, #5427, #6614, #5917, #4292, #355, #864, #6502, #3150, #2624, #1569, #2584, #5956, #900, #3803, #4889, #1015, #7129, #3258, #5500, #3117, #5357, #4808, #1460, #4845, #7088, #1752, #1606, #5610, #4475, #5029, #1676, #569, #7243, #7203, #5063, #1050, #3948, #6651, #1717, #2811, #3872, #3327, #25, #2189, #64, #6136, #3291, #2258, #6209, #5539, #1127, #641, #6790, #1197, #1086, #3838, #1159, #503, #5097, #3393, #6099, #2735, #5577 ),
 ( #4442, #3911, #2847, #7278, #539, #5648, #3985, #2223, #4511, #3361, #604, #6755, #4995, #2298, #4548, #2774, #6245, #3429, #6684, #1642, #5686, #6717, #6174, #2884, #2153, #4406, #3542, #4101, #1930, #3614, #820, #1857, #1272, #786, #5170, #4134, #4584, #3582, #3035, #5837, #3468, #136, #97, #2436, #5134, #5203, #1894, #6349, #245, #2922, #5871, #6385, #6901, #4694, #6826, #1342, #2334, #5277, #5244, #210, #2403, #1305, #6935, #1789, #171, #3504, #4022, #2368, #6314, #5795, #2473, #5759, #1827, #4067, #4729, #753, #6968, #2998, #4661, #4171, #6424, #6283, #1378, #1237, #5724, #676, #4619, #6864, #713, #2955, #890, #4837, #3721, #3108, #3073, #926, #4204, #7121, #2508, #4878, #1488, #7043, #6492, #3176, #5349, #3212, #2001, #6456, #5982, #2075, #1413, #4281, #3793, #2651, #4360, #4239, #4767, #4320, #3649, #966, #6570, #1524, #3758, #5906, #314, #5457, #853, #4801, #2543, #6018, #347, #5419, #2035, #7159, #1560, #6057, #7079, #1450, #423, #3687, #4915, #7007, #2107, #6607, #5312, #5948, #3142, #280, #383, #1964, #5382, #2577, #6534, #2613, #6091, #1745, #2252, #2768, #564, #2686, #4502, #3976, #1709, #1118, #3355, #5567, #4466, #5604, #1007, #1079, #6676, #5492, #5531 ) ),
 .UNSPECIFIED., .F., .F., .F. ) 
 B_SPLINE_SURFACE_WITH_KNOTS ( ( 2, 2 ),
 ( 3, 2, 2, 2, 2, 2, 2, 2, 2, 2, 2, 2, 2, 2, 2, 2, 2, 2, 2, 2, 2, 2, 2, 2, 2, 2, 2, 2, 2, 2, 2, 2, 2, 2, 2, 2, 2, 2, 2, 2, 2, 2, 2, 2, 2, 2, 2, 2, 2, 2, 2, 2, 2, 2, 2, 2, 2, 2, 2, 2, 2, 2, 2, 2, 2, 2, 2, 2, 2, 2, 2, 2, 2, 2, 2, 2, 2, 2, 2, 2, 2, 2, 2, 2, 2, 2, 3 ),
 ( 0.000000000000000000, 1.000000000000000000 ),
 ( 0.000000000000000000, 0.01111111111111111154, 0.02222222222222222307, 0.03333333333333333287, 0.04444444444444444614, 0.05555555555555555247, 0.06666666666666666574, 0.07777777777777777901, 0.08888888888888889228, 0.1000000000000000056, 0.1111111111111111049, 0.1222222222222222182, 0.1333333333333333315, 0.1444444444444444309, 0.1555555555555555580, 0.1666666666666666574, 0.1777777777777777846, 0.1888888888888888840, 0.2000000000000000111, 0.2111111111111111105, 0.2222222222222222099, 0.2333333333333333370, 0.2444444444444444364, 0.2555555555555555358, 0.2666666666666666630, 0.2777777777777777901, 0.2888888888888888618, 0.2999999999999999889, 0.3111111111111111160, 0.3222222222222222432, 0.3333333333333333148, 0.3444444444444444420, 0.3555555555555555691, 0.3666666666666666408, 0.3777777777777777679, 0.3888888888888888951, 0.4000000000000000222, 0.4111111111111110938, 0.4222222222222222210, 0.4333333333333333481, 0.4444444444444444198, 0.4555555555555555469, 0.4666666666666666741, 0.4777777777777778012, 0.4888888888888888729, 0.5000000000000000000, 0.5111111111111110716, 0.5222222222222222543, 0.5333333333333333259, 0.5444444444444443976, 0.5555555555555555802, 0.5666666666666666519, 0.5777777777777777235, 0.5888888888888889062, 0.5999999999999999778, 0.6111111111111111605, 0.6222222222222222321, 0.6333333333333333037, 0.6444444444444444864, 0.6555555555555555580, 0.6666666666666666297, 0.6777777777777778123, 0.6888888888888888840, 0.6999999999999999556, 0.7111111111111111382, 0.7222222222222222099, 0.7333333333333332815, 0.7444444444444444642, 0.7555555555555555358, 0.7666666666666667185, 0.7777777777777777901, 0.7888888888888888618, 0.8000000000000000444, 0.8111111111111111160, 0.8222222222222221877, 0.8333333333333333703, 0.8444444444444444420, 0.8555555555555555136, 0.8666666666666666963, 0.8777777777777777679, 0.8888888888888888395, 0.9000000000000000222, 0.9111111111111110938, 0.9222222222222222765, 0.9333333333333333481, 0.9444444444444444198, 0.9555555555555556024 ),
 .UNSPECIFIED. ) 
 GEOMETRIC_REPRESENTATION_ITEM ( )  RATIONAL_B_SPLINE_SURFACE ( (
 ( 1.000000000000000000, 0.8660254037844387076, 1.000000000000000000, 0.8660254037844387076, 1.000000000000000000, 0.8660254037844387076, 1.000000000000000000, 0.8660254037844387076, 1.000000000000000000, 0.8660254037844387076, 1.000000000000000000, 0.8660254037844387076, 1.000000000000000000, 0.8660254037844387076, 1.000000000000000000, 0.8660254037844387076, 1.000000000000000000, 0.8660254037844387076, 1.000000000000000000, 0.8660254037844387076, 1.000000000000000000, 0.8660254037844387076, 1.000000000000000000, 0.8660254037844387076, 1.000000000000000000, 0.8660254037844387076, 1.000000000000000000, 0.8660254037844387076, 1.000000000000000000, 0.8660254037844387076, 1.000000000000000000, 0.8660254037844387076, 1.000000000000000000, 0.8660254037844387076, 1.000000000000000000, 0.8660254037844387076, 1.000000000000000000, 0.8660254037844387076, 1.000000000000000000, 0.8660254037844387076, 1.000000000000000000, 0.8660254037844387076, 1.000000000000000000, 0.8660254037844387076, 1.000000000000000000, 0.8660254037844387076, 1.000000000000000000, 0.8660254037844387076, 1.000000000000000000, 0.8660254037844387076, 1.000000000000000000, 0.8660254037844387076, 1.000000000000000000, 0.8660254037844387076, 1.000000000000000000, 0.8660254037844387076, 1.000000000000000000, 0.8660254037844387076, 1.000000000000000000, 0.8660254037844387076, 1.000000000000000000, 0.8660254037844387076, 1.000000000000000000, 0.8660254037844387076, 1.000000000000000000, 0.8660254037844387076, 1.000000000000000000, 0.8660254037844387076, 1.000000000000000000, 0.8660254037844387076, 1.000000000000000000, 0.8660254037844387076, 1.000000000000000000, 0.8660254037844387076, 1.000000000000000000, 0.8660254037844387076, 1.000000000000000000, 0.8660254037844387076, 1.000000000000000000, 0.8660254037844387076, 1.000000000000000000, 0.8660254037844387076, 1.000000000000000000, 0.8660254037844387076, 1.000000000000000000, 0.8660254037844387076, 1.000000000000000000, 0.8660254037844387076, 1.000000000000000000, 0.8660254037844387076, 1.000000000000000000, 0.8660254037844387076, 1.000000000000000000, 0.8660254037844387076, 1.000000000000000000, 0.8660254037844387076, 1.000000000000000000, 0.8660254037844387076, 1.000000000000000000, 0.8660254037844387076, 1.000000000000000000, 0.8660254037844387076, 1.000000000000000000, 0.8660254037844387076, 1.000000000000000000, 0.8660254037844387076, 1.000000000000000000, 0.8660254037844387076, 1.000000000000000000, 0.8660254037844387076, 1.000000000000000000, 0.8660254037844387076, 1.000000000000000000, 0.8660254037844387076, 1.000000000000000000, 0.8660254037844387076, 1.000000000000000000, 0.8660254037844387076, 1.000000000000000000, 0.8660254037844387076, 1.000000000000000000, 0.8660254037844387076, 1.000000000000000000, 0.8660254037844387076, 1.000000000000000000, 0.8660254037844387076, 1.000000000000000000, 0.8660254037844387076, 1.000000000000000000, 0.8660254037844387076, 1.000000000000000000, 0.8660254037844387076, 1.000000000000000000, 0.8660254037844387076, 1.000000000000000000, 0.8660254037844387076, 1.000000000000000000, 0.8660254037844387076, 1.000000000000000000, 0.8660254037844387076, 1.000000000000000000, 0.8660254037844387076, 1.000000000000000000, 0.8660254037844387076, 1.000000000000000000, 0.8660254037844387076, 1.000000000000000000, 0.8660254037844387076, 1.000000000000000000, 0.8660254037844387076, 1.000000000000000000, 0.8660254037844387076, 1.000000000000000000, 0.8660254037844387076, 1.000000000000000000, 0.8660254037844387076, 1.000000000000000000, 0.8660254037844387076, 1.000000000000000000, 0.8660254037844387076, 1.000000000000000000, 0.8660254037844387076, 1.000000000000000000, 0.8660254037844387076, 1.000000000000000000, 0.8660254037844387076, 1.000000000000000000, 0.8660254037844387076, 1.000000000000000000, 0.8660254037844387076, 1.000000000000000000, 0.8660254037844387076, 1.000000000000000000),
 ( 1.000000000000000000, 0.8660254037844387076, 1.000000000000000000, 0.8660254037844387076, 1.000000000000000000, 0.8660254037844387076, 1.000000000000000000, 0.8660254037844387076, 1.000000000000000000, 0.8660254037844387076, 1.000000000000000000, 0.8660254037844387076, 1.000000000000000000, 0.8660254037844387076, 1.000000000000000000, 0.8660254037844387076, 1.000000000000000000, 0.8660254037844387076, 1.000000000000000000, 0.8660254037844387076, 1.000000000000000000, 0.8660254037844387076, 1.000000000000000000, 0.8660254037844387076, 1.000000000000000000, 0.8660254037844387076, 1.000000000000000000, 0.8660254037844387076, 1.000000000000000000, 0.8660254037844387076, 1.000000000000000000, 0.8660254037844387076, 1.000000000000000000, 0.8660254037844387076, 1.000000000000000000, 0.8660254037844387076, 1.000000000000000000, 0.8660254037844387076, 1.000000000000000000, 0.8660254037844387076, 1.000000000000000000, 0.8660254037844387076, 1.000000000000000000, 0.8660254037844387076, 1.000000000000000000, 0.8660254037844387076, 1.000000000000000000, 0.8660254037844387076, 1.000000000000000000, 0.8660254037844387076, 1.000000000000000000, 0.8660254037844387076, 1.000000000000000000, 0.8660254037844387076, 1.000000000000000000, 0.8660254037844387076, 1.000000000000000000, 0.8660254037844387076, 1.000000000000000000, 0.8660254037844387076, 1.000000000000000000, 0.8660254037844387076, 1.000000000000000000, 0.8660254037844387076, 1.000000000000000000, 0.8660254037844387076, 1.000000000000000000, 0.8660254037844387076, 1.000000000000000000, 0.8660254037844387076, 1.000000000000000000, 0.8660254037844387076, 1.000000000000000000, 0.8660254037844387076, 1.000000000000000000, 0.8660254037844387076, 1.000000000000000000, 0.8660254037844387076, 1.000000000000000000, 0.8660254037844387076, 1.000000000000000000, 0.8660254037844387076, 1.000000000000000000, 0.8660254037844387076, 1.000000000000000000, 0.8660254037844387076, 1.000000000000000000, 0.8660254037844387076, 1.000000000000000000, 0.8660254037844387076, 1.000000000000000000, 0.8660254037844387076, 1.000000000000000000, 0.8660254037844387076, 1.000000000000000000, 0.8660254037844387076, 1.000000000000000000, 0.8660254037844387076, 1.000000000000000000, 0.8660254037844387076, 1.000000000000000000, 0.8660254037844387076, 1.000000000000000000, 0.8660254037844387076, 1.000000000000000000, 0.8660254037844387076, 1.000000000000000000, 0.8660254037844387076, 1.000000000000000000, 0.8660254037844387076, 1.000000000000000000, 0.8660254037844387076, 1.000000000000000000, 0.8660254037844387076, 1.000000000000000000, 0.8660254037844387076, 1.000000000000000000, 0.8660254037844387076, 1.000000000000000000, 0.8660254037844387076, 1.000000000000000000, 0.8660254037844387076, 1.000000000000000000, 0.8660254037844387076, 1.000000000000000000, 0.8660254037844387076, 1.000000000000000000, 0.8660254037844387076, 1.000000000000000000, 0.8660254037844387076, 1.000000000000000000, 0.8660254037844387076, 1.000000000000000000, 0.8660254037844387076, 1.000000000000000000, 0.8660254037844387076, 1.000000000000000000, 0.8660254037844387076, 1.000000000000000000, 0.8660254037844387076, 1.000000000000000000, 0.8660254037844387076, 1.000000000000000000, 0.8660254037844387076, 1.000000000000000000, 0.8660254037844387076, 1.000000000000000000, 0.8660254037844387076, 1.000000000000000000, 0.8660254037844387076, 1.000000000000000000, 0.8660254037844387076, 1.000000000000000000, 0.8660254037844387076, 1.000000000000000000, 0.8660254037844387076, 1.000000000000000000, 0.8660254037844387076, 1.000000000000000000, 0.8660254037844387076, 1.000000000000000000, 0.8660254037844387076, 1.000000000000000000, 0.8660254037844387076, 1.000000000000000000, 0.8660254037844387076, 1.000000000000000000, 0.8660254037844387076, 1.000000000000000000, 0.8660254037844387076, 1.000000000000000000, 0.8660254037844387076, 1.000000000000000000) ) ) 
 REPRESENTATION_ITEM ( '' )  SURFACE ( )  );
#4301 = CARTESIAN_POINT ( 'NONE',  ( 1.322475605676655785, 0.7635316469341261181, 4.432291666666642982 ) ) ;
#4302 = CARTESIAN_POINT ( 'NONE',  ( -1.439254484199186421E-16, -1.175240473580835721, 1.999999999999981792 ) ) ;
#4303 = ORIENTED_EDGE ( 'NONE', *, *, #5084, .F. ) ;
#4304 = DIRECTION ( 'NONE',  ( 1.000000000000000000, 0.000000000000000000, 0.000000000000000000 ) ) ;
#4305 = ORIENTED_EDGE ( 'NONE', *, *, #2734, .T. ) ;
#4306 = CARTESIAN_POINT ( 'NONE',  ( 0.000000000000000000, 1.250000000000004219, -2.100000000000007194 ) ) ;
#4307 = CARTESIAN_POINT ( 'NONE',  ( 1.694631496824167138, 6.821797233830491462E-16, 3.449999999999996181 ) ) ;
#4309 = CARTESIAN_POINT ( 'NONE',  ( -1.299038105676658006, -0.7500000000000026645, 2.666666666666648755 ) ) ;
#4308 = PRODUCT_DEFINITION_SHAPE ( 'NONE', 'NONE',  #2083 ) ;
#4310 = CARTESIAN_POINT ( 'NONE',  ( 1.763300807568873418, -3.398397444352954817E-15, -3.609375000000005329 ) ) ;
#4311 = VERTEX_POINT ( 'NONE', #5089 ) ;
#4312 = CARTESIAN_POINT ( 'NONE',  ( 0.8294067547305610244, -0.4788582131113805485, 2.024999999999997247 ) ) ;
#4313 = CARTESIAN_POINT ( 'NONE',  ( 1.017788105676655341, -0.5876202367904199697, -4.916666666666669627 ) ) ;
#4314 = EDGE_CURVE ( 'NONE', #1064, #4730, #2749, .T. ) ;
#4315 = CARTESIAN_POINT ( 'NONE',  ( 1.082531754730548856, 0.6250000000000028866, -1.668749999999997069 ) ) ;
#4316 = CARTESIAN_POINT ( 'NONE',  ( -0.5529378364870407569, 0.9577164262227704228, -1.837500000000002354 ) ) ;
#4317 = VERTEX_POINT ( 'NONE', #4356 ) ;
#4318 = CARTESIAN_POINT ( 'NONE',  ( -0.8294067547305613575, -0.4788582131113799378, 1.931249999999998135 ) ) ;
#4319 = CARTESIAN_POINT ( 'NONE',  ( -1.017788105676655563, -0.5876202367904191926, 0.4791666666666520857 ) ) ;
#4320 = CARTESIAN_POINT ( 'NONE',  ( 1.471500672974076718, 3.137095542012881201E-15, 0.9796874999999970468 ) ) ;
#4321 = ORIENTED_EDGE ( 'NONE', *, *, #1032, .F. ) ;
#4322 = EDGE_CURVE ( 'NONE', #302, #3054, #5055, .T. ) ;
#4323 = DIRECTION ( 'NONE',  ( -0.000000000000000000, 5.195471269110015593E-17, 1.000000000000000000 ) ) ;
#4324 = FACE_OUTER_BOUND ( 'NONE', #172, .T. ) ;
#4325 = CARTESIAN_POINT ( 'NONE',  ( -0.8660254037844383745, 1.499999999999996669, 1.104166666666647201 ) ) ;
#4326 = APPROVAL_PERSON_ORGANIZATION ( #4844, #2438, #1421 ) ;
#4327 = CARTESIAN_POINT ( 'NONE',  ( 0.6785254037844354880, -1.175240473580836387, -3.958333333333338810 ) ) ;
#4328 = CARTESIAN_POINT ( 'NONE',  ( -1.560637177523342561E-16, -1.274356964481444532, 1.289062499999998446 ) ) ;
#4329 = COORDINATED_UNIVERSAL_TIME_OFFSET ( 6, 0, .BEHIND. ) ;
#4330 = CARTESIAN_POINT ( 'NONE',  ( 0.000000000000000000, 0.9577164262227703118, 0.8249999999999976241 ) ) ;
#4331 = CARTESIAN_POINT ( 'NONE',  ( 1.763300807568873196, -3.398397444352954028E-15, 2.421874999999979128 ) ) ;
#4332 = CARTESIAN_POINT ( 'NONE',  ( 0.8294067547305610244, -0.4788582131113803819, -1.518750000000001599 ) ) ;
#4333 = CARTESIAN_POINT ( 'NONE',  ( -3.000000000000000000, 5.064582904840246869, 7.799999999999998046 ) ) ;
#4334 = CARTESIAN_POINT ( 'NONE',  ( 1.357050807568874085, -2.102728990163939986E-14, 3.687499999999978240 ) ) ;
#4335 = ADVANCED_FACE ( 'NONE', ( #2546, #1417 ), #1589, .F. ) ;
#4336 = FACE_BOUND ( 'NONE', #7261, .T. ) ;
#4337 = CARTESIAN_POINT ( 'NONE',  ( 0.5813653043581546997, 1.152584465569646888, -4.846483324651977398 ) ) ;
#4338 = APPLICATION_PROTOCOL_DEFINITION ( 'international standard', 'config_control_design', 1994, #7142 ) ;
#4339 = CARTESIAN_POINT ( 'NONE',  ( 0.8816504037844361541, -1.527063293868264005, 6.307291666666639429 ) ) ;
#4340 = CARTESIAN_POINT ( 'NONE',  ( -1.017788105676655563, 0.5876202367904134194, 6.333333333333305504 ) ) ;
#4341 = ORIENTED_EDGE ( 'NONE', *, *, #3498, .F. ) ;
#4342 = DIRECTION ( 'NONE',  ( -1.000000000000000000, 0.000000000000000000, -0.000000000000000000 ) ) ;
#4343 = ORIENTED_EDGE ( 'NONE', *, *, #3826, .F. ) ;
#4344 = CARTESIAN_POINT ( 'NONE',  ( -0.7216878364870322748, 1.250000000000004219, -2.062500000000007105 ) ) ;
#4345 = CARTESIAN_POINT ( 'NONE',  ( -3.000000000000000000, 2.033783684603542863, -0.9024128347050713872 ) ) ;
#4346 = CARTESIAN_POINT ( 'NONE',  ( 0.8660254037844393737, 1.499999999999996447, 2.458333333333316606 ) ) ;
#4347 = B_SPLINE_CURVE_WITH_KNOTS ( 'NONE', 3,
 ( #1262, #5860, #5301, #269, #2496, #4755 ),
 .UNSPECIFIED., .F., .F.,
 ( 4, 2, 4 ),
 ( 2.452144394246187437E-16, 0.0003805775212855780701, 0.0007611550425709110021 ),
 .UNSPECIFIED. ) ;
#4348 = CARTESIAN_POINT ( 'NONE',  ( -1.870113174931179184E-16, -1.527063293868263338, -0.2343750000000132117 ) ) ;
#4349 = ORIENTED_EDGE ( 'NONE', *, *, #4367, .T. ) ;
#4350 = CARTESIAN_POINT ( 'NONE',  ( -1.017788105676655563, -0.5876202367904191926, -4.083333333333339255 ) ) ;
#4351 = CARTESIAN_POINT ( 'NONE',  ( 3.000000000000000000, 0.000000000000000000, 0.000000000000000000 ) ) ;
#4352 = AXIS2_PLACEMENT_3D ( 'NONE', #6119, #3824, #6636 ) ;
#4353 = AXIS2_PLACEMENT_3D ( 'NONE', #6388, #6459, #6938 ) ;
#4354 = CARTESIAN_POINT ( 'NONE',  ( 1.499999999999999778, -1.237577271301124363E-14, -4.625000000000000888 ) ) ;
#4355 = CARTESIAN_POINT ( 'NONE',  ( -1.105875672974081736, 3.589440140229373319E-15, -1.312500000000002220 ) ) ;
#4356 = CARTESIAN_POINT ( 'NONE',  ( -3.000000000000000000, 4.490128060534575916, 3.040128060534581955 ) ) ;
#4357 = CARTESIAN_POINT ( 'NONE',  ( -0.5529378364870407569, 0.9577164262227705338, -2.737500000000002043 ) ) ;
#4358 = CARTESIAN_POINT ( 'NONE',  ( 0.000000000000000000, 1.175240473580829725, 0.8124999999999842348 ) ) ;
#4359 = AXIS2_PLACEMENT_3D ( 'NONE', #1326, #735, #4752 ) ;
#4360 = CARTESIAN_POINT ( 'NONE',  ( -1.560637177523342561E-16, -1.274356964481444532, 0.8671874999999964473 ) ) ;
#4361 = ORIENTED_EDGE ( 'NONE', *, *, #204, .F. ) ;
#4362 = LINE ( 'NONE', #2039, #5762 ) ;
#4363 = CARTESIAN_POINT ( 'NONE',  ( -3.000000000000000000, -4.490128060534575916, -4.490128060534575916 ) ) ;
#4364 = CARTESIAN_POINT ( 'NONE',  ( -0.8660254037844388186, -1.500000000000002665, 2.770833333333310389 ) ) ;
#4365 = CARTESIAN_POINT ( 'NONE',  ( -1.017788105676653565, 0.5876202367904165280, -1.166666666666678731 ) ) ;
#4366 = CARTESIAN_POINT ( 'NONE',  ( -0.7357503364870382478, 1.274356964481451415, 1.101562499999999112 ) ) ;
#4367 = EDGE_CURVE ( 'NONE', #1067, #3598, #3111, .T. ) ;
#4368 = CARTESIAN_POINT ( 'NONE',  ( -0.5529378364870407569, 0.9577164262227703118, 0.4124999999999974798 ) ) ;
#4369 = CARTESIAN_POINT ( 'NONE',  ( 1.322475605676655563, 0.7635316469341260071, -0.03645833333334839998 ) ) ;
#4370 = PRODUCT_DEFINITION_SHAPE ( 'NONE', 'NONE',  #7289 ) ;
#4371 = CARTESIAN_POINT ( 'NONE',  ( 0.5529378364870405349, -0.9577164262227636504, -1.556250000000001688 ) ) ;
#4372 = CARTESIAN_POINT ( 'NONE',  ( 0.000000000000000000, 0.9577164262227705338, -2.718750000000001332 ) ) ;
#4373 = CARTESIAN_POINT ( 'NONE',  ( -0.6785254037844185016, 1.175240473580839717, 3.854166666666644758 ) ) ;
#4374 = DIRECTION ( 'NONE',  ( 0.000000000000000000, -0.7071067811865474617, 0.7071067811865474617 ) ) ;
#4375 = CYLINDRICAL_SURFACE ( 'NONE', #3204, 1.499999999999997780 ) ;
#4376 = CALENDAR_DATE ( 2025, 8, 10 ) ;
#4377 = CARTESIAN_POINT ( 'NONE',  ( -1.357050807568873863, -2.991388944476002371E-15, -4.062500000000005329 ) ) ;
#4378 = CARTESIAN_POINT ( 'NONE',  ( 0.6785254037844365982, -1.175240473580835721, 6.541666666666637653 ) ) ;
#4379 = ORIENTED_EDGE ( 'NONE', *, *, #6701, .F. ) ;
#4380 = DIRECTION ( 'NONE',  ( 1.000000000000000000, 0.000000000000000000, 0.000000000000000000 ) ) ;
#4381 = ADVANCED_FACE ( 'NONE', ( #5986 ), #4804, .T. ) ;
#4382 = ORIENTED_EDGE ( 'NONE', *, *, #6121, .F. ) ;
#4383 = CARTESIAN_POINT ( 'NONE',  ( -1.082531754730548856, -0.6249999999999963363, -1.950000000000007061 ) ) ;
#4384 = FACE_OUTER_BOUND ( 'NONE', #7034, .T. ) ;
#4385 = B_SPLINE_CURVE_WITH_KNOTS ( 'NONE', 3,
 ( #4050, #4120, #118, #2422 ),
 .UNSPECIFIED., .F., .F.,
 ( 4, 4 ),
 ( 4.336808689942017736E-19, 0.0003555881302273129264 ),
 .UNSPECIFIED. ) ;
#4386 = CARTESIAN_POINT ( 'NONE',  ( 1.299038105676657562, -0.7500000000000035527, 1.333333333333318382 ) ) ;
#4387 = CARTESIAN_POINT ( 'NONE',  ( -0.8816504037844372643, -1.527063293868263116, 0.2239583333333190485 ) ) ;
#4388 = ORIENTED_EDGE ( 'NONE', *, *, #3903, .F. ) ;
#4389 = CARTESIAN_POINT ( 'NONE',  ( 1.017788105676655341, -0.5876202367904199697, -2.416666666666675400 ) ) ;
#4390 = CARTESIAN_POINT ( 'NONE',  ( 0.6727527331043328118, -0.7662865668234073446, 6.494872772280241513 ) ) ;
#4391 = ADVANCED_FACE ( 'NONE', ( #1897 ), #6460, .F. ) ;
#4392 = CARTESIAN_POINT ( 'NONE',  ( 1.263644160606981037, -0.6358057390806740594, -4.713720077480064496 ) ) ;
#4393 = CARTESIAN_POINT ( 'NONE',  ( 0.8294067547305616905, 0.4788582131113862106, 0.7499999999999972244 ) ) ;
#4394 = CARTESIAN_POINT ( 'NONE',  ( 0.000000000000000000, -2.849999999999999201, 5.247499999999999609 ) ) ;
#4395 = CARTESIAN_POINT ( 'NONE',  ( -3.144805198213607969E-29, 5.320792683625233696E-15, 2.309558823529421545 ) ) ;
#4396 = CARTESIAN_POINT ( 'NONE',  ( 1.357050807568873863, -3.323770530029912691E-15, 2.187499999999980904 ) ) ;
#4397 = DIRECTION ( 'NONE',  ( -1.000000000000000000, -0.000000000000000000, -0.000000000000000000 ) ) ;
#4398 = VERTEX_POINT ( 'NONE', #5875 ) ;
#4399 = AXIS2_PLACEMENT_3D ( 'NONE', #6079, #2829, #3411 ) ;
#4400 = CARTESIAN_POINT ( 'NONE',  ( -2.866169322782476936, -0.9310142720214907852, 1.873119963137370059 ) ) ;
#4401 = AXIS2_PLACEMENT_3D ( 'NONE', #4893, #4254, #4744 ) ;
#4402 = CARTESIAN_POINT ( 'NONE',  ( 0.8660254037844379305, -1.500000000000003331, 2.854166666666643426 ) ) ;
#4403 = CARTESIAN_POINT ( 'NONE',  ( -1.105875672974081736, 3.564191782137617134E-15, -0.8062500000000017986 ) ) ;
#4404 = CARTESIAN_POINT ( 'NONE',  ( -0.6785254037844468122, -1.175240473580830169, -1.541666666666677621 ) ) ;
#4405 = CARTESIAN_POINT ( 'NONE',  ( -1.103625504730557427, 0.6371784822407273730, 2.939062499999999023 ) ) ;
#4406 = CARTESIAN_POINT ( 'NONE',  ( -0.7357503364870382478, 1.274356964481451637, -2.470312500000002576 ) ) ;
#4407 = CARTESIAN_POINT ( 'NONE',  ( -1.322475605676654897, 0.7635316469341272283, 1.130208333333316384 ) ) ;
#4408 = EDGE_CURVE ( 'NONE', #5907, #3092, #3077, .T. ) ;
#4409 = ADVANCED_FACE ( 'NONE', ( #4286 ), #1346, .T. ) ;
#4410 = VECTOR ( 'NONE', #5841, 999.9999999999998863 ) ;
#4411 = CARTESIAN_POINT ( 'NONE',  ( 0.000000000000000000, 0.9577164262227704228, -0.01875000000000183811 ) ) ;
#4412 = CARTESIAN_POINT ( 'NONE',  ( -1.172864355864553979E-16, -0.9577164262227635394, -2.043750000000001510 ) ) ;
#4413 = CARTESIAN_POINT ( 'NONE',  ( -0.9218689959748742613, -0.6224592253955877341, 6.604891043794041572 ) ) ;
#4414 = APPLICATION_CONTEXT ( 'configuration controlled 3d designs of mechanical parts and assemblies' ) ;
#4415 = CARTESIAN_POINT ( 'NONE',  ( -0.1064361236209716427, -1.464085521995240446, -4.668072845394899417 ) ) ;
#4416 = PERSON_AND_ORGANIZATION ( #6017, #2973 ) ;
#4417 = CARTESIAN_POINT ( 'NONE',  ( 0.8816504037844361541, -1.527063293868264005, 6.807291666666638541 ) ) ;
#4418 = CARTESIAN_POINT ( 'NONE',  ( 0.000000000000000000, 1.527063293868257121, -5.453125000000003553 ) ) ;
#4419 = VERTEX_POINT ( 'NONE', #3180 ) ;
#4420 = FACE_OUTER_BOUND ( 'NONE', #2710, .T. ) ;
#4421 = VERTEX_POINT ( 'NONE', #2512 ) ;
#4422 = CARTESIAN_POINT ( 'NONE',  ( 1.443375672974064994, 3.256580975390015966E-15, -1.312500000000007327 ) ) ;
#4423 = CARTESIAN_POINT ( 'NONE',  ( -1.017788105676658006, -0.5876202367904153068, -2.020833333333343251 ) ) ;
#4424 = DIRECTION ( 'NONE',  ( 1.000000000000000000, -0.000000000000000000, -0.000000000000000000 ) ) ;
#4425 = CARTESIAN_POINT ( 'NONE',  ( 1.299038105676657562, -0.7500000000000035527, 0.8333333333333197146 ) ) ;
#4426 = CARTESIAN_POINT ( 'NONE',  ( -0.8816504037844372643, -1.527063293868263116, 0.7239583333333187154 ) ) ;
#4427 = CARTESIAN_POINT ( 'NONE',  ( 1.017788105676655341, -0.5876202367904199697, -1.916666666666676733 ) ) ;
#4428 = DIRECTION ( 'NONE',  ( 1.000000000000000000, 0.000000000000000000, 0.000000000000000000 ) ) ;
#4429 = CARTESIAN_POINT ( 'NONE',  ( 0.8757865865276044381, -0.8919068644529891676, -2.662500000000000977 ) ) ;
#4430 = CARTESIAN_POINT ( 'NONE',  ( -0.8294067547305613575, -0.4788582131113798823, 1.424999999999997380 ) ) ;
#4431 = CC_DESIGN_PERSON_AND_ORGANIZATION_ASSIGNMENT ( #4844, #6578, ( #2796 ) ) ;
#4432 = CARTESIAN_POINT ( 'NONE',  ( 0.000000000000000000, -2.349999999999990763, 3.000000000000000888 ) ) ;
#4433 = CARTESIAN_POINT ( 'NONE',  ( 0.8294067547305616905, 0.4788582131113860996, 3.056249999999998135 ) ) ;
#4434 = CARTESIAN_POINT ( 'NONE',  ( -0.6785254037844368202, 1.175240473580829503, 3.854166666666644758 ) ) ;
#4435 = DIRECTION ( 'NONE',  ( 0.000000000000000000, 0.7071067811865474617, -0.7071067811865474617 ) ) ;
#4436 = ORIENTED_EDGE ( 'NONE', *, *, #2333, .T. ) ;
#4437 = CARTESIAN_POINT ( 'NONE',  ( -2.799999999999998490, -0.9433296209488570838, 1.791857758372713105 ) ) ;
#4438 = CARTESIAN_POINT ( 'NONE',  ( 0.8660254037844379305, -1.500000000000003331, 1.854166666666646091 ) ) ;
#4439 = CARTESIAN_POINT ( 'NONE',  ( -0.8294067547305613575, -0.4788582131113798268, 0.1312499999999981182 ) ) ;
#4440 = CARTESIAN_POINT ( 'NONE',  ( -0.6785254037844470343, -1.175240473580829725, -1.041666666666678509 ) ) ;
#4441 = CARTESIAN_POINT ( 'NONE',  ( 0.7357503364870378038, -1.274356964481444976, 2.676562499999998401 ) ) ;
#4442 = CARTESIAN_POINT ( 'NONE',  ( 0.000000000000000000, 1.274356964481451637, -3.407812500000003020 ) ) ;
#4443 = CARTESIAN_POINT ( 'NONE',  ( 1.322475605676655563, 0.7635316469341260071, 1.463541666666648533 ) ) ;
#4444 = CARTESIAN_POINT ( 'NONE',  ( -1.105875672974081736, 3.541748797167166798E-15, -0.3562500000000015099 ) ) ;
#4445 = DIRECTION ( 'NONE',  ( -1.000000000000000000, -0.000000000000000000, -0.000000000000000000 ) ) ;
#4446 = DIRECTION ( 'NONE',  ( 1.000000000000000000, 0.000000000000000000, 0.000000000000000000 ) ) ;
#4447 = CARTESIAN_POINT ( 'NONE',  ( 1.034026860050032859, 0.4416341581190619814, 4.499999999999996447 ) ) ;
#4448 = PERSON_AND_ORGANIZATION_ROLE ( 'creator' ) ;
#4449 = CARTESIAN_POINT ( 'NONE',  ( 1.357050807568873863, -3.323770530029912691E-15, -4.812500000000004441 ) ) ;
#4450 = CARTESIAN_POINT ( 'NONE',  ( -0.5529378364870407569, 0.9577164262227702007, 2.662499999999997424 ) ) ;
#4451 = CARTESIAN_POINT ( 'NONE',  ( -0.6785254037844368202, 1.175240473580829503, 5.791666666666639429 ) ) ;
#4452 = VERTEX_POINT ( 'NONE', #6389 ) ;
#4453 = DIRECTION ( 'NONE',  ( 0.000000000000000000, -1.000000000000000000, 0.000000000000000000 ) ) ;
#4454 = ORIENTED_EDGE ( 'NONE', *, *, #7063, .F. ) ;
#4455 = CARTESIAN_POINT ( 'NONE',  ( -0.7216878364870322748, 1.250000000000003775, -1.162500000000006750 ) ) ;
#4456 = CARTESIAN_POINT ( 'NONE',  ( -0.6785254037844470343, -1.175240473580829725, -0.9791666666666783980 ) ) ;
#4457 = LINE ( 'NONE', #6699, #6282 ) ;
#4458 = CARTESIAN_POINT ( 'NONE',  ( 0.8660254037844381525, -1.500000000000003331, -1.208333333333342363 ) ) ;
#4459 = CARTESIAN_POINT ( 'NONE',  ( -1.322475605676655119, 0.7635316469341273393, -1.901041666666675845 ) ) ;
#4460 = CARTESIAN_POINT ( 'NONE',  ( 0.6785254037844365982, -1.175240473580835721, -1.458333333333344584 ) ) ;
#4461 = CARTESIAN_POINT ( 'NONE',  ( 0.000000000000000000, 3.454988393958160231E-16, 6.649999999999999467 ) ) ;
#4462 = CARTESIAN_POINT ( 'NONE',  ( 0.9999999999999991118, -0.5773502691896250649, 5.495000000000000107 ) ) ;
#4463 = CARTESIAN_POINT ( 'NONE',  ( -1.172864355864553979E-16, -0.9577164262227636504, 0.1499999999999973577 ) ) ;
#4464 = FACE_OUTER_BOUND ( 'NONE', #381, .T. ) ;
#4465 = CARTESIAN_POINT ( 'NONE',  ( -0.6785254037844372643, -1.175240473580835721, 3.520833333333311721 ) ) ;
#4466 = CARTESIAN_POINT ( 'NONE',  ( 1.103625504730557871, 0.6371784822407263738, 2.817187499999996625 ) ) ;
#4467 = EDGE_CURVE ( 'NONE', #6887, #5042, #1162, .T. ) ;
#4468 = CARTESIAN_POINT ( 'NONE',  ( -1.082531754730548634, 0.6250000000000035527, 2.531250000000003109 ) ) ;
#4469 = CIRCLE ( 'NONE', #1528, 9.500000000000000000 ) ;
#4470 = CARTESIAN_POINT ( 'NONE',  ( 1.299038105676658450, 0.7499999999999958922, 3.979166666666641206 ) ) ;
#4471 = CARTESIAN_POINT ( 'NONE',  ( -1.172864355864553979E-16, -0.9577164262227635394, -1.593750000000001554 ) ) ;
#4472 = CARTESIAN_POINT ( 'NONE',  ( -6.622025529509219715E-15, -1.175240473580835721, -1.000000000000012212 ) ) ;
#4473 = B_SPLINE_CURVE_WITH_KNOTS ( 'NONE', 3,
 ( #498, #1010, #1526, #7238, #6646, #6020 ),
 .UNSPECIFIED., .F., .F.,
 ( 4, 2, 4 ),
 ( 0.0006828325726426469214, 0.001281204917509555508, 0.001879577262376464202 ),
 .UNSPECIFIED. ) ;
#4474 = CARTESIAN_POINT ( 'NONE',  ( 0.7357503364870390250, 1.274356964481451193, 3.276562499999998934 ) ) ;
#4475 = CARTESIAN_POINT ( 'NONE',  ( -1.172864355864553979E-16, -0.9577164262227636504, 1.949999999999997735 ) ) ;
#4476 = CARTESIAN_POINT ( 'NONE',  ( -1.322475605676654897, -0.7635316469341327794, 2.213541666666646535 ) ) ;
#4477 = CARTESIAN_POINT ( 'NONE',  ( -0.8294067547305612464, 0.4788582131113871543, -1.293750000000001510 ) ) ;
#4478 = CARTESIAN_POINT ( 'NONE',  ( 1.196817672909270769, -0.9270509831247958354, -4.614002832395828868 ) ) ;
#4479 = CARTESIAN_POINT ( 'NONE',  ( 2.800000000000001155, 0.000000000000000000, 0.000000000000000000 ) ) ;
#4480 = CARTESIAN_POINT ( 'NONE',  ( -0.9948249980469832110, 0.9085694809829681917, -4.780688315616946404 ) ) ;
#4481 = DATE_AND_TIME ( #1612, #1452 ) ;
#4482 = CARTESIAN_POINT ( 'NONE',  ( 2.800000000000001155, 0.000000000000000000, 0.000000000000000000 ) ) ;
#4483 = CARTESIAN_POINT ( 'NONE',  ( -1.017788105676655563, -0.5876202367904191926, 5.416666666666641206 ) ) ;
#4484 = ORIENTED_EDGE ( 'NONE', *, *, #5393, .T. ) ;
#4485 = CARTESIAN_POINT ( 'NONE',  ( -3.031310039874818660E-16, 1.154700538379251018, 6.649999999999999467 ) ) ;
#4486 = VERTEX_POINT ( 'NONE', #252 ) ;
#4487 = CARTESIAN_POINT ( 'NONE',  ( 0.000000000000000000, 1.250000000000003997, 0.5999999999999929834 ) ) ;
#4488 = ORIENTED_EDGE ( 'NONE', *, *, #3540, .T. ) ;
#4489 = CARTESIAN_POINT ( 'NONE',  ( -0.6785254037844302699, 1.175240473580833056, -2.145833333333342807 ) ) ;
#4490 = FACE_OUTER_BOUND ( 'NONE', #5477, .T. ) ;
#4491 = CARTESIAN_POINT ( 'NONE',  ( 0.8660254037844393737, 1.499999999999996447, -2.041666666666673624 ) ) ;
#4492 = CARTESIAN_POINT ( 'NONE',  ( -0.8816504037844372643, -1.527063293868263116, -1.776041666666676067 ) ) ;
#4493 = CARTESIAN_POINT ( 'NONE',  ( 0.000000000000000000, 1.175240473580829725, -2.750000000000008438 ) ) ;
#4494 = CARTESIAN_POINT ( 'NONE',  ( 0.000000000000000000, -6.817095884626875329E-15, 4.499999999999997335 ) ) ;
#4495 = EDGE_CURVE ( 'NONE', #1218, #1292, #1492, .T. ) ;
#4496 = CARTESIAN_POINT ( 'NONE',  ( 3.000000000000000000, 0.000000000000000000, 0.000000000000000000 ) ) ;
#4497 = CARTESIAN_POINT ( 'NONE',  ( -2.799999999999998490, 7.128367289874323554, -6.279839152450467310 ) ) ;
#4498 = CONICAL_SURFACE ( 'NONE', #5430, 1.499999999999997335, 0.7853981633974500554 ) ;
#4499 = CARTESIAN_POINT ( 'NONE',  ( -0.5529378364870412010, -0.9577164262227633174, 0.5624999999999974465 ) ) ;
#4500 = DIRECTION ( 'NONE',  ( 0.000000000000000000, 7.077132136763247592E-16, 1.000000000000000000 ) ) ;
#4501 = CARTESIAN_POINT ( 'NONE',  ( -0.6785254037844368202, 1.175240473580829503, 1.854166666666648977 ) ) ;
#4502 = CARTESIAN_POINT ( 'NONE',  ( -1.103625504730557649, -0.6371784822407203785, 2.592187499999996536 ) ) ;
#4503 = SECURITY_CLASSIFICATION ( '', '', #6217 ) ;
#4504 = CONICAL_SURFACE ( 'NONE', #1329, 1.154700538379250796, 0.7853981633974500554 ) ;
#4505 = CARTESIAN_POINT ( 'NONE',  ( 1.082531754730548856, 0.6250000000000027756, 1.931250000000003242 ) ) ;
#4506 = CARTESIAN_POINT ( 'NONE',  ( 1.732050807568876971, -3.392656912481952001E-15, 3.937499999999975575 ) ) ;
#4507 = CARTESIAN_POINT ( 'NONE',  ( -1.105875672974081736, 3.541748797167166798E-15, -0.3562500000000015654 ) ) ;
#4508 = CARTESIAN_POINT ( 'NONE',  ( -1.017788105676653343, 0.5876202367904170831, -0.1666666666666803964 ) ) ;
#4509 = LOCAL_TIME ( 13, 37, 30.00000000000000000, #5251 ) ;
#4510 = CARTESIAN_POINT ( 'NONE',  ( -0.5529378364870412010, -0.9577164262227632063, -2.981250000000001066 ) ) ;
#4511 = CARTESIAN_POINT ( 'NONE',  ( 1.103625504730557205, -0.6371784822407209337, -3.107812500000002753 ) ) ;
#4512 = CARTESIAN_POINT ( 'NONE',  ( -1.322475605676654897, -0.7635316469341327794, 2.713541666666645202 ) ) ;
#4513 = VECTOR ( 'NONE', #6558, 1000.000000000000000 ) ;
#4514 = VECTOR ( 'NONE', #1164, 1000.000000000000000 ) ;
#4515 = CARTESIAN_POINT ( 'NONE',  ( 0.5529378364870414231, 0.9577164262227698677, 2.643749999999997158 ) ) ;
#4516 = CARTESIAN_POINT ( 'NONE',  ( 1.050943903833135629, -1.070288237343555826, -4.625000000000001776 ) ) ;
#4517 = CARTESIAN_POINT ( 'NONE',  ( -0.8994798301350738212, -0.6746764499392552406, 3.449999999999996625 ) ) ;
#4518 = CARTESIAN_POINT ( 'NONE',  ( 0.000000000000000000, 1.274356964481451637, -2.985937500000000799 ) ) ;
#4519 = DATE_AND_TIME ( #31, #622 ) ;
#4520 = CC_DESIGN_PERSON_AND_ORGANIZATION_ASSIGNMENT ( #976, #2623, ( #6564 ) ) ;
#4521 = DIRECTION ( 'NONE',  ( 3.064488108188101053E-16, 5.307849102572449992E-16, 1.000000000000000000 ) ) ;
#4522 = CARTESIAN_POINT ( 'NONE',  ( -1.322475605676654897, -0.7635316469341327794, -3.286458333333341031 ) ) ;
#4523 = ORIENTED_EDGE ( 'NONE', *, *, #3100, .T. ) ;
#4524 = CARTESIAN_POINT ( 'NONE',  ( 3.000000000000000000, 0.5656854249492385689, 0.5656854249492385689 ) ) ;
#4525 = CIRCLE ( 'NONE', #63, 9.500000000000000000 ) ;
#4526 = ORIENTED_EDGE ( 'NONE', *, *, #98, .F. ) ;
#4527 = CARTESIAN_POINT ( 'NONE',  ( 1.443375672974064994, 3.234137990419565630E-15, -0.8625000000000072609 ) ) ;
#4528 = CARTESIAN_POINT ( 'NONE',  ( -1.017788105676657562, -0.5876202367904158619, -3.020833333333340587 ) ) ;
#4529 = CARTESIAN_POINT ( 'NONE',  ( 0.7026855861573240158, 0.9653386812831947772, 4.690648129445274428 ) ) ;
#4530 = CARTESIAN_POINT ( 'NONE',  ( -1.836970198721029688E-16, -1.500000000000002887, -0.7500000000000101030 ) ) ;
#4531 = VECTOR ( 'NONE', #2875, 1000.000000000000114 ) ;
#4532 = CARTESIAN_POINT ( 'NONE',  ( -0.8816504037844372643, -1.527063293868263116, 1.223958333333317272 ) ) ;
#4533 = CARTESIAN_POINT ( 'NONE',  ( 0.6785254037844377084, 1.175240473580829059, -1.291666666666678065 ) ) ;
#4534 = CARTESIAN_POINT ( 'NONE',  ( -3.000000000000000000, -4.171930009000630157, 5.020458146424486401 ) ) ;
#4535 = CARTESIAN_POINT ( 'NONE',  ( -0.9999999999999991118, -0.5773502691896257311, 5.495000000000000107 ) ) ;
#4536 = CARTESIAN_POINT ( 'NONE',  ( -2.933349480478300020, 5.084323085060604264, -7.866650519521704688 ) ) ;
#4537 = CARTESIAN_POINT ( 'NONE',  ( 1.105875672974081736, 3.195142302259372247E-15, 1.162499999999997646 ) ) ;
#4538 = CARTESIAN_POINT ( 'NONE',  ( -0.5529378364870407569, 0.9577164262227704228, -0.4875000000000022649 ) ) ;
#4539 = CARTESIAN_POINT ( 'NONE',  ( -1.357050807568873863, -2.991388944476002371E-15, 3.937499999999977796 ) ) ;
#4540 = DIRECTION ( 'NONE',  ( 0.000000000000000000, 0.000000000000000000, -1.000000000000000000 ) ) ;
#4541 = ADVANCED_FACE ( 'NONE', ( #3654, #790 ), #3725, .F. ) ;
#4542 = EDGE_CURVE ( 'NONE', #1728, #1553, #4084, .T. ) ;
#4543 = CARTESIAN_POINT ( 'NONE',  ( -0.1345470299149539584, -1.116310608058313836, 4.499999999999996447 ) ) ;
#4544 = CARTESIAN_POINT ( 'NONE',  ( 1.299038105676658450, 0.7499999999999957812, 4.416666666666644758 ) ) ;
#4545 = CARTESIAN_POINT ( 'NONE',  ( 0.000000000000000000, 0.9577164262227703118, 0.4312499999999984679 ) ) ;
#4546 = CARTESIAN_POINT ( 'NONE',  ( 0.6785254037844524744, 1.175240473580820622, 1.208333333333316384 ) ) ;
#4547 = CARTESIAN_POINT ( 'NONE',  ( -0.8294067547305613575, -0.4788582131113797158, -2.568750000000001421 ) ) ;
#4548 = CARTESIAN_POINT ( 'NONE',  ( -1.103625504730557427, 0.6371784822407277060, -2.882812500000003109 ) ) ;
#4549 = ADVANCED_FACE ( 'NONE', ( #2004 ), #318, .F. ) ;
#4550 = CARTESIAN_POINT ( 'NONE',  ( -0.8816504037844370423, -1.527063293868262894, 3.755208333333310833 ) ) ;
#4551 = CARTESIAN_POINT ( 'NONE',  ( 0.8294067547305616905, 0.4788582131113862106, 0.8062499999999979128 ) ) ;
#4552 = CARTESIAN_POINT ( 'NONE',  ( 0.000000000000000000, 1.499999999999996669, -2.437500000000011102 ) ) ;
#4553 = DIRECTION ( 'NONE',  ( 0.000000000000000000, 0.7071067811865474617, -0.7071067811865474617 ) ) ;
#4554 = DIRECTION ( 'NONE',  ( -3.064488108188125705E-16, 5.307849102572407591E-16, 1.000000000000000000 ) ) ;
#4555 = PERSON_AND_ORGANIZATION_ROLE ( 'design_supplier' ) ;
#4556 = CARTESIAN_POINT ( 'NONE',  ( -0.8294067547305613575, -0.4788582131113796603, -3.075000000000002398 ) ) ;
#4557 = CARTESIAN_POINT ( 'NONE',  ( -0.8816504037844364872, 1.527063293868256899, -2.911458333333341475 ) ) ;
#4558 = VERTEX_POINT ( 'NONE', #350 ) ;
#4559 = CARTESIAN_POINT ( 'NONE',  ( 0.6785254037844412611, 1.175240473580827061, -3.729166666666672736 ) ) ;
#4561 = EDGE_CURVE ( 'NONE', #771, #2273, #4245, .T. ) ;
#4560 = EDGE_LOOP ( 'NONE', ( #5409, #6953, #1027, #1858 ) ) ;
#4562 = CARTESIAN_POINT ( 'NONE',  ( -0.7216878364870328300, -1.249999999999996891, -0.1125000000000069694 ) ) ;
#4563 = CARTESIAN_POINT ( 'NONE',  ( -0.6785254037844293817, 1.175240473580833722, -0.6458333333333463600 ) ) ;
#4564 = CARTESIAN_POINT ( 'NONE',  ( -0.1399461133910394894, 1.223241815345901484, 4.727962674521049458 ) ) ;
#4565 = CARTESIAN_POINT ( 'NONE',  ( 1.299038105676658450, 0.7499999999999957812, -0.5833333333333435844 ) ) ;
#4566 = CARTESIAN_POINT ( 'NONE',  ( 1.322475605676654675, -0.7635316469341338896, 3.348958333333313053 ) ) ;
#4567 = CARTESIAN_POINT ( 'NONE',  ( -0.6785254037844368202, 1.175240473580829503, 0.2916666666666519192 ) ) ;
#4568 = EDGE_LOOP ( 'NONE', ( #4523, #37, #1583, #2386 ) ) ;
#4569 = DIRECTION ( 'NONE',  ( -0.000000000000000000, -0.000000000000000000, 1.000000000000000000 ) ) ;
#4570 = DIRECTION ( 'NONE',  ( -0.000000000000000000, 1.000000000000000000, 0.000000000000000000 ) ) ;
#4571 = DIRECTION ( 'NONE',  ( 0.000000000000000000, 0.000000000000000000, -1.000000000000000000 ) ) ;
#4572 = CARTESIAN_POINT ( 'NONE',  ( 0.5529378364870405349, -0.9577164262227638725, 2.437499999999996891 ) ) ;
#4573 = DIRECTION ( 'NONE',  ( 1.000000000000000000, 0.000000000000000000, 0.000000000000000000 ) ) ;
#4574 = CARTESIAN_POINT ( 'NONE',  ( -0.8294067547305612464, 0.4788582131113871543, -1.800000000000002265 ) ) ;
#4575 = CARTESIAN_POINT ( 'NONE',  ( 0.6785254037844365982, -1.175240473580835721, 5.604166666666641206 ) ) ;
#4576 = ORIENTED_EDGE ( 'NONE', *, *, #4314, .F. ) ;
#4577 = CARTESIAN_POINT ( 'NONE',  ( -0.8294067547305612464, 0.4788582131113871543, -2.193750000000001421 ) ) ;
#4578 = EDGE_CURVE ( 'NONE', #4087, #3462, #1236, .T. ) ;
#4579 = CARTESIAN_POINT ( 'NONE',  ( 1.082531754730548634, -0.6249999999999975575, 2.306250000000002576 ) ) ;
#4580 = CARTESIAN_POINT ( 'NONE',  ( -0.8294067547305612464, 0.4788582131113869877, 2.756249999999998312 ) ) ;
#4581 = CARTESIAN_POINT ( 'NONE',  ( -0.6785254037844484776, -1.175240473580829059, 1.458333333333316162 ) ) ;
#4582 = CARTESIAN_POINT ( 'NONE',  ( 0.8294067547305616905, 0.4788582131113863771, -1.893750000000001599 ) ) ;
#4583 = CARTESIAN_POINT ( 'NONE',  ( -0.6785254037844368202, 1.175240473580829503, -4.645833333333337478 ) ) ;
#4584 = CARTESIAN_POINT ( 'NONE',  ( 0.000000000000000000, 1.274356964481451637, -2.057812500000003375 ) ) ;
#4585 = CARTESIAN_POINT ( 'NONE',  ( 1.322475605676655563, 0.7635316469341260071, 3.463541666666644314 ) ) ;
#4586 = CARTESIAN_POINT ( 'NONE',  ( 0.5529378364870405349, -0.9577164262227638725, 1.143749999999998046 ) ) ;
#4587 = CARTESIAN_POINT ( 'NONE',  ( -1.836970198721029688E-16, -1.500000000000002887, -1.187500000000013989 ) ) ;
#4588 = DIRECTION ( 'NONE',  ( 3.064488108188101053E-16, 5.307849102572449992E-16, 1.000000000000000000 ) ) ;
#4589 = CARTESIAN_POINT ( 'NONE',  ( -1.103625504730557649, -0.6371784822407201565, -0.5859375000000009992 ) ) ;
#4590 = PERSON_AND_ORGANIZATION ( #6017, #2973 ) ;
#4591 = CARTESIAN_POINT ( 'NONE',  ( 2.800000000000001155, -5.020458146424486401, 4.171930009000630157 ) ) ;
#4592 = CARTESIAN_POINT ( 'NONE',  ( -0.8816504037844364872, 1.527063293868256899, -4.911458333333336590 ) ) ;
#4593 = VECTOR ( 'NONE', #86, 1000.000000000000114 ) ;
#4594 = ORIENTED_EDGE ( 'NONE', *, *, #4684, .T. ) ;
#4595 = CARTESIAN_POINT ( 'NONE',  ( -0.6785254037844389297, -1.175240473580834388, -3.979166666666672292 ) ) ;
#4596 = CARTESIAN_POINT ( 'NONE',  ( -1.443375672974064994, 3.486669637627510274E-15, 1.162499999999992539 ) ) ;
#4597 = CARTESIAN_POINT ( 'NONE',  ( 1.017788105676656452, 0.5876202367904117541, 0.2291666666666518359 ) ) ;
#4598 = CARTESIAN_POINT ( 'NONE',  ( -0.1843511117704028646, -1.374260682841111469, 4.875013369037318078 ) ) ;
#4599 = CARTESIAN_POINT ( 'NONE',  ( 0.8660254037844393737, 1.499999999999996447, -0.04166666666667844660 ) ) ;
#4600 = CARTESIAN_POINT ( 'NONE',  ( 1.322475605676655785, 0.7635316469341261181, 1.932291666666648977 ) ) ;
#4601 = CARTESIAN_POINT ( 'NONE',  ( -1.357050807568873863, -2.991388944476002371E-15, 1.374999999999982903 ) ) ;
#4602 = EDGE_CURVE ( 'NONE', #2687, #6917, #6367, .T. ) ;
#4603 = ORIENTED_EDGE ( 'NONE', *, *, #496, .T. ) ;
#4604 = DIRECTION ( 'NONE',  ( -0.000000000000000000, 1.224646799147353454E-16, -1.000000000000000000 ) ) ;
#4605 = EDGE_LOOP ( 'NONE', ( #6038 ) ) ;
#4606 = DIRECTION ( 'NONE',  ( 0.000000000000000000, 0.000000000000000000, -1.000000000000000000 ) ) ;
#4607 = B_SPLINE_CURVE_WITH_KNOTS ( 'NONE', 3,
 ( #3215, #6742, #4536, #6269 ),
 .UNSPECIFIED., .F., .F.,
 ( 4, 4 ),
 ( 0.000000000000000000, 0.0002889088506456982414 ),
 .UNSPECIFIED. ) ;
#4608 = LINE ( 'NONE', #3059, #1119 ) ;
#4609 = CARTESIAN_POINT ( 'NONE',  ( -1.105875672974081736, 3.432339245436224121E-15, 1.837499999999997025 ) ) ;
#4610 = CARTESIAN_POINT ( 'NONE',  ( 0.5529378364870405349, -0.9577164262227636504, -0.2625000000000022871 ) ) ;
#4611 = CARTESIAN_POINT ( 'NONE',  ( 0.6785254037844365982, -1.175240473580835721, 6.104166666666640317 ) ) ;
#4612 = PRODUCT_RELATED_PRODUCT_CATEGORY ( 'detail', '', ( #6546 ) ) ;
#4613 = CARTESIAN_POINT ( 'NONE',  ( 1.105875672974081736, 3.349437823931215202E-15, -1.931250000000001465 ) ) ;
#4614 = CARTESIAN_POINT ( 'NONE',  ( 0.7216878364870319418, -1.249999999999997113, 2.718750000000002665 ) ) ;
#4615 = CARTESIAN_POINT ( 'NONE',  ( 0.000000000000000000, 0.9577164262227702007, 3.131249999999997868 ) ) ;
#4616 = CARTESIAN_POINT ( 'NONE',  ( 0.6785254037844519193, 1.175240473580821288, 0.2083333333333190485 ) ) ;
#4617 = CARTESIAN_POINT ( 'NONE',  ( 0.8294067547305610244, -0.4788582131113804374, 0.2812499999999980571 ) ) ;
#4618 = CARTESIAN_POINT ( 'NONE',  ( -1.017788105676655563, -0.5876202367904191926, -3.020833333333340587 ) ) ;
#4619 = CARTESIAN_POINT ( 'NONE',  ( -1.103625504730557427, 0.6371784822407275950, -0.1828125000000032918 ) ) ;
#4620 = ORIENTED_EDGE ( 'NONE', *, *, #1059, .T. ) ;
#4621 = ORIENTED_EDGE ( 'NONE', *, *, #1966, .F. ) ;
#4622 = CARTESIAN_POINT ( 'NONE',  ( -0.8816504037844364872, 1.527063293868256899, 2.588541666666646979 ) ) ;
#4623 = AXIS2_PLACEMENT_3D ( 'NONE', #2761, #2176, #5016 ) ;
#4624 = AXIS2_PLACEMENT_3D ( 'NONE', #4351, #4103, #1380 ) ;
#4626 = CARTESIAN_POINT ( 'NONE',  ( -0.8294067547305612464, 0.4788582131113869877, 1.856249999999998623 ) ) ;
#4625 = APPROVAL_PERSON_ORGANIZATION ( #6586, #1906, #906 ) ;
#4627 = CARTESIAN_POINT ( 'NONE',  ( -1.299038105676658006, -0.7500000000000026645, -2.270833333333345028 ) ) ;
#4628 = DIRECTION ( 'NONE',  ( 0.000000000000000000, 0.000000000000000000, 1.000000000000000000 ) ) ;
#4629 = CARTESIAN_POINT ( 'NONE',  ( 1.471500672974076718, 3.295599123366683915E-15, -2.198437500000000711 ) ) ;
#4630 = CALENDAR_DATE ( 2025, 8, 10 ) ;
#4631 = CARTESIAN_POINT ( 'NONE',  ( 0.000000000000000000, 0.9577164262227705338, -2.775000000000002132 ) ) ;
#4632 = CARTESIAN_POINT ( 'NONE',  ( -1.763300807568873196, -2.966513306368321794E-15, -4.828125000000003553 ) ) ;
#4633 = CARTESIAN_POINT ( 'NONE',  ( 1.357050807568874085, -6.731521770130246312E-15, -3.312500000000006661 ) ) ;
#4634 = EDGE_CURVE ( 'NONE', #6341, #334, #3112, .T. ) ;
#4635 = EDGE_CURVE ( 'NONE', #4486, #6608, #2933, .T. ) ;
#4636 = CIRCLE ( 'NONE', #7099, 9.500000000000000000 ) ;
#4637 = CARTESIAN_POINT ( 'NONE',  ( -1.530808498934192310E-16, -1.249999999999996891, 2.624999999999992895 ) ) ;
#4638 = AXIS2_PLACEMENT_3D ( 'NONE', #2663, #6468, #7170 ) ;
#4639 = CARTESIAN_POINT ( 'NONE',  ( 1.017788105676660448, 0.5876202367904048707, -0.2708333333333468596 ) ) ;
#4640 = CARTESIAN_POINT ( 'NONE',  ( 0.7705724817169047336, -1.184641742558301569, 4.910363390290618746 ) ) ;
#4641 = CARTESIAN_POINT ( 'NONE',  ( 1.299038105676658450, 0.7499999999999957812, -3.083333333333338366 ) ) ;
#4642 = CARTESIAN_POINT ( 'NONE',  ( 1.322475605676654675, -0.7635316469341338896, 1.848958333333316162 ) ) ;
#4643 = CARTESIAN_POINT ( 'NONE',  ( 1.357050807568873863, -3.323770530029912691E-15, -0.3750000000000133782 ) ) ;
#4644 = CIRCLE ( 'NONE', #2874, 0.1500000000000001055 ) ;
#4645 = ORIENTED_EDGE ( 'NONE', *, *, #3486, .T. ) ;
#4646 = CARTESIAN_POINT ( 'NONE',  ( -0.4057380005126587363, 1.021060918685883889, -2.823944513801547096 ) ) ;
#4647 = ORIENTED_EDGE ( 'NONE', *, *, #1772, .F. ) ;
#4648 = CARTESIAN_POINT ( 'NONE',  ( -0.9960849800564521850, 0.6922307353931991258, 3.000000000000029310 ) ) ;
#4649 = CONICAL_SURFACE ( 'NONE', #185, 1.450000000000001732, 0.7853981633974428389 ) ;
#4650 = PLANE ( 'NONE',  #2633 ) ;
#4651 = CARTESIAN_POINT ( 'NONE',  ( -0.8294067547305612464, 0.4788582131113869877, 2.699999999999997513 ) ) ;
#4652 =( REPRESENTATION_RELATIONSHIP ('NONE','NONE', #3541, #3969 ) REPRESENTATION_RELATIONSHIP_WITH_TRANSFORMATION ( #4249 )SHAPE_REPRESENTATION_RELATIONSHIP( ) );
#4653 = CARTESIAN_POINT ( 'NONE',  ( -1.172864355864553979E-16, -0.9577164262227635394, -2.100000000000001865 ) ) ;
#4654 = CARTESIAN_POINT ( 'NONE',  ( -1.439254484199186421E-16, -1.175240473580835721, 5.562499999999973355 ) ) ;
#4655 = CARTESIAN_POINT ( 'NONE',  ( 1.443375672974064994, 3.186446647357359109E-15, 0.09375000000000296985 ) ) ;
#4656 = EDGE_CURVE ( 'NONE', #3598, #3234, #4607, .T. ) ;
#4657 = CARTESIAN_POINT ( 'NONE',  ( 0.5529378364870414231, 0.9577164262227699787, 1.743749999999998135 ) ) ;
#4658 = CARTESIAN_POINT ( 'NONE',  ( -1.017788105676658894, -0.5876202367904134194, 1.916666666666648089 ) ) ;
#4659 = CARTESIAN_POINT ( 'NONE',  ( -0.8294067547305613575, -0.4788582131113797713, -1.218750000000001554 ) ) ;
#4660 = CARTESIAN_POINT ( 'NONE',  ( -1.357050807568873863, -2.991388944476002371E-15, -1.562500000000010436 ) ) ;
#4661 = CARTESIAN_POINT ( 'NONE',  ( -1.560637177523342561E-16, -1.274356964481444532, -0.4828125000000031974 ) ) ;
#4662 = CARTESIAN_POINT ( 'NONE',  ( 0.8816504037844374864, 1.527063293868256677, 4.505208333333309056 ) ) ;
#4663 = CARTESIAN_POINT ( 'NONE',  ( 0.000000000000000000, 0.9577164262227703118, 2.231249999999997957 ) ) ;
#4664 = CARTESIAN_POINT ( 'NONE',  ( 0.000000000000000000, 1.499999999999996669, -1.937500000000012212 ) ) ;
#4665 = CARTESIAN_POINT ( 'NONE',  ( 3.000000000000000000, 4.490128060534575916, 4.490128060534575916 ) ) ;
#4666 = CARTESIAN_POINT ( 'NONE',  ( 0.7357503364870390250, 1.274356964481451193, -0.7734375000000011102 ) ) ;
#4667 = DATE_TIME_ROLE ( 'classification_date' ) ;
#4668 = CARTESIAN_POINT ( 'NONE',  ( 0.8294067547305610244, -0.4788582131113803264, -2.025000000000002576 ) ) ;
#4669 = CARTESIAN_POINT ( 'NONE',  ( -1.763300807568873196, -2.966513306368321794E-15, -4.328125000000005329 ) ) ;
#4670 = EDGE_LOOP ( 'NONE', ( #7027, #1585, #4205, #5660 ) ) ;
#4671 = CARTESIAN_POINT ( 'NONE',  ( 0.7216878364870333851, 1.250000000000003553, 2.812499999999991562 ) ) ;
#4672 = CARTESIAN_POINT ( 'NONE',  ( -1.357050807568874085, 8.229009532486731028E-15, 0.9374999999999842348 ) ) ;
#4673 = CARTESIAN_POINT ( 'NONE',  ( -0.6532858083572365970, 1.069869970454639274, 4.750365485272426191 ) ) ;
#4674 = CARTESIAN_POINT ( 'NONE',  ( 1.299038105676658450, 0.7499999999999957812, -4.083333333333336590 ) ) ;
#4675 = CARTESIAN_POINT ( 'NONE',  ( -1.322475605676655119, -0.7635316469341328904, 1.182291666666650976 ) ) ;
#4676 = CARTESIAN_POINT ( 'NONE',  ( 1.017788105676656008, 0.5876202367904124202, 0.6666666666666513086 ) ) ;
#4677 = EDGE_LOOP ( 'NONE', ( #5112, #3251, #1489, #5890 ) ) ;
#4678 = CARTESIAN_POINT ( 'NONE',  ( -2.799999999999998490, 0.000000000000000000, -8.000000000000003553 ) ) ;
#4679 = ORIENTED_EDGE ( 'NONE', *, *, #2547, .T. ) ;
#4680 = CARTESIAN_POINT ( 'NONE',  ( 0.3023640876876703132, 1.014565801533030553, 2.999999999999980460 ) ) ;
#4681 = LOCAL_TIME ( 13, 37, 30.00000000000000000, #391 ) ;
#4682 = CARTESIAN_POINT ( 'NONE',  ( -3.000000000000000000, -0.5656854249492370146, -0.5656854249492370146 ) ) ;
#4683 = CARTESIAN_POINT ( 'NONE',  ( 1.732050807568876971, -3.392656912481952001E-15, 4.437499999999974243 ) ) ;
#4684 = EDGE_CURVE ( 'NONE', #7157, #3852, #48, .T. ) ;
#4685 = CARTESIAN_POINT ( 'NONE',  ( -1.105875672974081736, 3.387453275495324237E-15, 2.737499999999996714 ) ) ;
#4686 = MECHANICAL_CONTEXT ( 'NONE', #3137, 'mechanical' ) ;
#4687 = CARTESIAN_POINT ( 'NONE',  ( -0.8294067547305612464, 0.4788582131113871543, -0.9000000000000023537 ) ) ;
#4688 = CARTESIAN_POINT ( 'NONE',  ( -0.6785254037844368202, 1.175240473580829503, 5.854166666666639429 ) ) ;
#4689 = CARTESIAN_POINT ( 'NONE',  ( 0.7216878364870332740, 1.250000000000003553, -0.7312499999999967359 ) ) ;
#4690 = CARTESIAN_POINT ( 'NONE',  ( 0.8294067547305610244, -0.4788582131113804929, 1.181249999999998357 ) ) ;
#4691 = CARTESIAN_POINT ( 'NONE',  ( -2.799999999999997602, 6.279839152450467310, -7.128367289874323554 ) ) ;
#4692 = CARTESIAN_POINT ( 'NONE',  ( 1.105875672974081736, 3.282108869019865772E-15, -0.5812500000000014877 ) ) ;
#4693 = CARTESIAN_POINT ( 'NONE',  ( -1.017788105676655563, 0.5876202367904134194, -2.604166666666675400 ) ) ;
#4694 = CARTESIAN_POINT ( 'NONE',  ( -0.7357503364870385809, -1.274356964481444088, -1.420312500000003419 ) ) ;
#4695 = ORIENTED_EDGE ( 'NONE', *, *, #1279, .T. ) ;
#4696 = CARTESIAN_POINT ( 'NONE',  ( -1.322475605676654897, -0.7635316469341327794, 5.713541666666639429 ) ) ;
#4697 = LINE ( 'NONE', #1209, #475 ) ;
#4698 = CARTESIAN_POINT ( 'NONE',  ( -0.8994798301350838132, 0.6746764499392456926, 3.449999999999995737 ) ) ;
#4699 = CARTESIAN_POINT ( 'NONE',  ( -1.732050807568876971, -2.968426816991988742E-15, -1.312500000000013323 ) ) ;
#4700 = CARTESIAN_POINT ( 'NONE',  ( 1.349999999999999645, 5.409366876077091213, -2.722361107568207927 ) ) ;
#4701 = CARTESIAN_POINT ( 'NONE',  ( 1.103625504730557871, 0.6371784822407267068, -2.160937500000001066 ) ) ;
#4702 = DATE_AND_TIME ( #6908, #5800 ) ;
#4703 = CARTESIAN_POINT ( 'NONE',  ( 0.8294067547305610244, -0.4788582131113803819, -1.125000000000002220 ) ) ;
#4704 = CARTESIAN_POINT ( 'NONE',  ( 1.763300807568873196, -3.398397444352954028E-15, -0.5781250000000134337 ) ) ;
#4705 = CLOSED_SHELL ( 'NONE', ( #6884, #2702, #194, #3947, #5533, #4722, #425, #2640, #1978, #2241, #6895, #1501, #1186, #1397, #3805, #5121, #2109, #7108, #6616, #2247, #4060, #1710, #3680 ) ) ;
#4706 = CARTESIAN_POINT ( 'NONE',  ( 1.443375672974064994, 3.121923065567315921E-15, 1.387499999999993072 ) ) ;
#4707 = CARTESIAN_POINT ( 'NONE',  ( 4.029912555757721780E-15, 1.175240473580829725, 1.812499999999982458 ) ) ;
#4708 = LINE ( 'NONE', #1907, #404 ) ;
#4709 = CARTESIAN_POINT ( 'NONE',  ( 1.732050807568876971, -3.392656912481952001E-15, -2.125000000000006661 ) ) ;
#4710 = CARTESIAN_POINT ( 'NONE',  ( 0.000000000000000000, 1.527063293868257343, 3.515624999999978684 ) ) ;
#4711 = CARTESIAN_POINT ( 'NONE',  ( 1.017788105676655341, -0.5876202367904199697, 1.583333333333315940 ) ) ;
#4712 = ORIENTED_EDGE ( 'NONE', *, *, #2958, .F. ) ;
#4713 = CARTESIAN_POINT ( 'NONE',  ( 0.4615831003105478336, 0.9561914256627837005, -2.860996522835629552 ) ) ;
#4714 = ORIENTED_EDGE ( 'NONE', *, *, #2456, .F. ) ;
#4715 = CARTESIAN_POINT ( 'NONE',  ( -0.7496091707175551733, 0.9103652431590555372, 2.999999999999999556 ) ) ;
#4716 = DIRECTION ( 'NONE',  ( -0.000000000000000000, 3.538566068381623796E-16, 1.000000000000000000 ) ) ;
#4717 = CARTESIAN_POINT ( 'NONE',  ( 0.8660254037844393737, 1.499999999999996447, 3.958333333333313497 ) ) ;
#4718 = CARTESIAN_POINT ( 'NONE',  ( -1.870113174931179184E-16, -1.527063293868263338, -3.234375000000006217 ) ) ;
#4719 = CALENDAR_DATE ( 2025, 8, 10 ) ;
#4720 = CARTESIAN_POINT ( 'NONE',  ( 1.105875672974081736, 3.217585287229822583E-15, 0.7124999999999979128 ) ) ;
#4721 = CARTESIAN_POINT ( 'NONE',  ( 1.017788105676656008, 0.5876202367904124202, 4.729166666666642094 ) ) ;
#4722 = ADVANCED_FACE ( 'NONE', ( #13 ), #2111, .F. ) ;
#4723 = ADVANCED_FACE ( 'NONE', ( #1184, #1704 ), #4649, .F. ) ;
#4724 = CARTESIAN_POINT ( 'NONE',  ( 1.082531754730548856, 0.6250000000000028866, -0.3187499999999970912 ) ) ;
#4725 = CARTESIAN_POINT ( 'NONE',  ( -0.8294067547305613575, -0.4788582131113798823, 1.481249999999998179 ) ) ;
#4726 = CARTESIAN_POINT ( 'NONE',  ( 1.017788105676650012, -0.5876202367904289625, 4.083333333333309945 ) ) ;
#4727 = CARTESIAN_POINT ( 'NONE',  ( 1.105875672974081736, 3.259665884049415435E-15, -0.1312500000000015876 ) ) ;
#4728 = CARTESIAN_POINT ( 'NONE',  ( 0.6785254037844365982, -1.175240473580835721, -1.395833333333344362 ) ) ;
#4729 = CARTESIAN_POINT ( 'NONE',  ( -1.103625504730557427, 0.6371784822407275950, -0.6328125000000031086 ) ) ;
#4730 = VERTEX_POINT ( 'NONE', #5051 ) ;
#4731 = CARTESIAN_POINT ( 'NONE',  ( 7.041719095097280880E-16, 1.581296885077711378, -8.000000000000003553 ) ) ;
#4732 = FACE_OUTER_BOUND ( 'NONE', #7029, .T. ) ;
#4733 = DIRECTION ( 'NONE',  ( -0.000000000000000000, 5.195471269110015593E-17, 1.000000000000000000 ) ) ;
#4734 = CARTESIAN_POINT ( 'NONE',  ( 1.299038105676657562, -0.7500000000000035527, -1.104166666666680507 ) ) ;
#4735 = CARTESIAN_POINT ( 'NONE',  ( -0.6785254037844417052, -1.175240473580832834, -3.041666666666674068 ) ) ;
#4736 = CARTESIAN_POINT ( 'NONE',  ( 1.471500672974076718, 3.205827183484884148E-15, -0.3984375000000007772 ) ) ;
#4737 = APPROVAL_ROLE ( '' ) ;
#4738 = VECTOR ( 'NONE', #1576, 1000.000000000000000 ) ;
#4739 = CARTESIAN_POINT ( 'NONE',  ( 0.000000000000000000, 0.9577164262227704228, -0.9750000000000023093 ) ) ;
#4740 = CARTESIAN_POINT ( 'NONE',  ( -0.8816504037844370423, -1.527063293868262894, -0.2447916666666813401 ) ) ;
#4741 = CARTESIAN_POINT ( 'NONE',  ( -0.7216878364870322748, 1.250000000000003775, 2.887499999999993516 ) ) ;
#4742 = CARTESIAN_POINT ( 'NONE',  ( -1.017788105676658894, -0.5876202367904134194, 1.979166666666648089 ) ) ;
#4743 = CC_DESIGN_DATE_AND_TIME_ASSIGNMENT ( #3730, #4775, ( #6564 ) ) ;
#4744 = DIRECTION ( 'NONE',  ( 0.000000000000000000, 0.000000000000000000, -1.000000000000000000 ) ) ;
#4745 = CARTESIAN_POINT ( 'NONE',  ( -0.8660254037844383745, 1.499999999999996669, -4.458333333333334814 ) ) ;
#4746 = CARTESIAN_POINT ( 'NONE',  ( -1.763300807568873418, -2.966513306368321794E-15, 5.640624999999973355 ) ) ;
#4747 = CARTESIAN_POINT ( 'NONE',  ( 0.000000000000000000, 1.175240473580829725, 3.249999999999978684 ) ) ;
#4748 = AXIS2_PLACEMENT_3D ( 'NONE', #1104, #1622, #1587 ) ;
#4749 = ORIENTED_EDGE ( 'NONE', *, *, #4223, .T. ) ;
#4750 = DIRECTION ( 'NONE',  ( 0.000000000000000000, 0.000000000000000000, -1.000000000000000000 ) ) ;
#4751 = ORIENTED_EDGE ( 'NONE', *, *, #6944, .T. ) ;
#4752 = DIRECTION ( 'NONE',  ( 0.000000000000000000, -7.993605777301125513E-15, -1.000000000000000000 ) ) ;
#4753 = CIRCLE ( 'NONE', #6637, 1.349999999999999423 ) ;
#4754 = CIRCLE ( 'NONE', #7237, 9.300000000000000711 ) ;
#4755 = CARTESIAN_POINT ( 'NONE',  ( -0.1553657924228371012, -0.9450302765529396964, -2.954783573777252315 ) ) ;
#4756 = CARTESIAN_POINT ( 'NONE',  ( -1.299038105676658006, 0.7499999999999971134, 4.583333333333312609 ) ) ;
#4757 = CARTESIAN_POINT ( 'NONE',  ( -1.763300807568873418, -2.966513306368321794E-15, -4.359375000000003553 ) ) ;
#4758 = CARTESIAN_POINT ( 'NONE',  ( 0.8294067547305616905, 0.4788582131113862661, 0.2999999999999973244 ) ) ;
#4759 = CARTESIAN_POINT ( 'NONE',  ( -1.017788105676655563, 0.5876202367904134194, -5.166666666666670515 ) ) ;
#4760 = AXIS2_PLACEMENT_3D ( 'NONE', #7196, #3831, #2182 ) ;
#4761 = CARTESIAN_POINT ( 'NONE',  ( -1.082531754730548856, -0.6249999999999965583, -0.09374999999999718281 ) ) ;
#4762 = CARTESIAN_POINT ( 'NONE',  ( -0.8294067547305613575, -0.4788582131113797713, -1.275000000000002354 ) ) ;
#4763 = CARTESIAN_POINT ( 'NONE',  ( -1.017788105676659116, -0.5876202367904128643, 2.916666666666645646 ) ) ;
#4764 = CARTESIAN_POINT ( 'NONE',  ( 0.5529378364870405349, -0.9577164262227637614, 1.143749999999998046 ) ) ;
#4765 = CARTESIAN_POINT ( 'NONE',  ( -0.6785254037844372643, -1.175240473580835721, -2.979166666666674512 ) ) ;
#4766 = EDGE_CURVE ( 'NONE', #265, #5335, #1624, .T. ) ;
#4767 = CARTESIAN_POINT ( 'NONE',  ( 1.103625504730557205, -0.6371784822407211557, 0.9421874999999968470 ) ) ;
#4768 = VERTEX_POINT ( 'NONE', #4918 ) ;
#4769 = CARTESIAN_POINT ( 'NONE',  ( -0.8816504037844370423, -1.527063293868262894, 5.255208333333307280 ) ) ;
#4770 = ORIENTED_EDGE ( 'NONE', *, *, #5710, .T. ) ;
#4771 = CARTESIAN_POINT ( 'NONE',  ( -2.866169322782434303, -1.873119963137428901, 0.9310142720216098011 ) ) ;
#4772 = CARTESIAN_POINT ( 'NONE',  ( 0.8660254037844393737, 1.499999999999996669, -0.4791666666666826169 ) ) ;
#4773 = CARTESIAN_POINT ( 'NONE',  ( -2.933349480478299576, -5.084323085060614034, 7.866650519521697582 ) ) ;
#4774 = CARTESIAN_POINT ( 'NONE',  ( -1.103625504730557649, -0.6371784822407201565, -0.1359375000000010714 ) ) ;
#4775 = DATE_TIME_ROLE ( 'classification_date' ) ;
#4776 = CARTESIAN_POINT ( 'NONE',  ( 0.5529378364870405349, -0.9577164262227636504, -0.7125000000000022427 ) ) ;
#4777 = CARTESIAN_POINT ( 'NONE',  ( 0.8816504037844360431, -1.527063293868263560, -1.161458333333345916 ) ) ;
#4778 = DIRECTION ( 'NONE',  ( 1.000000000000000000, 0.000000000000000000, -0.000000000000000000 ) ) ;
#4779 = FACE_OUTER_BOUND ( 'NONE', #2897, .T. ) ;
#4780 = CARTESIAN_POINT ( 'NONE',  ( -3.000000000000000000, 7.800000000000005151, 0.000000000000000000 ) ) ;
#4781 = DIRECTION ( 'NONE',  ( -0.000000000000000000, -0.000000000000000000, 1.000000000000000000 ) ) ;
#4782 = CARTESIAN_POINT ( 'NONE',  ( 0.000000000000000000, 1.527063293868257343, 4.015624999999977796 ) ) ;
#4783 = CARTESIAN_POINT ( 'NONE',  ( 1.357050807568873863, -3.323770530029912691E-15, 4.124999999999976907 ) ) ;
#4784 = ORIENTED_EDGE ( 'NONE', *, *, #5857, .T. ) ;
#4785 = CARTESIAN_POINT ( 'NONE',  ( -0.9999999999999991118, 0.2034012310318550620, 6.495312263244133355 ) ) ;
#4786 = EDGE_CURVE ( 'NONE', #5564, #5564, #3581, .T. ) ;
#4787 = APPLICATION_CONTEXT ( 'configuration controlled 3d designs of mechanical parts and assemblies' ) ;
#4788 = ORIENTED_EDGE ( 'NONE', *, *, #3471, .T. ) ;
#4789 = CARTESIAN_POINT ( 'NONE',  ( -2.799999999999998490, 8.000000000000003553, 5.123475382979792769 ) ) ;
#4790 = DIRECTION ( 'NONE',  ( 0.000000000000000000, 0.000000000000000000, -1.000000000000000000 ) ) ;
#4791 = CARTESIAN_POINT ( 'NONE',  ( 1.299038105676658450, 0.7499999999999957812, 4.916666666666643870 ) ) ;
#4792 = CARTESIAN_POINT ( 'NONE',  ( -1.870113174931179184E-16, -1.527063293868263338, -2.234375000000008438 ) ) ;
#4793 = ORIENTED_EDGE ( 'NONE', *, *, #5612, .T. ) ;
#4794 = CARTESIAN_POINT ( 'NONE',  ( -0.5529378364870407569, 0.9577164262227703118, 0.4124999999999974798 ) ) ;
#4795 = CARTESIAN_POINT ( 'NONE',  ( -1.357050807568873863, -2.991388944476002371E-15, 6.937499999999971578 ) ) ;
#4796 = CARTESIAN_POINT ( 'NONE',  ( 0.7216878364870332740, 1.250000000000003553, -0.2812499999999969469 ) ) ;
#4797 = CARTESIAN_POINT ( 'NONE',  ( -0.8294067547305612464, 0.4788582131113872098, -2.700000000000002398 ) ) ;
#4798 = CARTESIAN_POINT ( 'NONE',  ( -0.6785254037844582475, -1.175240473580823064, 3.958333333333310389 ) ) ;
#4799 = CARTESIAN_POINT ( 'NONE',  ( -0.8294067547305612464, 0.4788582131113870433, 0.9562499999999979350 ) ) ;
#4800 = CARTESIAN_POINT ( 'NONE',  ( 1.017788105676655341, -0.5876202367904199697, 0.1458333333333189930 ) ) ;
#4801 = CARTESIAN_POINT ( 'NONE',  ( 0.7357503364870378038, -1.274356964481444976, 1.354687499999996492 ) ) ;
#4802 = ORIENTED_EDGE ( 'NONE', *, *, #1259, .T. ) ;
#4803 = CARTESIAN_POINT ( 'NONE',  ( -0.1345470299149700566, 1.116310608058314280, 4.499999999999996447 ) ) ;
#4804 = PLANE ( 'NONE',  #2626 ) ;
#4805 = CARTESIAN_POINT ( 'NONE',  ( -1.299038105676658006, -0.7500000000000026645, -0.7708333333333482473 ) ) ;
#4806 = CARTESIAN_POINT ( 'NONE',  ( 0.6785254037844417052, 1.175240473580826839, -2.791666666666674956 ) ) ;
#4807 = CARTESIAN_POINT ( 'NONE',  ( 1.103625504730557205, -0.6371784822407211557, 0.9140624999999991118 ) ) ;
#4808 = CARTESIAN_POINT ( 'NONE',  ( 0.5529378364870414231, 0.9577164262227699787, 1.687499999999997335 ) ) ;
#4809 = CARTESIAN_POINT ( 'NONE',  ( 1.322475605676654453, -0.7635316469341337786, -1.119791666666678731 ) ) ;
#4810 = ADVANCED_FACE ( 'NONE', ( #6610, #3971 ), #3797, .F. ) ;
#4811 = CARTESIAN_POINT ( 'NONE',  ( -1.105875672974081736, 3.676406706989866843E-15, -3.056250000000001243 ) ) ;
#4812 = CARTESIAN_POINT ( 'NONE',  ( -8.636981807388079027E-15, -1.175240473580835721, 2.562499999999980460 ) ) ;
#4813 = CARTESIAN_POINT ( 'NONE',  ( -3.000000000000000000, 0.000000000000000000, 0.000000000000000000 ) ) ;
#4814 = CARTESIAN_POINT ( 'NONE',  ( -3.000000000000000000, 0.000000000000000000, 0.000000000000000000 ) ) ;
#4815 =( BOUNDED_CURVE ( )  B_SPLINE_CURVE ( 3, ( #450, #2680, #2102, #5246, #6971, #212, #4731 ),
 .UNSPECIFIED., .T., .F. ) 
 B_SPLINE_CURVE_WITH_KNOTS ( ( 4, 3, 4 ),
 ( 0.000000000000000000, 3.141592653589793116, 6.283185307179586232 ),
 .UNSPECIFIED. ) 
 CURVE ( )  GEOMETRIC_REPRESENTATION_ITEM ( )  RATIONAL_B_SPLINE_CURVE ( ( 1.000000000000000000, 0.3333333333333333703, 0.3333333333333333703, 1.000000000000000000, 0.3333333333333333703, 0.3333333333333333703, 1.000000000000000000 ) ) 
 REPRESENTATION_ITEM ( '' )  );
#4816 = CARTESIAN_POINT ( 'NONE',  ( -1.322475605676655119, 0.7635316469341273393, 5.098958333333309945 ) ) ;
#4817 = CARTESIAN_POINT ( 'NONE',  ( 1.017788105676655341, -0.5876202367904199697, 4.083333333333309945 ) ) ;
#4818 = EDGE_LOOP ( 'NONE', ( #2708, #5532, #3371, #5229 ) ) ;
#4819 = LINE ( 'NONE', #6441, #739 ) ;
#4820 = ORIENTED_EDGE ( 'NONE', *, *, #4855, .T. ) ;
#4821 = CARTESIAN_POINT ( 'NONE',  ( 0.000000000000000000, 1.499999999999996669, 4.999999999999976907 ) ) ;
#4822 = CONICAL_SURFACE ( 'NONE', #6937, 9.500000000000000000, 0.7853981633974418397 ) ;
#4823 = CARTESIAN_POINT ( 'NONE',  ( 1.250000000000010880, 2.872028296898914181E-14, -2.662499999999998757 ) ) ;
#4824 = B_SPLINE_CURVE_WITH_KNOTS ( 'NONE', 3,
 ( #6086, #6012, #6638, #4910 ),
 .UNSPECIFIED., .F., .F.,
 ( 4, 4 ),
 ( 0.000000000000000000, 0.0003165475275202174260 ),
 .UNSPECIFIED. ) ;
#4825 = CARTESIAN_POINT ( 'NONE',  ( -1.299038105676658006, -0.7500000000000026645, 0.6666666666666540841 ) ) ;
#4826 = CARTESIAN_POINT ( 'NONE',  ( -1.870113174931179184E-16, -1.527063293868263338, -4.234375000000004441 ) ) ;
#4827 = EDGE_CURVE ( 'NONE', #6844, #3748, #6232, .T. ) ;
#4828 = ORIENTED_EDGE ( 'NONE', *, *, #128, .T. ) ;
#4829 = CARTESIAN_POINT ( 'NONE',  ( -1.105875672974081736, 3.454782230406674457E-15, 1.387499999999997291 ) ) ;
#4830 = CARTESIAN_POINT ( 'NONE',  ( 0.6785254037844377084, 1.175240473580829059, 6.770833333333304616 ) ) ;
#4831 = DIRECTION ( 'NONE',  ( 0.000000000000000000, 0.7071067811865474617, -0.7071067811865474617 ) ) ;
#4832 = CARTESIAN_POINT ( 'NONE',  ( 0.8294067547305616905, 0.4788582131113863771, -2.400000000000002576 ) ) ;
#4833 = CC_DESIGN_PERSON_AND_ORGANIZATION_ASSIGNMENT ( #2818, #5584, ( #316 ) ) ;
#4834 = CARTESIAN_POINT ( 'NONE',  ( 1.017788105676645793, -0.5876202367904362900, 4.583333333333309056 ) ) ;
#4835 = CARTESIAN_POINT ( 'NONE',  ( -0.8294067547305612464, 0.4788582131113870433, 1.406249999999997780 ) ) ;
#4836 = CARTESIAN_POINT ( 'NONE',  ( 0.6785254037844365982, -1.175240473580835721, 1.104166666666649865 ) ) ;
#4837 = CARTESIAN_POINT ( 'NONE',  ( 0.7357503364870378038, -1.274356964481444976, 0.004687499999996882528 ) ) ;
#4838 = ORIENTED_EDGE ( 'NONE', *, *, #110, .T. ) ;
#4839 = CARTESIAN_POINT ( 'NONE',  ( -4.427023544948881925E-30, 8.342690683855955812E-16, 3.855167112299463295 ) ) ;
#4840 = DIRECTION ( 'NONE',  ( -3.064488108188088727E-16, 1.769283034190776153E-16, 1.000000000000000000 ) ) ;
#4841 = CARTESIAN_POINT ( 'NONE',  ( 1.299038105676658450, 0.7499999999999958922, 1.479166666666646757 ) ) ;
#4842 = CARTESIAN_POINT ( 'NONE',  ( 0.6785254037844417052, 1.175240473580826839, -3.291666666666673624 ) ) ;
#4843 = CARTESIAN_POINT ( 'NONE',  ( 0.000000000000000000, 1.274356964481451415, 0.1640624999999988343 ) ) ;
#4844 = PERSON_AND_ORGANIZATION ( #3980, #4920 ) ;
#4845 = CARTESIAN_POINT ( 'NONE',  ( -0.5529378364870407569, 0.9577164262227703118, 1.762499999999997735 ) ) ;
#4846 = CARTESIAN_POINT ( 'NONE',  ( 0.8816504037844374864, 1.527063293868256677, -0.9947916666666793972 ) ) ;
#4847 = LINE ( 'NONE', #981, #55 ) ;
#4848 = CARTESIAN_POINT ( 'NONE',  ( 4.605614349437396546E-15, 1.175240473580829725, 2.812499999999980016 ) ) ;
#4849 = DIRECTION ( 'NONE',  ( 0.4999999999999980571, 0.8660254037844398178, -5.457635026140484590E-16 ) ) ;
#4850 = CARTESIAN_POINT ( 'NONE',  ( -0.02280240991269027670, 1.305522378156741548, -4.822366435610061508 ) ) ;
#4851 = PERSON_AND_ORGANIZATION ( #6017, #2973 ) ;
#4852 = CARTESIAN_POINT ( 'NONE',  ( 1.763300807568873418, -3.398397444352954817E-15, 5.890624999999973355 ) ) ;
#4853 = CARTESIAN_POINT ( 'NONE',  ( 0.6785254037844365982, -1.175240473580835721, 4.541666666666643870 ) ) ;
#4854 = EDGE_CURVE ( 'NONE', #2765, #2765, #4287, .T. ) ;
#4855 = EDGE_CURVE ( 'NONE', #2199, #4102, #5123, .T. ) ;
#4856 = B_SPLINE_CURVE_WITH_KNOTS ( 'NONE', 3,
 ( #5505, #3877, #6179, #2779 ),
 .UNSPECIFIED., .F., .F.,
 ( 4, 4 ),
 ( 0.000000000000000000, 0.0002889088506456976993 ),
 .UNSPECIFIED. ) ;
#4857 = EDGE_LOOP ( 'NONE', ( #2636, #1600, #5313, #5821 ) ) ;
#4858 = CARTESIAN_POINT ( 'NONE',  ( 3.000000000000000000, 0.000000000000000000, 7.999999999999996447 ) ) ;
#4859 = LOCAL_TIME ( 13, 37, 30.00000000000000000, #5618 ) ;
#4860 = AXIS2_PLACEMENT_3D ( 'NONE', #6369, #5708, #3524 ) ;
#4861 = ORIENTED_EDGE ( 'NONE', *, *, #4136, .T. ) ;
#4862 = CARTESIAN_POINT ( 'NONE',  ( 1.082531754730548634, -0.6249999999999973355, -1.800000000000007150 ) ) ;
#4863 = DIRECTION ( 'NONE',  ( 0.000000000000000000, 0.000000000000000000, -1.000000000000000000 ) ) ;
#4864 = LOCAL_TIME ( 13, 37, 30.00000000000000000, #179 ) ;
#4865 = CARTESIAN_POINT ( 'NONE',  ( 0.8660254037844393737, 1.499999999999996447, 0.9583333333333197146 ) ) ;
#4866 = CARTESIAN_POINT ( 'NONE',  ( 0.8816504037844361541, -1.527063293868264005, -3.692708333333338366 ) ) ;
#4867 = ADVANCED_FACE ( 'NONE', ( #5495, #2319, #460 ), #3762, .F. ) ;
#4868 = ORIENTED_EDGE ( 'NONE', *, *, #2520, .F. ) ;
#4869 = CARTESIAN_POINT ( 'NONE',  ( -0.8294067547305613575, -0.4788582131113799378, 1.874999999999997335 ) ) ;
#4870 = CARTESIAN_POINT ( 'NONE',  ( -1.017788105676655563, 0.5876202367904134194, 6.895833333333304616 ) ) ;
#4871 = AXIS2_PLACEMENT_3D ( 'NONE', #5516, #2170, #5011 ) ;
#4872 = AXIS2_PLACEMENT_3D ( 'NONE', #3736, #7094, #1540 ) ;
#4873 = FACE_OUTER_BOUND ( 'NONE', #7257, .T. ) ;
#4874 = CARTESIAN_POINT ( 'NONE',  ( -0.5529378364870412010, -0.9577164262227633174, -2.137500000000002398 ) ) ;
#4875 = VERTEX_POINT ( 'NONE', #1040 ) ;
#4876 = CARTESIAN_POINT ( 'NONE',  ( -1.105875672974081736, 3.451976857285367425E-15, 1.443749999999997868 ) ) ;
#4877 = CARTESIAN_POINT ( 'NONE',  ( 0.000000000000000000, 1.175240473580829725, 1.312499999999982903 ) ) ;
#4878 = CARTESIAN_POINT ( 'NONE',  ( -1.471500672974076718, 3.531173737288732661E-15, 0.3046874999999967804 ) ) ;
#4879 = ORIENTED_EDGE ( 'NONE', *, *, #6760, .T. ) ;
#4880 = AXIS2_PLACEMENT_3D ( 'NONE', #4482, #2783, #5037 ) ;
#4881 = ADVANCED_FACE ( 'NONE', ( #4324 ), #6813, .T. ) ;
#4882 = CARTESIAN_POINT ( 'NONE',  ( 1.250000000000010880, 2.872028296898914181E-14, -2.662499999999998757 ) ) ;
#4883 = DIRECTION ( 'NONE',  ( 0.000000000000000000, 0.000000000000000000, 1.000000000000000000 ) ) ;
#4884 = AXIS2_PLACEMENT_3D ( 'NONE', #1366, #4160, #1814 ) ;
#4885 = CARTESIAN_POINT ( 'NONE',  ( 0.8660254037844379305, -1.500000000000003331, -0.1458333333333495241 ) ) ;
#4886 = CARTESIAN_POINT ( 'NONE',  ( 0.6785254037844412611, 1.175240473580827061, -3.791666666666672736 ) ) ;
#4887 = CARTESIAN_POINT ( 'NONE',  ( 1.103625504730557871, 0.6371784822407264848, 1.439062499999998579 ) ) ;
#4888 = SECURITY_CLASSIFICATION_LEVEL ( 'unclassified' ) ;
#4889 = CARTESIAN_POINT ( 'NONE',  ( -0.8294067547305613575, -0.4788582131113798823, 1.424999999999997380 ) ) ;
#4890 = CARTESIAN_POINT ( 'NONE',  ( 0.8816504037844360431, -1.527063293868263560, 1.838541666666648089 ) ) ;
#4891 = CARTESIAN_POINT ( 'NONE',  ( 1.034026860050032193, -0.4416341581190585952, 3.449999999999996625 ) ) ;
#4892 = CARTESIAN_POINT ( 'NONE',  ( 0.6785254037844543618, 1.175240473580819733, 4.270833333333310833 ) ) ;
#4893 = CARTESIAN_POINT ( 'NONE',  ( -3.000000000000000000, 4.490128060534575916, 4.490128060534575916 ) ) ;
#4894 = CARTESIAN_POINT ( 'NONE',  ( 0.7354481726007259246, 1.051783277182541054, -4.854106253137387306 ) ) ;
#4895 = DATE_AND_TIME ( #4256, #43 ) ;
#4896 = CARTESIAN_POINT ( 'NONE',  ( 1.017788105676655341, -0.5876202367904199697, -4.354166666666671404 ) ) ;
#4897 = CARTESIAN_POINT ( 'NONE',  ( -1.357050807568873863, -2.991388944476002371E-15, 2.374999999999980460 ) ) ;
#4898 = ORIENTED_EDGE ( 'NONE', *, *, #1490, .F. ) ;
#4899 = PLANE ( 'NONE',  #4262 ) ;
#4900 = DESIGN_CONTEXT ( 'detailed design', #3506, 'design' ) ;
#4901 = ORIENTED_EDGE ( 'NONE', *, *, #6528, .F. ) ;
#4902 = CARTESIAN_POINT ( 'NONE',  ( -0.7216878364870328300, -1.249999999999996447, -1.912500000000006528 ) ) ;
#4903 = CARTESIAN_POINT ( 'NONE',  ( 1.181446144018880679E-16, -1.154700538379250796, 5.495000000000000107 ) ) ;
#4904 = CARTESIAN_POINT ( 'NONE',  ( 1.299038105676657562, -0.7500000000000035527, 2.333333333333316606 ) ) ;
#4905 = CARTESIAN_POINT ( 'NONE',  ( -1.763300807568873418, -2.966513306368321794E-15, 0.1406249999999862610 ) ) ;
#4906 = ORIENTED_EDGE ( 'NONE', *, *, #1969, .T. ) ;
#4907 = CARTESIAN_POINT ( 'NONE',  ( 1.017788105676656008, 0.5876202367904124202, -4.333333333333338366 ) ) ;
#4908 = DIRECTION ( 'NONE',  ( 0.000000000000000000, -1.000000000000000000, 0.000000000000000000 ) ) ;
#4909 = EDGE_CURVE ( 'NONE', #6561, #6633, #5579, .T. ) ;
#4910 = CARTESIAN_POINT ( 'NONE',  ( 3.000000000000000000, -2.033783684603541531, 0.9024128347050744958 ) ) ;
#4911 = CARTESIAN_POINT ( 'NONE',  ( 0.000000000000000000, 0.9577164262227704228, -1.425000000000002265 ) ) ;
#4912 = CARTESIAN_POINT ( 'NONE',  ( 0.000000000000000000, -1.499999999999997558, 6.649999999999999467 ) ) ;
#4913 = CARTESIAN_POINT ( 'NONE',  ( -0.8294067547305612464, 0.4788582131113869322, 3.206249999999998046 ) ) ;
#4914 = CARTESIAN_POINT ( 'NONE',  ( 0.6785254037844377084, 1.175240473580829059, 0.7708333333333179382 ) ) ;
#4915 = CARTESIAN_POINT ( 'NONE',  ( 1.103625504730557205, -0.6371784822407211557, 1.842187499999996536 ) ) ;
#4916 = ORIENTED_EDGE ( 'NONE', *, *, #6662, .T. ) ;
#4917 = DIRECTION ( 'NONE',  ( 1.000000000000000000, 6.982962677686266711E-15, -3.627978196518654236E-31 ) ) ;
#4918 = CARTESIAN_POINT ( 'NONE',  ( 1.162453265119515189, -0.1728946996164963390, 4.675240473580834610 ) ) ;
#4919 = CARTESIAN_POINT ( 'NONE',  ( -1.732050807568876971, -2.968426816991988742E-15, 2.687499999999977796 ) ) ;
#4920 = ORGANIZATION ( 'NAUO-ORG4', 'UNSPECIFIED', 'UNSPECIFIED' ) ;
#4921 = CARTESIAN_POINT ( 'NONE',  ( -0.6785254037844293817, 1.175240473580833722, -0.7083333333333463600 ) ) ;
#4922 = CARTESIAN_POINT ( 'NONE',  ( 1.103625504730557871, 0.6371784822407264848, 0.5390624999999987788 ) ) ;
#4923 = CARTESIAN_POINT ( 'NONE',  ( 0.8294067547305616905, 0.4788582131113862661, -0.1500000000000025757 ) ) ;
#4924 = CARTESIAN_POINT ( 'NONE',  ( 1.763300807568873196, -3.398397444352954028E-15, -0.07812500000001480760 ) ) ;
#4925 = CARTESIAN_POINT ( 'NONE',  ( -0.5529378364870407569, 0.9577164262227704228, 0.01874999999999836867 ) ) ;
#4926 = FACE_BOUND ( 'NONE', #7122, .T. ) ;
#4927 = CARTESIAN_POINT ( 'NONE',  ( -1.357050807568874085, 2.019810656511851628E-14, 4.437499999999976019 ) ) ;
#4928 = CARTESIAN_POINT ( 'NONE',  ( 0.8994798301350792613, -0.6746764499392496894, 3.449999999999996181 ) ) ;
#4929 = DIRECTION ( 'NONE',  ( -1.000000000000000000, -0.000000000000000000, -0.000000000000000000 ) ) ;
#4930 = APPROVAL_STATUS ( 'not_yet_approved' ) ;
#4931 = CARTESIAN_POINT ( 'NONE',  ( 1.017788105676656008, 0.5876202367904124202, -4.270833333333338366 ) ) ;
#4932 = CARTESIAN_POINT ( 'NONE',  ( 1.017788105676655341, -0.5876202367904199697, 5.083333333333308168 ) ) ;
#4933 = EDGE_LOOP ( 'NONE', ( #3815, #5984, #5973, #2979 ) ) ;
#4934 = DIRECTION ( 'NONE',  ( -1.000000000000000000, 0.000000000000000000, 0.000000000000000000 ) ) ;
#4935 = ORIENTED_EDGE ( 'NONE', *, *, #3029, .F. ) ;
#4936 = CARTESIAN_POINT ( 'NONE',  ( 2.800000000000001155, 8.000000000000003553, -5.123475382979792769 ) ) ;
#4937 = CARTESIAN_POINT ( 'NONE',  ( 1.299038105676658450, 0.7499999999999957812, 2.416666666666649643 ) ) ;
#4938 = CARTESIAN_POINT ( 'NONE',  ( 1.763300807568873418, -3.398397444352954817E-15, -0.1093750000000131006 ) ) ;
#4939 = EDGE_LOOP ( 'NONE', ( #373, #4712, #84, #5623 ) ) ;
#4940 = CARTESIAN_POINT ( 'NONE',  ( 0.000000000000000000, 1.175240473580829725, -1.750000000000010214 ) ) ;
#4941 = CARTESIAN_POINT ( 'NONE',  ( 1.763300807568873196, -3.398397444352954028E-15, 5.421874999999973355 ) ) ;
#4942 = SECURITY_CLASSIFICATION ( '', '', #6357 ) ;
#4943 = CARTESIAN_POINT ( 'NONE',  ( 1.082531754730548634, -0.6249999999999973355, -1.743749999999997025 ) ) ;
#4944 = CARTESIAN_POINT ( 'NONE',  ( -0.5529378364870412010, -0.9577164262227633174, -0.3375000000000022982 ) ) ;
#4945 = CARTESIAN_POINT ( 'NONE',  ( 1.105875672974081736, 3.102564989256265448E-15, 3.018749999999998046 ) ) ;
#4946 = CARTESIAN_POINT ( 'NONE',  ( -1.017788105676655563, -0.5876202367904191926, 1.979166666666648089 ) ) ;
#4947 = AXIS2_PLACEMENT_3D ( 'NONE', #2062, #7065, #2096 ) ;
#4948 = LINE ( 'NONE', #3250, #5935 ) ;
#4949 = VERTEX_POINT ( 'NONE', #3021 ) ;
#4950 = ADVANCED_FACE ( 'NONE', ( #6923 ), #4650, .F. ) ;
#4951 = DIRECTION ( 'NONE',  ( 0.000000000000000000, 0.000000000000000000, -1.000000000000000000 ) ) ;
#4952 = CARTESIAN_POINT ( 'NONE',  ( 0.000000000000000000, 1.499999999999996669, 2.562499999999977351 ) ) ;
#4953 = CARTESIAN_POINT ( 'NONE',  ( 0.5529378364870414231, 0.9577164262227702007, -0.5062500000000015321 ) ) ;
#4954 = CARTESIAN_POINT ( 'NONE',  ( -1.017788105676657784, -0.5876202367904155288, -2.583333333333341919 ) ) ;
#4955 = CARTESIAN_POINT ( 'NONE',  ( -1.560637177523342561E-16, -1.274356964481444532, 2.639062499999999201 ) ) ;
#4956 = CARTESIAN_POINT ( 'NONE',  ( 0.5529378364870405349, -0.9577164262227636504, -0.2625000000000022871 ) ) ;
#4957 = CARTESIAN_POINT ( 'NONE',  ( 0.8816504037844360431, -1.527063293868263560, 2.338541666666646535 ) ) ;
#4958 = CARTESIAN_POINT ( 'NONE',  ( -0.8294067547305613575, -0.4788582131113797713, -1.218750000000001554 ) ) ;
#4959 = CARTESIAN_POINT ( 'NONE',  ( -0.5529378364870407569, 0.9577164262227704228, -1.781250000000001776 ) ) ;
#4960 = FACE_OUTER_BOUND ( 'NONE', #6494, .T. ) ;
#4961 = LINE ( 'NONE', #2159, #6866 ) ;
#4962 = CARTESIAN_POINT ( 'NONE',  ( -0.7775034527000684870, -1.215449657987272447, -4.693430178168749300 ) ) ;
#4963 = PERSON_AND_ORGANIZATION_ROLE ( 'creator' ) ;
#4964 = CARTESIAN_POINT ( 'NONE',  ( 1.322475605676655785, 0.7635316469341261181, 6.432291666666640317 ) ) ;
#4965 = CARTESIAN_POINT ( 'NONE',  ( 1.357050807568873863, -3.323770530029912691E-15, 7.124999999999969802 ) ) ;
#4966 = ORIENTED_EDGE ( 'NONE', *, *, #6662, .F. ) ;
#4967 = DIRECTION ( 'NONE',  ( 0.000000000000000000, 0.000000000000000000, 1.000000000000000000 ) ) ;
#4969 = ORIENTED_EDGE ( 'NONE', *, *, #3946, .F. ) ;
#4968 = PRODUCT_RELATED_PRODUCT_CATEGORY ( 'detail', '', ( #495 ) ) ;
#4970 = CARTESIAN_POINT ( 'NONE',  ( -0.7216878364870328300, -1.249999999999996891, -0.5625000000000068834 ) ) ;
#4971 = ORIENTED_EDGE ( 'NONE', *, *, #4634, .T. ) ;
#4972 = CARTESIAN_POINT ( 'NONE',  ( -1.357050807568874085, 7.231864775824999279E-15, -0.5625000000000126565 ) ) ;
#4973 = CARTESIAN_POINT ( 'NONE',  ( 0.2195076703310600008, 1.207597180182429675, 4.714258623469293141 ) ) ;
#4974 = CARTESIAN_POINT ( 'NONE',  ( -0.8660254037844383745, 1.499999999999996669, 2.541666666666649199 ) ) ;
#4975 = CARTESIAN_POINT ( 'NONE',  ( -1.763300807568873418, -2.966513306368321794E-15, 0.6406249999999850120 ) ) ;
#4976 = AXIS2_PLACEMENT_3D ( 'NONE', #2629, #7135, #4849 ) ;
#4977 = CARTESIAN_POINT ( 'NONE',  ( 1.357050807568873863, -3.323770530029912691E-15, -0.8750000000000121014 ) ) ;
#4978 = AXIS2_PLACEMENT_3D ( 'NONE', #1396, #876, #4750 ) ;
#4979 = PLANE ( 'NONE',  #4623 ) ;
#4980 = APPROVAL_PERSON_ORGANIZATION ( #3737, #6679, #6926 ) ;
#4981 = CARTESIAN_POINT ( 'NONE',  ( -1.443375672974064994, 3.640965159299353229E-15, -1.931249999999996803 ) ) ;
#4982 = CARTESIAN_POINT ( 'NONE',  ( -0.8294067547305612464, 0.4788582131113870433, 1.349999999999996980 ) ) ;
#4983 = CARTESIAN_POINT ( 'NONE',  ( 0.000000000000000000, -2.349999999999990763, 3.225000000000000533 ) ) ;
#4984 = CARTESIAN_POINT ( 'NONE',  ( -2.933349480478300020, -5.084323085060604264, -7.866650519521704688 ) ) ;
#4985 = CARTESIAN_POINT ( 'NONE',  ( -0.6785254037844368202, 1.175240473580829503, 1.354166666666649421 ) ) ;
#4986 = LINE ( 'NONE', #6202, #4048 ) ;
#4987 = ORIENTED_EDGE ( 'NONE', *, *, #2261, .T. ) ;
#4988 = AXIS2_PLACEMENT_3D ( 'NONE', #5894, #2531, #4790 ) ;
#4989 = CARTESIAN_POINT ( 'NONE',  ( 3.000000000000000000, 0.000000000000000000, 0.000000000000000000 ) ) ;
#4990 = VECTOR ( 'NONE', #2407, 1000.000000000000114 ) ;
#4991 = CARTESIAN_POINT ( 'NONE',  ( -1.836970198721029688E-16, -1.500000000000002887, 3.312499999999976907 ) ) ;
#4992 = CARTESIAN_POINT ( 'NONE',  ( -0.8294067547305613575, -0.4788582131113798268, -0.3187500000000017542 ) ) ;
#4993 = CARTESIAN_POINT ( 'NONE',  ( -0.6785254037844379305, -1.175240473580835054, -2.541666666666675400 ) ) ;
#4994 = CARTESIAN_POINT ( 'NONE',  ( -1.103625504730557649, -0.6371784822407203785, 3.014062499999998312 ) ) ;
#4995 = CARTESIAN_POINT ( 'NONE',  ( 0.000000000000000000, 1.274356964481451637, -2.957812500000002842 ) ) ;
#4996 = CARTESIAN_POINT ( 'NONE',  ( -0.8816504037844370423, -1.527063293868262894, 0.2552083333333182158 ) ) ;
#4997 = CIRCLE ( 'NONE', #5231, 2.224999999999999201 ) ;
#4998 = CARTESIAN_POINT ( 'NONE',  ( 0.5529378364870414231, 0.9577164262227699787, 0.3937499999999982681 ) ) ;
#4999 = CARTESIAN_POINT ( 'NONE',  ( 1.299038105676657562, -0.7500000000000035527, -4.604166666666673180 ) ) ;
#5000 = CARTESIAN_POINT ( 'NONE',  ( 4.899999999999999467, 8.000000000000003553, 3.333095244168785332 ) ) ;
#5001 = CARTESIAN_POINT ( 'NONE',  ( -0.9788136946801205829, -1.035017904917272524, -4.703300672233501345 ) ) ;
#5002 = APPROVAL_ROLE ( '' ) ;
#5003 = CARTESIAN_POINT ( 'NONE',  ( -1.763300807568873418, -2.966513306368321794E-15, 7.140624999999971578 ) ) ;
#5004 = CARTESIAN_POINT ( 'NONE',  ( 0.000000000000000000, 0.9577164262227703118, 2.174999999999997158 ) ) ;
#5005 = CARTESIAN_POINT ( 'NONE',  ( 0.000000000000000000, 1.175240473580829725, 7.249999999999969802 ) ) ;
#5006 = ORIENTED_EDGE ( 'NONE', *, *, #1348, .F. ) ;
#5007 = FACE_OUTER_BOUND ( 'NONE', #1025, .T. ) ;
#5008 = ORIENTED_EDGE ( 'NONE', *, *, #3231, .F. ) ;
#5009 = CARTESIAN_POINT ( 'NONE',  ( 0.7216878364870319418, -1.249999999999997113, 0.4124999999999928169 ) ) ;
#5010 = CARTESIAN_POINT ( 'NONE',  ( 1.357050807568874085, -7.396284941238068530E-15, -2.312500000000008882 ) ) ;
#5011 = DIRECTION ( 'NONE',  ( 0.000000000000000000, 0.000000000000000000, -1.000000000000000000 ) ) ;
#5012 = CARTESIAN_POINT ( 'NONE',  ( -0.8660254037844391517, -1.500000000000002665, -1.791666666666674512 ) ) ;
#5013 = CARTESIAN_POINT ( 'NONE',  ( -1.322475605676655119, -0.7635316469341328904, 0.1822916666666526686 ) ) ;
#5014 = CARTESIAN_POINT ( 'NONE',  ( -0.6785254037844372643, -1.175240473580835721, -3.041666666666674512 ) ) ;
#5015 = EDGE_CURVE ( 'NONE', #1728, #5350, #4608, .T. ) ;
#5016 = DIRECTION ( 'NONE',  ( 0.000000000000000000, 0.000000000000000000, -1.000000000000000000 ) ) ;
#5017 = CARTESIAN_POINT ( 'NONE',  ( 1.002653508321313947, -0.9262576408677155593, -4.763358700530356593 ) ) ;
#5018 = CARTESIAN_POINT ( 'NONE',  ( 0.8294067547305616905, 0.4788582131113862661, -0.1500000000000025757 ) ) ;
#5019 = CARTESIAN_POINT ( 'NONE',  ( 0.000000000000000000, -1.124999999999999334, -5.000000000000000888 ) ) ;
#5020 = DIRECTION ( 'NONE',  ( 1.000000000000000000, -0.000000000000000000, -0.000000000000000000 ) ) ;
#5021 = CARTESIAN_POINT ( 'NONE',  ( -1.357050807568873863, -2.991388944476002371E-15, 3.437499999999979128 ) ) ;
#5022 = CARTESIAN_POINT ( 'NONE',  ( -3.000000000000000000, -7.799999999999999822, 5.064582904840244204 ) ) ;
#5023 =( REPRESENTATION_RELATIONSHIP ('NONE','NONE', #3541, #3969 ) REPRESENTATION_RELATIONSHIP_WITH_TRANSFORMATION ( #5879 )SHAPE_REPRESENTATION_RELATIONSHIP( ) );
#5024 = CARTESIAN_POINT ( 'NONE',  ( 1.082531754730548856, 0.6250000000000026645, 2.381250000000003197 ) ) ;
#5025 = CARTESIAN_POINT ( 'NONE',  ( -1.299038105676658006, 0.7499999999999971134, 2.645833333333310833 ) ) ;
#5026 = CARTESIAN_POINT ( 'NONE',  ( -0.5529378364870407569, 0.9577164262227704228, -0.8812500000000017542 ) ) ;
#5027 = CARTESIAN_POINT ( 'NONE',  ( -1.357050807568874085, 7.231864775824999279E-15, -0.6250000000000126565 ) ) ;
#5028 = CARTESIAN_POINT ( 'NONE',  ( 0.7357503364870390250, 1.274356964481451193, 2.376562499999998579 ) ) ;
#5029 = CARTESIAN_POINT ( 'NONE',  ( 0.5529378364870405349, -0.9577164262227637614, 1.987499999999996936 ) ) ;
#5030 = CARTESIAN_POINT ( 'NONE',  ( 1.763300807568873196, -3.398397444352954028E-15, 0.9218749999999834577 ) ) ;
#5031 = CC_DESIGN_SECURITY_CLASSIFICATION ( #220, ( #7289 ) ) ;
#5032 = CARTESIAN_POINT ( 'NONE',  ( -1.105875672974081736, 3.519305812196717645E-15, 0.09374999999999834854 ) ) ;
#5033 = CARTESIAN_POINT ( 'NONE',  ( -2.799999999999998490, 8.000000000000003553, 5.123475382979792769 ) ) ;
#5034 = CARTESIAN_POINT ( 'NONE',  ( -3.031310039874818660E-16, 1.154700538379251018, 6.649999999999999467 ) ) ;
#5035 = CARTESIAN_POINT ( 'NONE',  ( 3.000000000000000000, 0.000000000000000000, 0.000000000000000000 ) ) ;
#5036 = DATE_AND_TIME ( #2195, #4859 ) ;
#5037 = DIRECTION ( 'NONE',  ( 0.000000000000000000, 0.000000000000000000, -1.000000000000000000 ) ) ;
#5038 = CARTESIAN_POINT ( 'NONE',  ( 1.357050807568873863, -3.323770530029912691E-15, 5.124999999999975131 ) ) ;
#5039 = ORIENTED_EDGE ( 'NONE', *, *, #3787, .F. ) ;
#5040 = DIRECTION ( 'NONE',  ( 0.000000000000000000, -0.7071067811865475727, -0.7071067811865475727 ) ) ;
#5041 = EDGE_CURVE ( 'NONE', #5593, #1218, #4997, .T. ) ;
#5042 = VERTEX_POINT ( 'NONE', #1879 ) ;
#5043 = CARTESIAN_POINT ( 'NONE',  ( -1.082531754730548634, 0.6250000000000038858, 0.2249999999999927058 ) ) ;
#5044 = CARTESIAN_POINT ( 'NONE',  ( 2.302807174718698273E-15, 1.175240473580829725, -1.187500000000011546 ) ) ;
#5045 = CARTESIAN_POINT ( 'NONE',  ( 0.000000000000000000, 3.454988393958160231E-16, 6.649999999999999467 ) ) ;
#5046 = CARTESIAN_POINT ( 'NONE',  ( -1.299038105676658006, 0.7499999999999971134, -1.916666666666673846 ) ) ;
#5047 = CARTESIAN_POINT ( 'NONE',  ( -1.870113174931179184E-16, -1.527063293868263338, -1.734375000000009770 ) ) ;
#5048 = CARTESIAN_POINT ( 'NONE',  ( 1.357050807568873863, -3.323770530029912691E-15, -1.875000000000010436 ) ) ;
#5049 = DIRECTION ( 'NONE',  ( 0.000000000000000000, 0.000000000000000000, 1.000000000000000000 ) ) ;
#5050 = CARTESIAN_POINT ( 'NONE',  ( 1.181446144018880679E-16, -1.154700538379250796, 5.495000000000000107 ) ) ;
#5051 = CARTESIAN_POINT ( 'NONE',  ( 3.000000000000000000, -7.799999999999997158, 5.064582904840243316 ) ) ;
#5052 = CARTESIAN_POINT ( 'NONE',  ( -1.105875672974081736, 3.544554170288473830E-15, -0.4125000000000022538 ) ) ;
#5053 = DIRECTION ( 'NONE',  ( 0.000000000000000000, 1.000000000000000000, 0.000000000000000000 ) ) ;
#5054 = CARTESIAN_POINT ( 'NONE',  ( 0.000000000000000000, 1.175240473580829725, 3.812499999999977351 ) ) ;
#5055 =( BOUNDED_CURVE ( )  B_SPLINE_CURVE ( 2, ( #6711, #1670, #3901, #6164, #5163, #704, #2915, #1266, #6236, #633, #2878, #4016, #5718, #5128, #1782, #6856, #1228, #4059, #91, #2325, #6818, #1818, #4577, #6275, #6308, #3461, #669, #126, #2362, #4613, #3496, #5752, #1190, #3422, #5677, #5503, #6178, #3223, #506, #4371, #4332, #7169, #980, #541, #27, #3876, #4477, #1089, #4958, #1053, #6101, #5614, #3841, #2119, #6138, #6720, #3294, #6617, #6581, #1679, #2191, #6029, #3330, #5467, #2226, #5580, #434, #467, #2662, #1536, #3260, #4444, #7247, #1574, #5541, #7280, #2156, #2699, #2778, #3915, #4411, #4925, #7205, #5032, #6653, #1129, #3807, #6067, #1608, #1017, #2738, #4998, #3363, #6686, #3770, #1644, #571, #2814, #5065, #5102, #3396, #67, #4551, #5763, #101, #3472, #6353, #2957, #1240, #5726, #679, #4586, #6317, #1163, #2336, #1829, #2925, #5174, #139, #4069, #6867, #3002, #3507, #4028, #1274, #3950, #715, #5247, #5209, #2370, #4626, #6828, #174, #2405, #2263, #1792, #644, #6758, #6793, #3434, #4663, #6286, #6904, #2851, #1862, #4104, #1309, #3544, #5801, #2300, #755, #4515, #5689, #1754, #3989, #1720, #6212, #6249, #1199, #5650, #606, #2887, #5136 ),
 .UNSPECIFIED., .F., .F. ) 
 B_SPLINE_CURVE_WITH_KNOTS ( ( 3, 2, 2, 2, 2, 2, 2, 2, 2, 2, 2, 2, 2, 2, 2, 2, 2, 2, 2, 2, 2, 2, 2, 2, 2, 2, 2, 2, 2, 2, 2, 2, 2, 2, 2, 2, 2, 2, 2, 2, 2, 2, 2, 2, 2, 2, 2, 2, 2, 2, 2, 2, 2, 2, 2, 2, 2, 2, 2, 2, 2, 2, 2, 2, 2, 2, 2, 2, 2, 2, 2, 2, 2, 2, 2, 2, 2, 2, 2, 2, 2, 3 ),
 ( 0.03155766254181671671, 0.03333333333333333287, 0.04444444444444444614, 0.05555555555555555247, 0.06666666666666666574, 0.07777777777777777901, 0.08888888888888889228, 0.1000000000000000056, 0.1111111111111111049, 0.1222222222222222182, 0.1333333333333333315, 0.1444444444444444309, 0.1555555555555555580, 0.1666666666666666574, 0.1777777777777777846, 0.1888888888888888840, 0.2000000000000000111, 0.2111111111111111105, 0.2222222222222222099, 0.2333333333333333370, 0.2444444444444444087, 0.2555555555555555358, 0.2666666666666667185, 0.2777777777777777901, 0.2888888888888888618, 0.2999999999999999334, 0.3111111111111111160, 0.3222222222222221877, 0.3333333333333332593, 0.3444444444444444420, 0.3555555555555555136, 0.3666666666666665853, 0.3777777777777777679, 0.3888888888888888395, 0.4000000000000000222, 0.4111111111111110938, 0.4222222222222221655, 0.4333333333333333481, 0.4444444444444445308, 0.4555555555555554914, 0.4666666666666666741, 0.4777777777777777457, 0.4888888888888888173, 0.5000000000000000000, 0.5111111111111110716, 0.5222222222222222543, 0.5333333333333333259, 0.5444444444444443976, 0.5555555555555555802, 0.5666666666666666519, 0.5777777777777777235, 0.5888888888888889062, 0.5999999999999999778, 0.6111111111111111605, 0.6222222222222222321, 0.6333333333333333037, 0.6444444444444444864, 0.6555555555555555580, 0.6666666666666666297, 0.6777777777777777013, 0.6888888888888888840, 0.6999999999999999556, 0.7111111111111111382, 0.7222222222222222099, 0.7333333333333332815, 0.7444444444444444642, 0.7555555555555554248, 0.7666666666666668295, 0.7777777777777777901, 0.7888888888888888618, 0.8000000000000000444, 0.8111111111111111160, 0.8222222222222221877, 0.8333333333333333703, 0.8444444444444445530, 0.8555555555555555136, 0.8666666666666666963, 0.8777777777777777679, 0.8888888888888888395, 0.9000000000000000222, 0.9111111111111110938, 0.9140331521924375258 ),
 .UNSPECIFIED. ) 
 CURVE ( )  GEOMETRIC_REPRESENTATION_ITEM ( )  RATIONAL_B_SPLINE_CURVE ( ( 0.9640221895668095176, 0.9785894700425316062, 1.000000000000000000, 0.8660254037844387076, 1.000000000000000000, 0.8660254037844387076, 1.000000000000000000, 0.8660254037844387076, 1.000000000000000000, 0.8660254037844387076, 1.000000000000000000, 0.8660254037844387076, 1.000000000000000000, 0.8660254037844387076, 1.000000000000000000, 0.8660254037844387076, 1.000000000000000000, 0.8660254037844387076, 1.000000000000000000, 0.8660254037844387076, 1.000000000000000000, 0.8660254037844387076, 1.000000000000000000, 0.8660254037844387076, 1.000000000000000000, 0.8660254037844387076, 1.000000000000000000, 0.8660254037844387076, 1.000000000000000000, 0.8660254037844387076, 1.000000000000000000, 0.8660254037844387076, 1.000000000000000000, 0.8660254037844387076, 1.000000000000000000, 0.8660254037844387076, 1.000000000000000000, 0.8660254037844387076, 1.000000000000000000, 0.8660254037844387076, 1.000000000000000000, 0.8660254037844387076, 1.000000000000000000, 0.8660254037844387076, 1.000000000000000000, 0.8660254037844387076, 1.000000000000000000, 0.8660254037844387076, 1.000000000000000000, 0.8660254037844387076, 1.000000000000000000, 0.8660254037844387076, 1.000000000000000000, 0.8660254037844387076, 1.000000000000000000, 0.8660254037844387076, 1.000000000000000000, 0.8660254037844387076, 1.000000000000000000, 0.8660254037844387076, 1.000000000000000000, 0.8660254037844387076, 1.000000000000000000, 0.8660254037844387076, 1.000000000000000000, 0.8660254037844387076, 1.000000000000000000, 0.8660254037844387076, 1.000000000000000000, 0.8660254037844387076, 1.000000000000000000, 0.8660254037844387076, 1.000000000000000000, 0.8660254037844387076, 1.000000000000000000, 0.8660254037844387076, 1.000000000000000000, 0.8660254037844387076, 1.000000000000000000, 0.8660254037844387076, 1.000000000000000000, 0.8660254037844387076, 1.000000000000000000, 0.8660254037844387076, 1.000000000000000000, 0.8660254037844387076, 1.000000000000000000, 0.8660254037844387076, 1.000000000000000000, 0.8660254037844387076, 1.000000000000000000, 0.8660254037844387076, 1.000000000000000000, 0.8660254037844387076, 1.000000000000000000, 0.8660254037844387076, 1.000000000000000000, 0.8660254037844387076, 1.000000000000000000, 0.8660254037844387076, 1.000000000000000000, 0.8660254037844387076, 1.000000000000000000, 0.8660254037844387076, 1.000000000000000000, 0.8660254037844387076, 1.000000000000000000, 0.8660254037844387076, 1.000000000000000000, 0.8660254037844387076, 1.000000000000000000, 0.8660254037844387076, 1.000000000000000000, 0.8660254037844387076, 1.000000000000000000, 0.8660254037844387076, 1.000000000000000000, 0.8660254037844387076, 1.000000000000000000, 0.8660254037844387076, 1.000000000000000000, 0.8660254037844387076, 1.000000000000000000, 0.8660254037844387076, 1.000000000000000000, 0.8660254037844387076, 1.000000000000000000, 0.8660254037844387076, 1.000000000000000000, 0.8660254037844387076, 1.000000000000000000, 0.8660254037844387076, 1.000000000000000000, 0.8660254037844387076, 1.000000000000000000, 0.8660254037844387076, 1.000000000000000000, 0.8660254037844387076, 1.000000000000000000, 0.8660254037844387076, 1.000000000000000000, 0.8660254037844387076, 1.000000000000000000, 0.8660254037844387076, 1.000000000000000000, 0.8660254037844387076, 1.000000000000000000, 0.8660254037844387076, 1.000000000000000000, 0.8660254037844387076, 1.000000000000000000, 0.8660254037844387076, 1.000000000000000000, 0.8660254037844387076, 1.000000000000000000, 0.8660254037844387076, 1.000000000000000000, 0.8660254037844387076, 1.000000000000000000, 0.8660254037844387076, 1.000000000000000000, 0.9647668653403611572, 0.9480652107226088532 ) ) 
 REPRESENTATION_ITEM ( '' )  );
#5056 = DIRECTION ( 'NONE',  ( 0.000000000000000000, 0.7071067811865474617, 0.7071067811865474617 ) ) ;
#5057 = CARTESIAN_POINT ( 'NONE',  ( 0.000000000000000000, 1.250000000000003997, 2.906250000000002220 ) ) ;
#5058 = CC_DESIGN_DATE_AND_TIME_ASSIGNMENT ( #5730, #2046, ( #4942 ) ) ;
#5059 = CARTESIAN_POINT ( 'NONE',  ( -1.732050807568876971, -2.968426816991988742E-15, 3.187499999999976463 ) ) ;
#5060 = CARTESIAN_POINT ( 'NONE',  ( 0.8294067547305616905, 0.4788582131113862661, -0.09375000000000181799 ) ) ;
#5061 = CARTESIAN_POINT ( 'NONE',  ( -0.6785254037844291597, 1.175240473580834166, -0.2083333333333468040 ) ) ;
#5062 = CARTESIAN_POINT ( 'NONE',  ( -0.5529378364870407569, 0.9577164262227705338, -3.131250000000001421 ) ) ;
#5063 = CARTESIAN_POINT ( 'NONE',  ( 0.000000000000000000, 0.9577164262227703118, 2.174999999999997158 ) ) ;
#5064 = CARTESIAN_POINT ( 'NONE',  ( -1.763300807568873196, -2.966513306368321794E-15, 3.671874999999977351 ) ) ;
#5065 = CARTESIAN_POINT ( 'NONE',  ( -1.172864355864553979E-16, -0.9577164262227636504, 0.6562499999999984457 ) ) ;
#5066 = CARTESIAN_POINT ( 'NONE',  ( 7.041719095097280880E-16, 3.641599923110719228, -4.490128060534577692 ) ) ;
#5067 = CARTESIAN_POINT ( 'NONE',  ( -4.899999999999997691, 8.000000000000003553, -3.596551211459380504 ) ) ;
#5068 = DATE_TIME_ROLE ( 'creation_date' ) ;
#5069 = DIRECTION ( 'NONE',  ( 0.000000000000000000, -0.7071067811865474617, 0.7071067811865474617 ) ) ;
#5070 = CARTESIAN_POINT ( 'NONE',  ( 0.8816504037844374864, 1.527063293868256677, -4.494791666666672292 ) ) ;
#5071 = ORIENTED_EDGE ( 'NONE', *, *, #4269, .T. ) ;
#5072 = CARTESIAN_POINT ( 'NONE',  ( -0.9999999999999991118, -0.5773502691896253980, 6.649999999999999467 ) ) ;
#5073 = ORIENTED_EDGE ( 'NONE', *, *, #1347, .F. ) ;
#5074 = CARTESIAN_POINT ( 'NONE',  ( -1.443375672974064994, 3.531555607568410552E-15, 0.2624999999999929612 ) ) ;
#5075 = CARTESIAN_POINT ( 'NONE',  ( -6.046323735829545738E-15, -1.175240473580835721, -1.937500000000009992 ) ) ;
#5076 = FACE_OUTER_BOUND ( 'NONE', #6515, .T. ) ;
#5077 = CARTESIAN_POINT ( 'NONE',  ( -0.8660254037844391517, -1.500000000000002665, 0.2083333333333209081 ) ) ;
#5078 = ADVANCED_FACE ( 'NONE', ( #1847, #809, #5232 ), #664, .T. ) ;
#5079 = CARTESIAN_POINT ( 'NONE',  ( 1.322475605676655785, 0.7635316469341261181, 2.932291666666647423 ) ) ;
#5080 = CARTESIAN_POINT ( 'NONE',  ( -0.6785254037844368202, 1.175240473580829503, -2.208333333333342807 ) ) ;
#5081 = CARTESIAN_POINT ( 'NONE',  ( 0.000000000000000000, -2.349999999999990763, 3.000000000000000888 ) ) ;
#5082 = PLANE ( 'NONE',  #7053 ) ;
#5083 = CARTESIAN_POINT ( 'NONE',  ( -3.000000000000000000, 0.000000000000000000, 0.000000000000000000 ) ) ;
#5084 = EDGE_CURVE ( 'NONE', #1953, #368, #1327, .T. ) ;
#5085 = AXIS2_PLACEMENT_3D ( 'NONE', #4524, #2200, #5512 ) ;
#5086 = CARTESIAN_POINT ( 'NONE',  ( -1.172864355864553979E-16, -0.9577164262227636504, 1.049999999999997158 ) ) ;
#5087 = CARTESIAN_POINT ( 'NONE',  ( -0.5529378364870412010, -0.9577164262227633174, -1.237500000000002487 ) ) ;
#5088 = CARTESIAN_POINT ( 'NONE',  ( -1.439254484199186421E-16, -1.175240473580835721, 2.562499999999980460 ) ) ;
#5089 = CARTESIAN_POINT ( 'NONE',  ( 2.800000000000001155, 8.000000000000003553, 5.123475382979792769 ) ) ;
#5090 = CC_DESIGN_APPROVAL ( #2129, ( #4503 ) ) ;
#5091 = CARTESIAN_POINT ( 'NONE',  ( 0.000000000000000000, 1.250000000000003997, 1.556250000000002798 ) ) ;
#5092 = CARTESIAN_POINT ( 'NONE',  ( 1.299038105676658450, 0.7499999999999957812, 3.416666666666647867 ) ) ;
#5093 = CARTESIAN_POINT ( 'NONE',  ( 0.8294067547305610244, -0.4788582131113804374, 0.2812499999999980571 ) ) ;
#5094 = CARTESIAN_POINT ( 'NONE',  ( -7.485578220028732652E-15, -1.175240473580835721, 0.4999999999999848455 ) ) ;
#5095 = CARTESIAN_POINT ( 'NONE',  ( 0.000000000000000000, 0.9577164262227705338, -2.268750000000001599 ) ) ;
#5096 = CIRCLE ( 'NONE', #2501, 9.300000000000000711 ) ;
#5097 = CARTESIAN_POINT ( 'NONE',  ( 0.000000000000000000, 0.9577164262227702007, 3.074999999999997069 ) ) ;
#5098 = CARTESIAN_POINT ( 'NONE',  ( 1.322475605676654453, -0.7635316469341337786, 4.880208333333307280 ) ) ;
#5099 = EDGE_CURVE ( 'NONE', #6077, #3469, #6527, .T. ) ;
#5100 = VECTOR ( 'NONE', #352, 1000.000000000000000 ) ;
#5101 = CONICAL_SURFACE ( 'NONE', #3801, 1.124999999999998224, 0.7853981633974466137 ) ;
#5102 = CARTESIAN_POINT ( 'NONE',  ( 0.5529378364870405349, -0.9577164262227638725, 0.6937499999999982014 ) ) ;
#5103 = CARTESIAN_POINT ( 'NONE',  ( -1.732050807568876971, -2.968426816991988742E-15, -4.312500000000007105 ) ) ;
#5104 = CARTESIAN_POINT ( 'NONE',  ( 0.8294067547305616905, 0.4788582131113860996, 2.999999999999997335 ) ) ;
#5105 = CARTESIAN_POINT ( 'NONE',  ( -0.6230971513091231317, -1.308702565977581500, -4.686795391090235796 ) ) ;
#5106 = PERSON_AND_ORGANIZATION ( #6017, #2973 ) ;
#5107 = CARTESIAN_POINT ( 'NONE',  ( -1.105875672974081736, 3.387453275495324237E-15, 2.737499999999996714 ) ) ;
#5108 = CARTESIAN_POINT ( 'NONE',  ( -1.763300807568873196, -2.966513306368321794E-15, -3.328125000000007550 ) ) ;
#5109 = ORIENTED_EDGE ( 'NONE', *, *, #5481, .F. ) ;
#5110 = CARTESIAN_POINT ( 'NONE',  ( 0.6785254037844354880, -1.175240473580836387, -3.895833333333339255 ) ) ;
#5111 = AXIS2_PLACEMENT_3D ( 'NONE', #5655, #3401, #2341 ) ;
#5112 = ORIENTED_EDGE ( 'NONE', *, *, #5624, .F. ) ;
#5113 = CARTESIAN_POINT ( 'NONE',  ( 0.000000000000000000, 1.250000000000003997, -0.3000000000000072053 ) ) ;
#5114 = CARTESIAN_POINT ( 'NONE',  ( -1.017788105676653565, 0.5876202367904165280, -1.104166666666678731 ) ) ;
#5115 = LINE ( 'NONE', #6630, #988 ) ;
#5116 = CARTESIAN_POINT ( 'NONE',  ( 0.8660254037844393737, 1.499999999999996447, 0.4583333333333210469 ) ) ;
#5117 = CARTESIAN_POINT ( 'NONE',  ( -1.870113174931179184E-16, -1.527063293868263338, 3.265624999999980460 ) ) ;
#5118 = CARTESIAN_POINT ( 'NONE',  ( -1.017788105676655563, -0.5876202367904191926, 1.416666666666649421 ) ) ;
#5119 = ORIENTED_EDGE ( 'NONE', *, *, #7269, .F. ) ;
#5120 = CARTESIAN_POINT ( 'NONE',  ( 0.1580247838118449266, -1.063464886906849705, 6.566536875587615008 ) ) ;
#5121 = ADVANCED_FACE ( 'NONE', ( #6848, #3569 ), #5265, .T. ) ;
#5122 = CARTESIAN_POINT ( 'NONE',  ( -2.799999999999998490, -0.9433296209488570838, 1.791857758372713105 ) ) ;
#5123 = LINE ( 'NONE', #386, #1471 ) ;
#5124 = CARTESIAN_POINT ( 'NONE',  ( -0.5529378364870407569, 0.9577164262227702007, 3.112499999999997158 ) ) ;
#5125 =( NAMED_UNIT ( * ) PLANE_ANGLE_UNIT ( ) SI_UNIT ( $, .RADIAN. ) );
#5126 = CARTESIAN_POINT ( 'NONE',  ( 0.5529378364870414231, 0.9577164262227702007, -1.912500000000002309 ) ) ;
#5127 = CARTESIAN_POINT ( 'NONE',  ( -1.439254484199186421E-16, -1.175240473580835721, 4.062499999999977796 ) ) ;
#5128 = CARTESIAN_POINT ( 'NONE',  ( -0.5529378364870412010, -0.9577164262227632063, -2.531250000000001332 ) ) ;
#5129 = CARTESIAN_POINT ( 'NONE',  ( -1.530808498934192310E-16, -1.249999999999996891, 2.681250000000002576 ) ) ;
#5130 = CARTESIAN_POINT ( 'NONE',  ( -0.8294067547305612464, 0.4788582131113870433, 1.406249999999997780 ) ) ;
#5131 = CARTESIAN_POINT ( 'NONE',  ( -0.6785254037844399289, -1.175240473580834166, 0.9583333333333171611 ) ) ;
#5132 = CARTESIAN_POINT ( 'NONE',  ( 0.5529378364870405349, -0.9577164262227636504, -0.6562500000000015543 ) ) ;
#5133 = CARTESIAN_POINT ( 'NONE',  ( 0.000000000000000000, 1.527063293868257343, 7.515624999999969802 ) ) ;
#5134 = CARTESIAN_POINT ( 'NONE',  ( 1.103625504730557205, -0.6371784822407210447, -1.757812500000003109 ) ) ;
#5135 = CARTESIAN_POINT ( 'NONE',  ( -1.322475605676654897, -0.7635316469341327794, 4.213541666666642982 ) ) ;
#5136 = CARTESIAN_POINT ( 'NONE',  ( 0.9273049422875228043, -0.2394291065556591325, 3.000000000000000888 ) ) ;
#5137 = CARTESIAN_POINT ( 'NONE',  ( -1.299038105676658006, -0.7500000000000026645, -1.270833333333347026 ) ) ;
#5138 = CC_DESIGN_DATE_AND_TIME_ASSIGNMENT ( #3024, #3156, ( #2083 ) ) ;
#5139 = FACE_OUTER_BOUND ( 'NONE', #1859, .T. ) ;
#5140 = CARTESIAN_POINT ( 'NONE',  ( 1.471500672974076718, 3.228270168455334089E-15, -0.8484375000000010658 ) ) ;
#5141 = APPROVAL_ROLE ( '' ) ;
#5142 = CARTESIAN_POINT ( 'NONE',  ( 0.5529378364870405349, -0.9577164262227639835, 2.437499999999996891 ) ) ;
#5143 = CARTESIAN_POINT ( 'NONE',  ( -0.8816504037844364872, 1.527063293868256899, -4.411458333333338366 ) ) ;
#5144 = VERTEX_POINT ( 'NONE', #4054 ) ;
#5145 = CARTESIAN_POINT ( 'NONE',  ( 1.017788105676657562, 0.5876202367904099777, -3.270833333333340587 ) ) ;
#5146 = ORIENTED_EDGE ( 'NONE', *, *, #4561, .F. ) ;
#5147 = CARTESIAN_POINT ( 'NONE',  ( -1.443375672974064994, 3.419340682716161238E-15, 2.512499999999992628 ) ) ;
#5148 = CARTESIAN_POINT ( 'NONE',  ( -1.017788105676663113, -0.5876202367904063140, 1.479166666666649421 ) ) ;
#5149 = LINE ( 'NONE', #1212, #4274 ) ;
#5150 = CARTESIAN_POINT ( 'NONE',  ( 0.000000000000000000, 1.499999999999996669, -1.500000000000007994 ) ) ;
#5151 = CARTESIAN_POINT ( 'NONE',  ( 0.8816504037844361541, -1.527063293868264005, 0.8072916666666514196 ) ) ;
#5152 = APPROVAL_PERSON_ORGANIZATION ( #976, #1595, #6542 ) ;
#5153 = CARTESIAN_POINT ( 'NONE',  ( -1.439254484199186421E-16, -1.175240473580835721, 1.499999999999982236 ) ) ;
#5154 = ORIENTED_EDGE ( 'NONE', *, *, #930, .F. ) ;
#5155 = PLANE ( 'NONE',  #6501 ) ;
#5156 = VERTEX_POINT ( 'NONE', #4091 ) ;
#5157 = CARTESIAN_POINT ( 'NONE',  ( 3.000000000000000000, 0.000000000000000000, 0.000000000000000000 ) ) ;
#5158 = DIRECTION ( 'NONE',  ( 0.000000000000000000, -1.154631945610162802E-14, -1.000000000000000000 ) ) ;
#5159 = CARTESIAN_POINT ( 'NONE',  ( 0.8294067547305616905, 0.4788582131113860996, 2.999999999999997335 ) ) ;
#5160 = DIRECTION ( 'NONE',  ( 0.000000000000000000, 0.000000000000000000, 1.000000000000000000 ) ) ;
#5161 = CARTESIAN_POINT ( 'NONE',  ( -1.172864355864553979E-16, -0.9577164262227635394, -0.3000000000000025424 ) ) ;
#5162 = CARTESIAN_POINT ( 'NONE',  ( -0.6785254037844372643, -1.175240473580835721, 4.020833333333310833 ) ) ;
#5163 = CARTESIAN_POINT ( 'NONE',  ( 0.8294067547305610244, -0.4788582131113802709, -2.868750000000001688 ) ) ;
#5164 = CARTESIAN_POINT ( 'NONE',  ( -0.7216878364870328300, -1.249999999999996891, 1.293750000000003064 ) ) ;
#5165 = CARTESIAN_POINT ( 'NONE',  ( 0.5529378364870414231, 0.9577164262227698677, 3.093749999999998668 ) ) ;
#5166 = CARTESIAN_POINT ( 'NONE',  ( 1.357050807568874085, -1.969776355942375542E-14, 1.624999999999982681 ) ) ;
#5167 = CARTESIAN_POINT ( 'NONE',  ( 0.8294067547305610244, -0.4788582131113803819, -0.6187500000000016875 ) ) ;
#5168 = EDGE_CURVE ( 'NONE', #2563, #1547, #5461, .T. ) ;
#5169 = CARTESIAN_POINT ( 'NONE',  ( -0.6785254037844372643, -1.175240473580835721, -1.979166666666676289 ) ) ;
#5170 = CARTESIAN_POINT ( 'NONE',  ( 1.103625504730557871, 0.6371784822407265958, -2.132812500000002665 ) ) ;
#5171 = ORIENTED_EDGE ( 'NONE', *, *, #7109, .T. ) ;
#5172 = CARTESIAN_POINT ( 'NONE',  ( 0.000000000000000000, 1.527063293868257121, 5.046874999999975131 ) ) ;
#5173 = VECTOR ( 'NONE', #7198, 1000.000000000000000 ) ;
#5174 = CARTESIAN_POINT ( 'NONE',  ( -0.5529378364870407569, 0.9577164262227703118, 1.368749999999998357 ) ) ;
#5175 = CARTESIAN_POINT ( 'NONE',  ( -0.8660254037844383745, 1.499999999999996669, -2.895833333333343695 ) ) ;
#5176 = DIRECTION ( 'NONE',  ( -0.000000000000000000, -0.000000000000000000, 1.000000000000000000 ) ) ;
#5177 = CARTESIAN_POINT ( 'NONE',  ( 1.103625504730557205, -0.6371784822407210447, -0.8859375000000008216 ) ) ;
#5178 = CALENDAR_DATE ( 2025, 8, 10 ) ;
#5179 = CARTESIAN_POINT ( 'NONE',  ( 1.105875672974081736, 3.284914242141172803E-15, -0.6375000000000022871 ) ) ;
#5180 = CARTESIAN_POINT ( 'NONE',  ( 0.8816504037844360431, -1.527063293868263560, -3.161458333333340587 ) ) ;
#5181 = VECTOR ( 'NONE', #698, 1000.000000000000114 ) ;
#5182 = CARTESIAN_POINT ( 'NONE',  ( -1.017788105676654231, 0.5876202367904154178, -3.104166666666674068 ) ) ;
#5183 = CARTESIAN_POINT ( 'NONE',  ( -0.7216878364870322748, 1.250000000000003775, 2.437499999999992006 ) ) ;
#5184 = CARTESIAN_POINT ( 'NONE',  ( 1.017788105676665333, 0.5876202367903964330, 2.229166666666647423 ) ) ;
#5185 = PLANE ( 'NONE',  #286 ) ;
#5186 = CARTESIAN_POINT ( 'NONE',  ( -1.299038105676658006, -0.7500000000000026645, -2.333333333333339699 ) ) ;
#5187 = CARTESIAN_POINT ( 'NONE',  ( -0.8816504037844365982, 1.527063293868257121, 1.057291666666650753 ) ) ;
#5188 = CARTESIAN_POINT ( 'NONE',  ( 0.000000000000000000, 1.175240473580829725, 0.2499999999999854838 ) ) ;
#5189 = ORIENTED_EDGE ( 'NONE', *, *, #2017, .T. ) ;
#5190 = CARTESIAN_POINT ( 'NONE',  ( -1.049429527248737726, 0.4308830533645740535, -2.787665271630840991 ) ) ;
#5191 = ORIENTED_EDGE ( 'NONE', *, *, #4909, .F. ) ;
#5192 = CARTESIAN_POINT ( 'NONE',  ( -3.000000000000000000, -0.9024128347050754950, 2.033783684603538866 ) ) ;
#5193 = CARTESIAN_POINT ( 'NONE',  ( 0.0002105235119252380979, -0.9869380752473234653, -2.928767855491924532 ) ) ;
#5194 = CARTESIAN_POINT ( 'NONE',  ( 0.000000000000000000, 1.527063293868257343, -4.984375000000002665 ) ) ;
#5195 = CARTESIAN_POINT ( 'NONE',  ( 0.8294067547305610244, -0.4788582131113803819, -0.6750000000000023759 ) ) ;
#5196 = CARTESIAN_POINT ( 'NONE',  ( 1.357050807568873863, -3.323770530029912691E-15, 5.187499999999975131 ) ) ;
#5197 = ORIENTED_EDGE ( 'NONE', *, *, #3498, .T. ) ;
#5198 = CARTESIAN_POINT ( 'NONE',  ( -1.082531754730548856, -0.6249999999999964473, -0.9937499999999970246 ) ) ;
#5199 = CARTESIAN_POINT ( 'NONE',  ( 0.8294067547305610244, -0.4788582131113805485, 2.081249999999998046 ) ) ;
#5200 = CARTESIAN_POINT ( 'NONE',  ( -1.017788105676648680, 0.5876202367904252988, 1.833333333333315274 ) ) ;
#5201 = CARTESIAN_POINT ( 'NONE',  ( 1.105875672974081736, 3.326994838960764866E-15, -1.481250000000001510 ) ) ;
#5202 = CARTESIAN_POINT ( 'NONE',  ( 1.357050807568873863, -3.323770530029912691E-15, -2.812500000000007994 ) ) ;
#5203 = CARTESIAN_POINT ( 'NONE',  ( 1.471500672974076718, 3.271753451835580457E-15, -1.720312500000003242 ) ) ;
#5204 = VERTEX_POINT ( 'NONE', #1916 ) ;
#5205 = CIRCLE ( 'NONE', #1929, 1.250000000000010658 ) ;
#5206 = CARTESIAN_POINT ( 'NONE',  ( 0.8816504037844374864, 1.527063293868256677, 3.005208333333313053 ) ) ;
#5207 = CIRCLE ( 'NONE', #2264, 1.249999999999993339 ) ;
#5209 = CARTESIAN_POINT ( 'NONE',  ( 0.000000000000000000, 0.9577164262227703118, 1.781249999999998224 ) ) ;
#5208 = LOCAL_TIME ( 13, 37, 30.00000000000000000, #1724 ) ;
#5210 = CARTESIAN_POINT ( 'NONE',  ( 0.8660254037844379305, -1.500000000000003331, -2.645833333333344584 ) ) ;
#5211 = CARTESIAN_POINT ( 'NONE',  ( 3.000000000000000000, 7.800000000000002487, 5.064582904840233546 ) ) ;
#5212 = CARTESIAN_POINT ( 'NONE',  ( -1.103625504730557427, 0.6371784822407275950, -1.560937500000000977 ) ) ;
#5213 = APPROVAL_STATUS ( 'not_yet_approved' ) ;
#5214 = CARTESIAN_POINT ( 'NONE',  ( 0.5529378364870414231, 0.9577164262227702007, -2.812500000000001776 ) ) ;
#5215 = CARTESIAN_POINT ( 'NONE',  ( -1.322475605676654897, -0.7635316469341327794, -4.786458333333337478 ) ) ;
#5216 = CARTESIAN_POINT ( 'NONE',  ( -1.017788105676655341, 0.5876202367904138635, -4.604166666666670515 ) ) ;
#5217 = VECTOR ( 'NONE', #5663, 1000.000000000000000 ) ;
#5218 = EDGE_CURVE ( 'NONE', #4102, #807, #6538, .T. ) ;
#5219 = CARTESIAN_POINT ( 'NONE',  ( -1.443375672974064994, 3.396897697745710507E-15, 2.962499999999991918 ) ) ;
#5220 = CARTESIAN_POINT ( 'NONE',  ( -1.357050807568874085, -1.745797986821589932E-15, 0.4374999999999849010 ) ) ;
#5221 = CARTESIAN_POINT ( 'NONE',  ( -0.3172129196489127390, 1.197136094885270952, 4.735210808980491848 ) ) ;
#5222 = CARTESIAN_POINT ( 'NONE',  ( -1.836970198721029688E-16, -1.500000000000002887, -2.250000000000006217 ) ) ;
#5223 = VECTOR ( 'NONE', #3332, 1000.000000000000000 ) ;
#5224 = CARTESIAN_POINT ( 'NONE',  ( -1.322475605676655119, -0.7635316469341328904, 2.682291666666646979 ) ) ;
#5225 = CARTESIAN_POINT ( 'NONE',  ( -0.6785254037844372643, -1.175240473580835721, -0.04166666666668115276 ) ) ;
#5226 = VECTOR ( 'NONE', #6605, 1000.000000000000000 ) ;
#5227 = ORIENTED_EDGE ( 'NONE', *, *, #2419, .T. ) ;
#5228 = CARTESIAN_POINT ( 'NONE',  ( -0.5046758842997483008, -1.093191596199956317, -2.717549290861565048 ) ) ;
#5229 = ORIENTED_EDGE ( 'NONE', *, *, #1627, .T. ) ;
#5230 = CARTESIAN_POINT ( 'NONE',  ( -2.933349480478299576, -7.866650519521699358, 5.084323085060611369 ) ) ;
#5231 = AXIS2_PLACEMENT_3D ( 'NONE', #775, #6444, #3527 ) ;
#5232 = FACE_OUTER_BOUND ( 'NONE', #2108, .T. ) ;
#5233 = CARTESIAN_POINT ( 'NONE',  ( -0.8660254037844388186, -1.500000000000002665, 4.270833333333307280 ) ) ;
#5234 = CARTESIAN_POINT ( 'NONE',  ( -0.5529378364870412010, -0.9577164262227635394, 2.812499999999997335 ) ) ;
#5235 = EDGE_CURVE ( 'NONE', #2093, #302, #4347, .T. ) ;
#5236 = PERSON_AND_ORGANIZATION ( #6017, #2973 ) ;
#5237 = CARTESIAN_POINT ( 'NONE',  ( -0.5529378364870412010, -0.9577164262227632063, -2.587500000000002132 ) ) ;
#5238 = CARTESIAN_POINT ( 'NONE',  ( -1.357050807568873863, -2.991388944476002371E-15, 6.437499999999972466 ) ) ;
#5239 = CARTESIAN_POINT ( 'NONE',  ( 0.7216878364870332740, 1.250000000000003553, -1.181249999999997025 ) ) ;
#5240 = CARTESIAN_POINT ( 'NONE',  ( -1.172864355864553979E-16, -0.9577164262227636504, 2.006249999999998312 ) ) ;
#5241 = CARTESIAN_POINT ( 'NONE',  ( -0.6785254037844283825, 1.175240473580834388, 1.291666666666649199 ) ) ;
#5242 = CARTESIAN_POINT ( 'NONE',  ( -1.105875672974081736, 3.609077752078517018E-15, -1.706250000000001377 ) ) ;
#5243 = CARTESIAN_POINT ( 'NONE',  ( 1.017788105676655341, -0.5876202367904199697, -2.854166666666674512 ) ) ;
#5244 = CARTESIAN_POINT ( 'NONE',  ( 1.103625504730557871, 0.6371784822407265958, -1.232812500000002975 ) ) ;
#5245 = ORIENTED_EDGE ( 'NONE', *, *, #5168, .F. ) ;
#5246 = CARTESIAN_POINT ( 'NONE',  ( 5.786456125971246005E-16, -1.317840917787127752, -8.000000000000003553 ) ) ;
#5247 = CARTESIAN_POINT ( 'NONE',  ( 0.5529378364870414231, 0.9577164262227699787, 1.743749999999997913 ) ) ;
#5248 = CARTESIAN_POINT ( 'NONE',  ( 1.732050807568876971, -3.392656912481952001E-15, -1.562500000000013101 ) ) ;
#5249 = CARTESIAN_POINT ( 'NONE',  ( 2.800000000000001155, -7.999999999999998224, -5.123475382979802539 ) ) ;
#5250 = CARTESIAN_POINT ( 'NONE',  ( -1.471500672974076718, 3.667234333672084645E-15, -2.423437500000000799 ) ) ;
#5251 = COORDINATED_UNIVERSAL_TIME_OFFSET ( 6, 0, .BEHIND. ) ;
#5252 = CARTESIAN_POINT ( 'NONE',  ( -0.8294067547305613575, -0.4788582131113797158, -1.725000000000002309 ) ) ;
#5253 = CARTESIAN_POINT ( 'NONE',  ( 0.8816504037844374864, 1.527063293868256677, -2.494791666666675845 ) ) ;
#5254 = CARTESIAN_POINT ( 'NONE',  ( -1.530808498934192310E-16, -1.249999999999996891, 2.174999999999993161 ) ) ;
#5255 = CARTESIAN_POINT ( 'NONE',  ( 0.6785254037844444808, 1.175240473580825284, 1.770833333333315718 ) ) ;
#5256 = CARTESIAN_POINT ( 'NONE',  ( -0.6874353670404707017, -1.180842429331925070, 4.854558239328788716 ) ) ;
#5257 = CARTESIAN_POINT ( 'NONE',  ( -1.836970198721029688E-16, -1.500000000000002887, -3.750000000000003553 ) ) ;
#5258 = CARTESIAN_POINT ( 'NONE',  ( -1.322475605676655119, 0.7635316469341273393, 5.598958333333308168 ) ) ;
#5259 = CARTESIAN_POINT ( 'NONE',  ( -1.017788105676655563, 0.5876202367904134194, 0.3333333333333183268 ) ) ;
#5260 = EDGE_CURVE ( 'NONE', #5369, #1728, #2291, .T. ) ;
#5261 = ORIENTED_EDGE ( 'NONE', *, *, #2841, .F. ) ;
#5262 = CARTESIAN_POINT ( 'NONE',  ( -0.9490975653573515691, -0.7024210931354264442, -2.740951627544751634 ) ) ;
#5263 = EDGE_LOOP ( 'NONE', ( #4645, #2568, #6809, #3600 ) ) ;
#5264 = DIRECTION ( 'NONE',  ( 0.4999999999999980571, 0.8660254037844398178, -5.457635026140484590E-16 ) ) ;
#5265 = CYLINDRICAL_SURFACE ( 'NONE', #7115, 2.349999999999983213 ) ;
#5266 = B_SPLINE_CURVE_WITH_KNOTS ( 'NONE', 3,
 ( #4821, #2674, #1475, #3671, #3197, #6594, #878, #3744, #3271, #2131, #6078, #6517, #4225, #7030 ),
 .UNSPECIFIED., .F., .F.,
 ( 4, 2, 2, 2, 2, 2, 4 ),
 ( 4.572542871268026282E-16, 0.0002922143139190032640, 0.0005844286278375492114, 0.001168857255674641974, 0.001753285883511734302, 0.002045500197430280467, 0.002337714511348826848 ),
 .UNSPECIFIED. ) ;
#5267 = CARTESIAN_POINT ( 'NONE',  ( -0.8660254037844383745, 1.499999999999996669, 4.604166666666640317 ) ) ;
#5268 = CARTESIAN_POINT ( 'NONE',  ( -1.172864355864553979E-16, -0.9577164262227636504, 1.949999999999997735 ) ) ;
#5269 = CALENDAR_DATE ( 2025, 8, 10 ) ;
#5270 = CARTESIAN_POINT ( 'NONE',  ( -0.8294067547305613575, -0.4788582131113798268, 0.07499999999999737432 ) ) ;
#5271 = CARTESIAN_POINT ( 'NONE',  ( 0.6785254037844365982, -1.175240473580835721, 4.104166666666642982 ) ) ;
#5272 = CARTESIAN_POINT ( 'NONE',  ( 0.7216878364870332740, 1.250000000000003553, 0.6187500000000029088 ) ) ;
#5273 = CARTESIAN_POINT ( 'NONE',  ( -0.8294067547305613575, -0.4788582131113799378, 2.381249999999997868 ) ) ;
#5274 = CARTESIAN_POINT ( 'NONE',  ( -0.6785254037844576924, -1.175240473580823730, 2.958333333333312609 ) ) ;
#5275 = CARTESIAN_POINT ( 'NONE',  ( 0.5529378364870414231, 0.9577164262227702007, -0.9562500000000018208 ) ) ;
#5276 = CARTESIAN_POINT ( 'NONE',  ( 1.017788105676656008, 0.5876202367904124202, -1.770833333333343473 ) ) ;
#5277 = CARTESIAN_POINT ( 'NONE',  ( 1.471500672974076718, 3.249310466865131304E-15, -1.270312500000003064 ) ) ;
#5278 = VERTEX_POINT ( 'NONE', #1955 ) ;
#5279 = CARTESIAN_POINT ( 'NONE',  ( -1.322475605676654897, 0.7635316469341272283, 6.130208333333305504 ) ) ;
#5280 = CC_DESIGN_PERSON_AND_ORGANIZATION_ASSIGNMENT ( #6797, #1057, ( #1371 ) ) ;
#5281 = DIRECTION ( 'NONE',  ( 0.000000000000000000, 0.000000000000000000, -1.000000000000000000 ) ) ;
#5282 = DIRECTION ( 'NONE',  ( 0.000000000000000000, -0.7071067811865474617, 0.7071067811865474617 ) ) ;
#5283 = CARTESIAN_POINT ( 'NONE',  ( -0.8660254037844383745, 1.499999999999996669, -1.895833333333345916 ) ) ;
#5284 = CARTESIAN_POINT ( 'NONE',  ( -1.017788105676657562, -0.5876202367904160839, -3.583333333333339699 ) ) ;
#5285 = CARTESIAN_POINT ( 'NONE',  ( -1.471500672974076718, 3.622348363731184761E-15, -1.523437500000000888 ) ) ;
#5286 = PERSON_AND_ORGANIZATION ( #3630, #3379 ) ;
#5287 = CARTESIAN_POINT ( 'NONE',  ( 0.8294067547305616905, 0.4788582131113863216, -1.050000000000002265 ) ) ;
#5288 = CARTESIAN_POINT ( 'NONE',  ( -0.8816504037844370423, -1.527063293868262894, -2.744791666666675400 ) ) ;
#5289 = EDGE_LOOP ( 'NONE', ( #549 ) ) ;
#5290 = CARTESIAN_POINT ( 'NONE',  ( 2.800000000000000266, 6.279839152450467310, -7.128367289874323554 ) ) ;
#5291 = CARTESIAN_POINT ( 'NONE',  ( 1.357050807568874085, -1.903300038831593951E-14, 0.6874999999999841238 ) ) ;
#5292 = CARTESIAN_POINT ( 'NONE',  ( 1.472064287338112010, -0.2603341029389259487, 4.951013379160750461 ) ) ;
#5293 = CARTESIAN_POINT ( 'NONE',  ( -1.836970198721029688E-16, -1.500000000000002887, -4.250000000000002665 ) ) ;
#5294 = CIRCLE ( 'NONE', #6595, 0.1500000000000001055 ) ;
#5295 = CARTESIAN_POINT ( 'NONE',  ( 0.8816504037844375974, 1.527063293868256677, 5.473958333333308168 ) ) ;
#5296 = CARTESIAN_POINT ( 'NONE',  ( 0.6785254037844377084, 1.175240473580829059, 2.708333333333312609 ) ) ;
#5297 = ORIENTED_EDGE ( 'NONE', *, *, #5624, .T. ) ;
#5298 = DIRECTION ( 'NONE',  ( -0.5000000000000004441, 0.8660254037844383745, 0.000000000000000000 ) ) ;
#5299 = ORIENTED_EDGE ( 'NONE', *, *, #5306, .T. ) ;
#5300 = CARTESIAN_POINT ( 'NONE',  ( 0.8294067547305616905, 0.4788582131113860996, 2.999999999999997335 ) ) ;
#5301 = CARTESIAN_POINT ( 'NONE',  ( 0.3425710391030751256, -0.9031866828125951763, -2.954783573777252315 ) ) ;
#5302 = CARTESIAN_POINT ( 'NONE',  ( -1.836970198721029688E-16, -1.500000000000002887, 4.812499999999973355 ) ) ;
#5303 = CARTESIAN_POINT ( 'NONE',  ( 1.763300807568873418, -3.398397444352954817E-15, -4.109375000000004441 ) ) ;
#5304 = CARTESIAN_POINT ( 'NONE',  ( -0.5529378364870412010, -0.9577164262227633174, 0.1124999999999975880 ) ) ;
#5305 = CARTESIAN_POINT ( 'NONE',  ( 1.017788105676655341, -0.5876202367904199697, 7.145833333333304616 ) ) ;
#5306 = EDGE_CURVE ( 'NONE', #5458, #2025, #6757, .T. ) ;
#5307 = CARTESIAN_POINT ( 'NONE',  ( 1.082531754730548634, -0.6249999999999973355, -0.8437499999999970024 ) ) ;
#5308 = CARTESIAN_POINT ( 'NONE',  ( -0.5529378364870407569, 0.9577164262227705338, -3.187500000000001776 ) ) ;
#5309 = DIRECTION ( 'NONE',  ( 3.064488108188101053E-16, 5.307849102572449992E-16, 1.000000000000000000 ) ) ;
#5310 = CARTESIAN_POINT ( 'NONE',  ( -0.5529378364870407569, 0.9577164262227703118, 1.818749999999998535 ) ) ;
#5311 = CARTESIAN_POINT ( 'NONE',  ( 0.6785254037844365982, -1.175240473580835721, -2.395833333333342363 ) ) ;
#5312 = CARTESIAN_POINT ( 'NONE',  ( 0.000000000000000000, 1.274356964481451415, 1.992187499999996669 ) ) ;
#5313 = ORIENTED_EDGE ( 'NONE', *, *, #5235, .F. ) ;
#5314 = CARTESIAN_POINT ( 'NONE',  ( 1.322475605676654453, -0.7635316469341337786, 5.380208333333306392 ) ) ;
#5315 = CARTESIAN_POINT ( 'NONE',  ( 3.000000000000000000, 2.033783684603541531, -0.9024128347050744958 ) ) ;
#5316 = CARTESIAN_POINT ( 'NONE',  ( 0.000000000000000000, 7.347880794884118750E-16, -5.000000000000000000 ) ) ;
#5317 = CARTESIAN_POINT ( 'NONE',  ( 0.8660254037844379305, -1.500000000000003331, -0.6458333333333482473 ) ) ;
#5318 = CARTESIAN_POINT ( 'NONE',  ( 1.017788105676655341, -0.5876202367904199697, -4.916666666666669627 ) ) ;
#5319 = CARTESIAN_POINT ( 'NONE',  ( -0.7357503364870382478, 1.274356964481451415, 2.001562499999999023 ) ) ;
#5320 = CALENDAR_DATE ( 2025, 8, 10 ) ;
#5321 = AXIS2_PLACEMENT_3D ( 'NONE', #3235, #2672, #4934 ) ;
#5322 = EDGE_CURVE ( 'NONE', #1773, #6844, #2910, .T. ) ;
#5323 = CARTESIAN_POINT ( 'NONE',  ( 0.5529378364870414231, 0.9577164262227702007, -1.912500000000002309 ) ) ;
#5324 = CARTESIAN_POINT ( 'NONE',  ( -1.322475605676654897, 0.7635316469341272283, -2.369791666666676289 ) ) ;
#5325 = CC_DESIGN_APPROVAL ( #1906, ( #6504 ) ) ;
#5326 = CARTESIAN_POINT ( 'NONE',  ( 0.5529378364870414231, 0.9577164262227702007, -2.306250000000001688 ) ) ;
#5327 = CARTESIAN_POINT ( 'NONE',  ( -1.727541851696912191E-14, -1.175240473580835721, 3.062499999999980016 ) ) ;
#5328 = DIRECTION ( 'NONE',  ( 0.000000000000000000, -0.7071067811865474617, 0.7071067811865474617 ) ) ;
#5329 = CARTESIAN_POINT ( 'NONE',  ( 1.499999999999999778, -1.237577271301124363E-14, -4.625000000000000888 ) ) ;
#5330 = CARTESIAN_POINT ( 'NONE',  ( -1.322475605676655119, 0.7635316469341273393, 4.598958333333310833 ) ) ;
#5331 = CARTESIAN_POINT ( 'NONE',  ( -1.017788105676655563, -0.5876202367904191926, 2.916666666666645646 ) ) ;
#5332 = VECTOR ( 'NONE', #6596, 1000.000000000000000 ) ;
#5333 = ORIENTED_EDGE ( 'NONE', *, *, #2787, .T. ) ;
#5334 = CARTESIAN_POINT ( 'NONE',  ( -0.9999999999999997780, 0.5773502691896249539, 6.649999999999999467 ) ) ;
#5335 = VERTEX_POINT ( 'NONE', #3492 ) ;
#5336 = CARTESIAN_POINT ( 'NONE',  ( -0.9217489941567911238, 0.7721404247129485254, 3.000000000000000000 ) ) ;
#5337 = CIRCLE ( 'NONE', #7105, 0.1500000000000001055 ) ;
#5338 = DIRECTION ( 'NONE',  ( 1.000000000000000000, 0.000000000000000000, 0.000000000000000000 ) ) ;
#5339 = CARTESIAN_POINT ( 'NONE',  ( -1.299038105676658006, -0.7500000000000026645, 3.666666666666647867 ) ) ;
#5340 = CARTESIAN_POINT ( 'NONE',  ( -1.763300807568873418, -2.966513306368321794E-15, -2.359375000000008438 ) ) ;
#5341 = CARTESIAN_POINT ( 'NONE',  ( -0.8294067547305613575, -0.4788582131113798823, 0.9749999999999975353 ) ) ;
#5342 = CARTESIAN_POINT ( 'NONE',  ( 0.000000000000000000, 1.175240473580829725, -4.250000000000005329 ) ) ;
#5343 = AXIS2_PLACEMENT_3D ( 'NONE', #1935, #6939, #7012 ) ;
#5344 = CARTESIAN_POINT ( 'NONE',  ( -1.082531754730548634, 0.6250000000000037748, -0.1687499999999971523 ) ) ;
#5345 = CARTESIAN_POINT ( 'NONE',  ( 0.5529378364870414231, 0.9577164262227702007, -1.912500000000002309 ) ) ;
#5346 = CARTESIAN_POINT ( 'NONE',  ( -0.6785254037844495878, -1.175240473580828393, 3.458333333333311721 ) ) ;
#5347 = CARTESIAN_POINT ( 'NONE',  ( -1.172864355864553979E-16, -0.9577164262227636504, 0.6562499999999984457 ) ) ;
#5348 = CARTESIAN_POINT ( 'NONE',  ( -1.017788105676655563, 0.5876202367904134194, -1.104166666666678731 ) ) ;
#5349 = CARTESIAN_POINT ( 'NONE',  ( 1.103625504730557205, -0.6371784822407211557, 0.4921874999999969469 ) ) ;
#5350 = VERTEX_POINT ( 'NONE', #5747 ) ;
#5351 = EDGE_CURVE ( 'NONE', #302, #334, #1009, .T. ) ;
#5352 = CARTESIAN_POINT ( 'NONE',  ( -3.000000000000000000, -5.303300858899103076, 4.171930009000629269 ) ) ;
#5353 = CARTESIAN_POINT ( 'NONE',  ( 3.000000000000000000, 7.117402757069116959, -5.986031907170638711 ) ) ;
#5354 = CARTESIAN_POINT ( 'NONE',  ( 1.732050807568876971, -3.392656912481952001E-15, -1.062500000000014211 ) ) ;
#5355 = CARTESIAN_POINT ( 'NONE',  ( 1.017788105676657562, 0.5876202367904096446, -2.833333333333341475 ) ) ;
#5356 = CARTESIAN_POINT ( 'NONE',  ( -1.103625504730557649, -0.6371784822407202675, 0.7640624999999990896 ) ) ;
#5357 = CARTESIAN_POINT ( 'NONE',  ( 0.8294067547305616905, 0.4788582131113862106, 1.649999999999997913 ) ) ;
#5358 = CARTESIAN_POINT ( 'NONE',  ( 1.763300807568873196, -3.398397444352954028E-15, -1.078125000000012212 ) ) ;
#5359 = PRODUCT_DEFINITION_SHAPE ( 'NONE', 'NONE',  #2762 ) ;
#5360 = CARTESIAN_POINT ( 'NONE',  ( 0.5529378364870414231, 0.9577164262227702007, -2.756250000000001421 ) ) ;
#5361 = CARTESIAN_POINT ( 'NONE',  ( 0.6785254037844317132, -1.175240473580838607, 2.604166666666646979 ) ) ;
#5362 = CARTESIAN_POINT ( 'NONE',  ( -0.7794378262904171351, -0.9470402073592187886, 3.000000000000001332 ) ) ;
#5363 = CARTESIAN_POINT ( 'NONE',  ( 0.9812265967410712664, 0.7896809024210531547, -4.868653752597093209 ) ) ;
#5364 = CARTESIAN_POINT ( 'NONE',  ( -1.322475605676655119, 0.7635316469341273393, 4.098958333333309945 ) ) ;
#5365 = CARTESIAN_POINT ( 'NONE',  ( 0.000000000000000000, 1.175240473580829725, 2.749999999999980016 ) ) ;
#5366 = ORIENTED_EDGE ( 'NONE', *, *, #6229, .T. ) ;
#5367 = FACE_OUTER_BOUND ( 'NONE', #4933, .T. ) ;
#5369 = VERTEX_POINT ( 'NONE', #4936 ) ;
#5368 = CC_DESIGN_PERSON_AND_ORGANIZATION_ASSIGNMENT ( #1167, #6690, ( #4503 ) ) ;
#5370 = DIRECTION ( 'NONE',  ( 3.064488108188113379E-16, 1.769283034190819047E-16, 1.000000000000000000 ) ) ;
#5371 = CARTESIAN_POINT ( 'NONE',  ( 0.2422296815669376657, -0.9966837555968679485, -2.889852690773053734 ) ) ;
#5372 = CARTESIAN_POINT ( 'NONE',  ( -1.836970198721029688E-16, -1.500000000000002887, 0.7499999999999868994 ) ) ;
#5373 = CARTESIAN_POINT ( 'NONE',  ( 0.000000000000000000, 1.527063293868257343, -1.984375000000009104 ) ) ;
#5374 = ORIENTED_EDGE ( 'NONE', *, *, #9, .F. ) ;
#5375 = CARTESIAN_POINT ( 'NONE',  ( 0.5529378364870414231, 0.9577164262227699787, 0.7874999999999974243 ) ) ;
#5376 = CARTESIAN_POINT ( 'NONE',  ( 1.357050807568873863, -3.323770530029912691E-15, 7.187499999999969802 ) ) ;
#5377 = CARTESIAN_POINT ( 'NONE',  ( 0.000000000000000000, 1.250000000000004219, -1.593749999999996669 ) ) ;
#5378 = CARTESIAN_POINT ( 'NONE',  ( -0.5529378364870407569, 0.9577164262227704228, -1.387500000000002176 ) ) ;
#5379 = CARTESIAN_POINT ( 'NONE',  ( 0.6785254037844543618, 1.175240473580819733, 4.208333333333310833 ) ) ;
#5380 = CARTESIAN_POINT ( 'NONE',  ( -0.5529378364870412010, -0.9577164262227633174, 0.6187499999999982458 ) ) ;
#5381 = CARTESIAN_POINT ( 'NONE',  ( 0.6785254037844377084, 1.175240473580829059, 0.2708333333333191040 ) ) ;
#5382 = CARTESIAN_POINT ( 'NONE',  ( -1.560637177523342561E-16, -1.274356964481444532, 2.217187499999996980 ) ) ;
#5383 = ORIENTED_EDGE ( 'NONE', *, *, #6760, .F. ) ;
#5384 = DIRECTION ( 'NONE',  ( 0.000000000000000000, 0.000000000000000000, -1.000000000000000000 ) ) ;
#5385 = CARTESIAN_POINT ( 'NONE',  ( 3.000000000000000000, 0.000000000000000000, 0.000000000000000000 ) ) ;
#5386 = EDGE_CURVE ( 'NONE', #448, #3676, #6177, .T. ) ;
#5387 = CARTESIAN_POINT ( 'NONE',  ( -0.8660254037844388186, -1.500000000000002665, 1.270833333333313719 ) ) ;
#5388 = CARTESIAN_POINT ( 'NONE',  ( 1.017788105676656008, 0.5876202367904124202, -4.833333333333337478 ) ) ;
#5389 = CARTESIAN_POINT ( 'NONE',  ( -1.103625504730557427, 0.6371784822407275950, -0.2109375000000010547 ) ) ;
#5390 = APPROVAL_STATUS ( 'not_yet_approved' ) ;
#5391 = CARTESIAN_POINT ( 'NONE',  ( 1.105875672974081736, 3.262471257170722467E-15, -0.1875000000000023315 ) ) ;
#5392 = CARTESIAN_POINT ( 'NONE',  ( -1.870113174931178938E-16, -1.527063293868263116, -1.203125000000012434 ) ) ;
#5393 = EDGE_CURVE ( 'NONE', #1691, #2199, #5568, .T. ) ;
#5394 = CARTESIAN_POINT ( 'NONE',  ( -0.5529378364870407569, 0.9577164262227705338, -2.681250000000001688 ) ) ;
#5395 = CARTESIAN_POINT ( 'NONE',  ( 1.017788105676665777, 0.5876202367903958779, 3.229166666666645646 ) ) ;
#5396 = CARTESIAN_POINT ( 'NONE',  ( 0.6764706046374656667, 0.7641400526929411630, 6.511735735160802285 ) ) ;
#5397 = CARTESIAN_POINT ( 'NONE',  ( 0.2435913520973680413, 1.272868756868498652, -4.832137306530109200 ) ) ;
#5398 = APPROVAL_STATUS ( 'not_yet_approved' ) ;
#5399 = CARTESIAN_POINT ( 'NONE',  ( 0.8816504037844361541, -1.527063293868264005, 5.807291666666641206 ) ) ;
#5400 = CARTESIAN_POINT ( 'NONE',  ( -1.017788105676655563, -0.5876202367904191926, 4.416666666666642982 ) ) ;
#5401 = ORIENTED_EDGE ( 'NONE', *, *, #1848, .F. ) ;
#5402 = CARTESIAN_POINT ( 'NONE',  ( 2.932876473991206545, 1.953743677833598147, -0.9172998287710611987 ) ) ;
#5403 = ORIENTED_EDGE ( 'NONE', *, *, #5857, .F. ) ;
#5404 = CARTESIAN_POINT ( 'NONE',  ( -0.7216878364870328300, -1.249999999999996447, -2.362500000000006928 ) ) ;
#5405 = VECTOR ( 'NONE', #2309, 1000.000000000000114 ) ;
#5406 = CARTESIAN_POINT ( 'NONE',  ( 2.866682547644414658, 5.103952732046619367, -7.933317452355589161 ) ) ;
#5407 = CARTESIAN_POINT ( 'NONE',  ( -0.8660254037844391517, -1.500000000000002665, 3.208333333333315274 ) ) ;
#5408 = CARTESIAN_POINT ( 'NONE',  ( 0.8816504037844375974, 1.527063293868256677, -3.526041666666672736 ) ) ;
#5409 = ORIENTED_EDGE ( 'NONE', *, *, #1260, .F. ) ;
#5410 = CARTESIAN_POINT ( 'NONE',  ( -1.172864355864553979E-16, -0.9577164262227636504, 0.5999999999999976463 ) ) ;
#5411 = CARTESIAN_POINT ( 'NONE',  ( 1.357050807568873863, -3.323770530029912691E-15, 6.687499999999971578 ) ) ;
#5412 = ADVANCED_FACE ( 'NONE', ( #4384 ), #3198, .T. ) ;
#5413 = CARTESIAN_POINT ( 'NONE',  ( -1.530808498934192310E-16, -1.249999999999996669, -2.268749999999996714 ) ) ;
#5414 = CARTESIAN_POINT ( 'NONE',  ( 1.105875672974081736, 3.397129166993422118E-15, -2.887500000000001954 ) ) ;
#5415 = CARTESIAN_POINT ( 'NONE',  ( 1.017788105676665777, 0.5876202367903958779, 3.166666666666645646 ) ) ;
#5416 = CARTESIAN_POINT ( 'NONE',  ( 1.105875672974081736, 3.214779914108515552E-15, 0.7687499999999986011 ) ) ;
#5417 = ORIENTED_EDGE ( 'NONE', *, *, #1126, .T. ) ;
#5418 = CARTESIAN_POINT ( 'NONE',  ( -0.6785254037844372643, -1.175240473580835721, 0.02083333333331889581 ) ) ;
#5419 = CARTESIAN_POINT ( 'NONE',  ( 0.7357503364870390250, 1.274356964481451193, 1.504687499999996403 ) ) ;
#5420 = ORIENTED_EDGE ( 'NONE', *, *, #3061, .T. ) ;
#5421 = DIRECTION ( 'NONE',  ( 0.000000000000000000, 0.000000000000000000, 1.000000000000000000 ) ) ;
#5422 = CARTESIAN_POINT ( 'NONE',  ( 0.000000000000000000, 3.454988393958160231E-16, 6.649999999999999467 ) ) ;
#5423 = CARTESIAN_POINT ( 'NONE',  ( -0.8660254037844383745, 1.499999999999996669, 0.1041666666666498237 ) ) ;
#5424 = CARTESIAN_POINT ( 'NONE',  ( -0.6785254037844415942, -1.175240473580832834, -3.541666666666673180 ) ) ;
#5425 = CARTESIAN_POINT ( 'NONE',  ( -0.7357503364870382478, 1.274356964481451415, 1.551562499999999289 ) ) ;
#5426 = DATE_TIME_ROLE ( 'classification_date' ) ;
#5427 = CARTESIAN_POINT ( 'NONE',  ( -0.8294067547305612464, 0.4788582131113870433, 0.8999999999999971356 ) ) ;
#5428 = CARTESIAN_POINT ( 'NONE',  ( -0.8816504037844364872, 1.527063293868256899, 0.5885416666666503094 ) ) ;
#5429 = CARTESIAN_POINT ( 'NONE',  ( 3.000000000000000000, 0.000000000000000000, -8.000000000000003553 ) ) ;
#5430 = AXIS2_PLACEMENT_3D ( 'NONE', #2558, #4781, #6034 ) ;
#5431 = CARTESIAN_POINT ( 'NONE',  ( -1.017788105676663335, -0.5876202367904058699, 2.479166666666646979 ) ) ;
#5432 = CARTESIAN_POINT ( 'NONE',  ( -3.031310039874818660E-16, 1.154700538379251018, 6.649999999999999467 ) ) ;
#5433 = DIRECTION ( 'NONE',  ( -0.5000000000000039968, 0.8660254037844363761, 0.000000000000000000 ) ) ;
#5434 = PERSON_AND_ORGANIZATION_ROLE ( 'creator' ) ;
#5435 = CARTESIAN_POINT ( 'NONE',  ( -1.439254484199186421E-16, -1.175240473580835721, -4.437500000000004441 ) ) ;
#5436 = CARTESIAN_POINT ( 'NONE',  ( -1.017788105676655563, -0.5876202367904191926, 3.416666666666646091 ) ) ;
#5437 = ORIENTED_EDGE ( 'NONE', *, *, #6316, .F. ) ;
#5438 = CARTESIAN_POINT ( 'NONE',  ( 2.933349480478300464, 5.084323085060613145, 7.866650519521695806 ) ) ;
#5439 = CC_DESIGN_SECURITY_CLASSIFICATION ( #5797, ( #6504 ) ) ;
#5440 = EDGE_CURVE ( 'NONE', #821, #117, #2638, .T. ) ;
#5441 = CIRCLE ( 'NONE', #3554, 9.300000000000000711 ) ;
#5442 = ORIENTED_EDGE ( 'NONE', *, *, #249, .T. ) ;
#5443 = CARTESIAN_POINT ( 'NONE',  ( 1.082531754730548634, -0.6249999999999972244, -2.250000000000007105 ) ) ;
#5444 = CARTESIAN_POINT ( 'NONE',  ( 0.4799551022242336540, -0.9608821302697785338, -2.850112812818073937 ) ) ;
#5445 = CARTESIAN_POINT ( 'NONE',  ( 0.8660254037844381525, -1.500000000000003331, 2.791666666666649199 ) ) ;
#5446 = CARTESIAN_POINT ( 'NONE',  ( 1.322475605676654675, -0.7635316469341338896, -2.151041666666675400 ) ) ;
#5447 = ORIENTED_EDGE ( 'NONE', *, *, #5015, .T. ) ;
#5448 = CARTESIAN_POINT ( 'NONE',  ( 2.800000000000001155, -5.123475382979804316, 7.999999999999996447 ) ) ;
#5449 = CARTESIAN_POINT ( 'NONE',  ( -0.6785254037844372643, -1.175240473580835721, -4.541666666666671404 ) ) ;
#5450 = CARTESIAN_POINT ( 'NONE',  ( -0.8816504037844370423, -1.527063293868262894, 6.755208333333303727 ) ) ;
#5451 = CIRCLE ( 'NONE', #4988, 1.249999999999998446 ) ;
#5452 = CARTESIAN_POINT ( 'NONE',  ( -0.7216878364870328300, -1.249999999999996447, -1.856249999999996847 ) ) ;
#5453 = CONICAL_SURFACE ( 'NONE', #4638, 9.500000000000000000, 0.7853981633974418397 ) ;
#5454 = CARTESIAN_POINT ( 'NONE',  ( 0.5529378364870414231, 0.9577164262227702007, -1.462500000000002354 ) ) ;
#5455 = CARTESIAN_POINT ( 'NONE',  ( -0.8294067547305613575, -0.4788582131113798268, 0.5812499999999984901 ) ) ;
#5456 = CARTESIAN_POINT ( 'NONE',  ( 1.357050807568873863, -3.323770530029912691E-15, 0.1874999999999854283 ) ) ;
#5457 = CARTESIAN_POINT ( 'NONE',  ( -0.7357503364870385809, -1.274356964481444532, 1.279687499999996980 ) ) ;
#5458 = VERTEX_POINT ( 'NONE', #7185 ) ;
#5459 = CIRCLE ( 'NONE', #2172, 0.1500000000000001055 ) ;
#5460 = CARTESIAN_POINT ( 'NONE',  ( 0.9093266739736605153, 0.5250000000000024647, 3.449999999999995737 ) ) ;
#5461 = CIRCLE ( 'NONE', #4884, 0.7946314968241675603 ) ;
#5462 = CARTESIAN_POINT ( 'NONE',  ( 1.299038105676658450, 0.7499999999999958922, -0.02083333333335029083 ) ) ;
#5463 = CARTESIAN_POINT ( 'NONE',  ( -1.357050807568874085, 6.899483190271090536E-15, -1.125000000000011324 ) ) ;
#5464 = CARTESIAN_POINT ( 'NONE',  ( 0.000000000000000000, 1.274356964481451415, 1.964062499999998712 ) ) ;
#5465 = CARTESIAN_POINT ( 'NONE',  ( 0.8294067547305610244, -0.4788582131113804929, 0.6749999999999976019 ) ) ;
#5466 = CARTESIAN_POINT ( 'NONE',  ( 1.763300807568873196, -3.398397444352954028E-15, 1.921874999999980904 ) ) ;
#5467 = CARTESIAN_POINT ( 'NONE',  ( 0.5529378364870405349, -0.9577164262227636504, -0.6562500000000013323 ) ) ;
#5468 = DIRECTION ( 'NONE',  ( 1.000000000000000000, 0.000000000000000000, 0.000000000000000000 ) ) ;
#5469 = CARTESIAN_POINT ( 'NONE',  ( -1.357050807568874085, 1.953334339401069406E-14, 3.437499999999978684 ) ) ;
#5470 = CARTESIAN_POINT ( 'NONE',  ( 0.9273049422875226933, -0.2394291065556591325, 3.000000000000000888 ) ) ;
#5471 = CARTESIAN_POINT ( 'NONE',  ( 1.077573870087404240, 0.6388618118488539332, -4.875474413348524827 ) ) ;
#5472 = COORDINATED_UNIVERSAL_TIME_OFFSET ( 6, 0, .BEHIND. ) ;
#5473 = CARTESIAN_POINT ( 'NONE',  ( 0.000000000000000000, 1.175240473580829725, -4.187500000000005329 ) ) ;
#5474 = CARTESIAN_POINT ( 'NONE',  ( 1.017788105676656008, 0.5876202367904124202, 5.666666666666641206 ) ) ;
#5475 = EDGE_LOOP ( 'NONE', ( #1812 ) ) ;
#5476 = DIRECTION ( 'NONE',  ( -0.000000000000000000, 5.195471269110015593E-17, 1.000000000000000000 ) ) ;
#5477 = EDGE_LOOP ( 'NONE', ( #3128, #2355, #5696, #1617 ) ) ;
#5478 = CARTESIAN_POINT ( 'NONE',  ( 1.443375672974064994, 3.279023960360465513E-15, -1.762500000000006839 ) ) ;
#5479 = DIRECTION ( 'NONE',  ( 0.000000000000000000, 0.000000000000000000, -1.000000000000000000 ) ) ;
#5480 = CARTESIAN_POINT ( 'NONE',  ( 1.299038105676658450, 0.7499999999999957812, 1.916666666666650753 ) ) ;
#5481 = EDGE_CURVE ( 'NONE', #5458, #6995, #6193, .T. ) ;
#5482 = EDGE_CURVE ( 'NONE', #3852, #6917, #1573, .T. ) ;
#5483 = CARTESIAN_POINT ( 'NONE',  ( 0.000000000000000000, 1.527063293868257343, -0.4843750000000125455 ) ) ;
#5484 = ORIENTED_EDGE ( 'NONE', *, *, #4136, .F. ) ;
#5485 = CARTESIAN_POINT ( 'NONE',  ( -1.017788105676655563, -0.5876202367904191926, -1.583333333333344140 ) ) ;
#5486 = CARTESIAN_POINT ( 'NONE',  ( 0.8816504037844374864, 1.527063293868256677, 5.505208333333306392 ) ) ;
#5487 = CARTESIAN_POINT ( 'NONE',  ( 0.7216878364870319418, -1.249999999999996891, -1.781249999999997113 ) ) ;
#5488 = CARTESIAN_POINT ( 'NONE',  ( 0.000000000000000000, 0.9577164262227704228, -0.5250000000000024647 ) ) ;
#5489 = DIRECTION ( 'NONE',  ( 0.000000000000000000, 0.000000000000000000, 1.000000000000000000 ) ) ;
#5490 = FACE_OUTER_BOUND ( 'NONE', #2826, .T. ) ;
#5491 = CARTESIAN_POINT ( 'NONE',  ( -0.6785254037844368202, 1.175240473580829503, 0.8541666666666506424 ) ) ;
#5492 = CARTESIAN_POINT ( 'NONE',  ( -1.471500672974076718, 3.396515827466032616E-15, 3.004687499999997069 ) ) ;
#5493 = ORIENTED_EDGE ( 'NONE', *, *, #2147, .T. ) ;
#5494 = LINE ( 'NONE', #5534, #2821 ) ;
#5495 = FACE_OUTER_BOUND ( 'NONE', #1410, .T. ) ;
#5496 = CARTESIAN_POINT ( 'NONE',  ( 0.000000000000000000, 1.499999999999996669, 4.062499999999974243 ) ) ;
#5497 = LOCAL_TIME ( 13, 37, 30.00000000000000000, #4329 ) ;
#5498 = CARTESIAN_POINT ( 'NONE',  ( -1.357050807568874085, 6.234720019163266740E-15, -2.125000000000009770 ) ) ;
#5499 = CARTESIAN_POINT ( 'NONE',  ( 0.8294067547305616905, 0.4788582131113864326, -2.793750000000001510 ) ) ;
#5500 = CARTESIAN_POINT ( 'NONE',  ( 0.8294067547305610244, -0.4788582131113804929, 1.574999999999997513 ) ) ;
#5501 = CARTESIAN_POINT ( 'NONE',  ( -1.322475605676654897, 0.7635316469341272283, 2.130208333333313941 ) ) ;
#5502 = CC_DESIGN_PERSON_AND_ORGANIZATION_ASSIGNMENT ( #5786, #2462, ( #6504 ) ) ;
#5503 = CARTESIAN_POINT ( 'NONE',  ( -1.105875672974081736, 3.609077752078517018E-15, -1.706250000000001377 ) ) ;
#5504 = CARTESIAN_POINT ( 'NONE',  ( 0.000000000000000000, 0.9577164262227704228, -1.818750000000001643 ) ) ;
#5505 = CARTESIAN_POINT ( 'NONE',  ( 3.000000000000000000, 7.800000000000002487, -5.064582904840237099 ) ) ;
#5506 = CARTESIAN_POINT ( 'NONE',  ( -4.899999999999997691, 8.000000000000003553, 3.333095244168785332 ) ) ;
#5507 = CARTESIAN_POINT ( 'NONE',  ( 0.000000000000000000, -4.041334437186261072E-16, 6.649999999999999467 ) ) ;
#5508 = COORDINATED_UNIVERSAL_TIME_OFFSET ( 6, 0, .BEHIND. ) ;
#5509 = CARTESIAN_POINT ( 'NONE',  ( -0.6785254037844368202, 1.175240473580829503, -5.145833333333336590 ) ) ;
#5510 = CARTESIAN_POINT ( 'NONE',  ( -1.439254484199186421E-16, -1.175240473580835721, 6.499999999999970690 ) ) ;
#5511 = ORIENTED_EDGE ( 'NONE', *, *, #5667, .T. ) ;
#5512 = DIRECTION ( 'NONE',  ( 0.000000000000000000, 0.7071067811865474617, -0.7071067811865474617 ) ) ;
#5513 = ORIENTED_EDGE ( 'NONE', *, *, #2393, .T. ) ;
#5514 = CARTESIAN_POINT ( 'NONE',  ( 1.443375672974064994, 3.301466945330915849E-15, -2.212500000000007461 ) ) ;
#5515 = CARTESIAN_POINT ( 'NONE',  ( -1.017788105676658006, -0.5876202367904151957, -1.520833333333344140 ) ) ;
#5516 = CARTESIAN_POINT ( 'NONE',  ( 3.000000000000000000, 0.000000000000000000, 0.000000000000000000 ) ) ;
#5517 = CARTESIAN_POINT ( 'NONE',  ( 0.000000000000000000, 1.499999999999996669, 1.499999999999984901 ) ) ;
#5518 = CARTESIAN_POINT ( 'NONE',  ( 1.763300807568873418, -3.398397444352954817E-15, 0.3906249999999856226 ) ) ;
#5519 = ORIENTED_EDGE ( 'NONE', *, *, #1279, .F. ) ;
#5520 = CARTESIAN_POINT ( 'NONE',  ( -1.017788105676655563, -0.5876202367904191926, -1.083333333333345028 ) ) ;
#5521 = CYLINDRICAL_SURFACE ( 'NONE', #5559, 0.7946314968241676713 ) ;
#5522 = EDGE_CURVE ( 'NONE', #807, #4087, #6043, .T. ) ;
#5523 = VECTOR ( 'NONE', #5560, 1000.000000000000000 ) ;
#5524 = B_SPLINE_CURVE_WITH_KNOTS ( 'NONE', 3,
 ( #625, #2870, #5120, #1036, #2137, #4390, #3453, #5744 ),
 .UNSPECIFIED., .F., .F.,
 ( 4, 2, 2, 4 ),
 ( 2.544396950733344179E-07, 0.0002984430161323456377, 0.0005966315925696179679, 0.001193008745444162737 ),
 .UNSPECIFIED. ) ;
#5525 = CARTESIAN_POINT ( 'NONE',  ( 1.082531754730548634, -0.6249999999999972244, -2.643749999999996714 ) ) ;
#5526 = CARTESIAN_POINT ( 'NONE',  ( -0.5529378364870407569, 0.9577164262227703118, 0.4124999999999974798 ) ) ;
#5527 = VERTEX_POINT ( 'NONE', #2179 ) ;
#5528 = CARTESIAN_POINT ( 'NONE',  ( 2.800000000000001155, -5.123475382979792769, -8.000000000000003553 ) ) ;
#5529 = CARTESIAN_POINT ( 'NONE',  ( -1.017788105676655563, -0.5876202367904191926, 2.979166666666645646 ) ) ;
#5530 = AXIS2_PLACEMENT_3D ( 'NONE', #3935, #4570, #1221 ) ;
#5531 = CARTESIAN_POINT ( 'NONE',  ( -1.103625504730557649, -0.6371784822407203785, 3.042187499999996270 ) ) ;
#5532 = ORIENTED_EDGE ( 'NONE', *, *, #3723, .F. ) ;
#5533 = ADVANCED_FACE ( 'NONE', ( #995 ), #2565, .T. ) ;
#5534 = CARTESIAN_POINT ( 'NONE',  ( 3.000000000000000000, 8.000000000000003553, -5.123475382979792769 ) ) ;
#5535 = CARTESIAN_POINT ( 'NONE',  ( -1.299038105676658006, -0.7500000000000026645, 3.729166666666642982 ) ) ;
#5536 = CARTESIAN_POINT ( 'NONE',  ( -0.8294067547305613575, -0.4788582131113797713, -0.7687500000000015987 ) ) ;
#5537 = CARTESIAN_POINT ( 'NONE',  ( -6.046323735829545738E-15, -1.175240473580835721, -2.000000000000010214 ) ) ;
#5538 = CARTESIAN_POINT ( 'NONE',  ( 0.5529378364870405349, -0.9577164262227636504, -2.906250000000001332 ) ) ;
#5539 = CARTESIAN_POINT ( 'NONE',  ( -1.105875672974081736, 3.387453275495324237E-15, 2.737499999999996714 ) ) ;
#5540 = CARTESIAN_POINT ( 'NONE',  ( -1.870113174931178938E-16, -1.527063293868263116, 1.796874999999981570 ) ) ;
#5541 = CARTESIAN_POINT ( 'NONE',  ( -1.172864355864553979E-16, -0.9577164262227635394, -0.2437500000000017708 ) ) ;
#5542 = CARTESIAN_POINT ( 'NONE',  ( -0.8660254037844383745, 1.499999999999996669, -3.895833333333341475 ) ) ;
#5543 = EDGE_CURVE ( 'NONE', #5204, #6368, #3238, .T. ) ;
#5544 = FACE_OUTER_BOUND ( 'NONE', #7044, .T. ) ;
#5545 = CARTESIAN_POINT ( 'NONE',  ( -0.4684388098102955089, 1.246777656883086172, -4.805378454149072276 ) ) ;
#5546 = CALENDAR_DATE ( 2025, 8, 10 ) ;
#5547 = CARTESIAN_POINT ( 'NONE',  ( -1.017788105676655563, 0.5876202367904134194, -5.104166666666669627 ) ) ;
#5548 = CARTESIAN_POINT ( 'NONE',  ( -1.017788105676655563, -0.5876202367904191926, 6.416666666666638541 ) ) ;
#5549 = ORIENTED_EDGE ( 'NONE', *, *, #580, .T. ) ;
#5550 = CARTESIAN_POINT ( 'NONE',  ( 0.000000000000000000, 3.454988393958160231E-16, 6.649999999999999467 ) ) ;
#5551 = UNCERTAINTY_MEASURE_WITH_UNIT (LENGTH_MEASURE( 1.000000000000000082E-05 ), #2321, 'distance_accuracy_value', 'NONE');
#5552 = ORIENTED_EDGE ( 'NONE', *, *, #1966, .T. ) ;
#5553 = CARTESIAN_POINT ( 'NONE',  ( 0.000000000000000000, 1.250000000000003997, 0.1499999999999927502 ) ) ;
#5554 = CARTESIAN_POINT ( 'NONE',  ( -0.6785254037844347108, 1.175240473580830836, -2.645833333333341475 ) ) ;
#5555 = CARTESIAN_POINT ( 'NONE',  ( 0.1345470299149461313, 1.116310608058318055, 4.499999999999995559 ) ) ;
#5556 = CARTESIAN_POINT ( 'NONE',  ( 1.732050807568876971, -3.392656912481952001E-15, -0.1250000000000112688 ) ) ;
#5557 = CARTESIAN_POINT ( 'NONE',  ( 1.322475605676655785, 0.7635316469341261181, -0.5677083333333453607 ) ) ;
#5558 = CARTESIAN_POINT ( 'NONE',  ( -0.6785254037844368202, 1.175240473580829503, -3.208333333333340587 ) ) ;
#5559 = AXIS2_PLACEMENT_3D ( 'NONE', #2798, #6670, #1628 ) ;
#5560 = DIRECTION ( 'NONE',  ( -1.000000000000000000, -0.000000000000000000, -0.000000000000000000 ) ) ;
#5561 = LOCAL_TIME ( 13, 37, 30.00000000000000000, #2124 ) ;
#5562 = CARTESIAN_POINT ( 'NONE',  ( 0.7649561955328726404, -1.093532356820210216, -4.804329711803990932 ) ) ;
#5563 = CARTESIAN_POINT ( 'NONE',  ( 0.5529378364870405349, -0.9577164262227636504, -0.7125000000000022427 ) ) ;
#5564 = VERTEX_POINT ( 'NONE', #2072 ) ;
#5565 = CARTESIAN_POINT ( 'NONE',  ( -1.105875672974081736, 3.362204917403566869E-15, 3.243749999999998579 ) ) ;
#5566 = CARTESIAN_POINT ( 'NONE',  ( -0.6785254037844368202, 1.175240473580829503, 2.854166666666646979 ) ) ;
#5567 = CARTESIAN_POINT ( 'NONE',  ( 1.471500672974076718, 3.047323602131081039E-15, 2.779687499999996536 ) ) ;
#5568 = CIRCLE ( 'NONE', #1455, 9.500000000000000000 ) ;
#5569 = CARTESIAN_POINT ( 'NONE',  ( 1.443375672974064994, 3.119117692446010072E-15, 1.443750000000003419 ) ) ;
#5570 = AXIS2_PLACEMENT_3D ( 'NONE', #3546, #3991, #5691 ) ;
#5571 = CARTESIAN_POINT ( 'NONE',  ( 1.299038105676657562, -0.7500000000000035527, 3.895833333333308168 ) ) ;
#5572 = CARTESIAN_POINT ( 'NONE',  ( 0.5529378364870405349, -0.9577164262227636504, -0.6562500000000015543 ) ) ;
#5573 = CARTESIAN_POINT ( 'NONE',  ( 1.017788105676651567, -0.5876202367904264090, -0.9166666666666785090 ) ) ;
#5574 = CARTESIAN_POINT ( 'NONE',  ( 0.7357503364870378038, -1.274356964481444976, 3.126562499999999023 ) ) ;
#5575 = EDGE_CURVE ( 'NONE', #2648, #2648, #5451, .T. ) ;
#5576 = VECTOR ( 'NONE', #457, 1000.000000000000000 ) ;
#5577 = CARTESIAN_POINT ( 'NONE',  ( -0.8294067547305613575, -0.4788582131113799933, 3.224999999999996980 ) ) ;
#5578 = CARTESIAN_POINT ( 'NONE',  ( -1.763300807568873196, -2.966513306368321794E-15, 2.171874999999980460 ) ) ;
#5579 = CIRCLE ( 'NONE', #2402, 1.154700538379250796 ) ;
#5580 = CARTESIAN_POINT ( 'NONE',  ( 1.105875672974081736, 3.282108869019865377E-15, -0.5812500000000014877 ) ) ;
#5581 = FACE_BOUND ( 'NONE', #6442, .T. ) ;
#5582 = DIRECTION ( 'NONE',  ( 0.000000000000000000, 0.000000000000000000, 1.000000000000000000 ) ) ;
#5583 = CARTESIAN_POINT ( 'NONE',  ( 1.471500672974076718, 3.318042108337133857E-15, -2.648437500000000444 ) ) ;
#5584 = PERSON_AND_ORGANIZATION_ROLE ( 'design_owner' ) ;
#5585 = FACE_OUTER_BOUND ( 'NONE', #2861, .T. ) ;
#5586 = CARTESIAN_POINT ( 'NONE',  ( 0.6785254037844365982, -1.175240473580835721, 5.541666666666641206 ) ) ;
#5587 = VERTEX_POINT ( 'NONE', #7145 ) ;
#5588 = EDGE_CURVE ( 'NONE', #2687, #7157, #751, .T. ) ;
#5589 = ORIENTED_EDGE ( 'NONE', *, *, #1490, .T. ) ;
#5590 = CARTESIAN_POINT ( 'NONE',  ( 0.000000000000000000, 1.250000000000004219, -1.200000000000007061 ) ) ;
#5591 = CARTESIAN_POINT ( 'NONE',  ( 1.017788105676651789, -0.5876202367904256318, -2.354166666666675400 ) ) ;
#5592 = PLANE ( 'NONE',  #1697 ) ;
#5593 = VERTEX_POINT ( 'NONE', #4345 ) ;
#5594 = CARTESIAN_POINT ( 'NONE',  ( 1.299038105676657562, -0.7500000000000035527, -1.666666666666674512 ) ) ;
#5595 = CARTESIAN_POINT ( 'NONE',  ( 0.000000000000000000, 1.527063293868257343, 0.01562499999998613609 ) ) ;
#5596 = CARTESIAN_POINT ( 'NONE',  ( -1.357050807568873863, -2.991388944476002371E-15, -3.125000000000007550 ) ) ;
#5597 = CARTESIAN_POINT ( 'NONE',  ( -3.031310039874818660E-16, 1.154700538379251018, 5.495000000000000107 ) ) ;
#5598 = CC_DESIGN_PERSON_AND_ORGANIZATION_ASSIGNMENT ( #3993, #6253, ( #495 ) ) ;
#5599 = CARTESIAN_POINT ( 'NONE',  ( 2.800000000000001155, -5.123475382979792769, -8.000000000000003553 ) ) ;
#5600 = CARTESIAN_POINT ( 'NONE',  ( 0.000000000000000000, 0.9577164262227704228, -0.07500000000000257849 ) ) ;
#5601 = CARTESIAN_POINT ( 'NONE',  ( 2.800000000000005151, 4.490128060534575916, 3.240128060534577692 ) ) ;
#5602 = CARTESIAN_POINT ( 'NONE',  ( -3.000000000000000000, -4.171930009000630157, 5.020458146424486401 ) ) ;
#5603 = CARTESIAN_POINT ( 'NONE',  ( 1.357050807568873863, -3.323770530029912691E-15, 3.687499999999978240 ) ) ;
#5604 = CARTESIAN_POINT ( 'NONE',  ( 0.7357503364870390250, 1.274356964481451193, 2.854687499999996714 ) ) ;
#5605 = CARTESIAN_POINT ( 'NONE',  ( -1.082531754730548634, 0.6250000000000035527, 2.081250000000003375 ) ) ;
#5606 = CARTESIAN_POINT ( 'NONE',  ( 1.732050807568876971, -3.392656912481952001E-15, 2.437499999999977351 ) ) ;
#5607 = CARTESIAN_POINT ( 'NONE',  ( 1.105875672974081736, 3.259665884049415435E-15, -0.1312500000000015876 ) ) ;
#5608 = CARTESIAN_POINT ( 'NONE',  ( 2.014956277878860890E-15, 1.175240473580829725, -1.750000000000010214 ) ) ;
#5609 = CARTESIAN_POINT ( 'NONE',  ( 1.103625504730557205, -0.6371784822407211557, 2.264062499999998757 ) ) ;
#5610 = CARTESIAN_POINT ( 'NONE',  ( -0.5529378364870412010, -0.9577164262227633174, 1.912499999999997646 ) ) ;
#5611 = CARTESIAN_POINT ( 'NONE',  ( -0.8816504037844364872, 1.527063293868256899, 3.588541666666644758 ) ) ;
#5612 = EDGE_CURVE ( 'NONE', #192, #1773, #2132, .T. ) ;
#5613 = ADVANCED_FACE ( 'NONE', ( #842 ), #2390, .F. ) ;
#5614 = CARTESIAN_POINT ( 'NONE',  ( 0.5529378364870405349, -0.9577164262227636504, -1.106250000000001732 ) ) ;
#5615 = LINE ( 'NONE', #469, #2867 ) ;
#5616 = CARTESIAN_POINT ( 'NONE',  ( 7.041719095097280880E-16, 5.409366876077091213, -2.722361107568208372 ) ) ;
#5617 = DIRECTION ( 'NONE',  ( 0.7071067811865521247, 0.4999999999999967804, 0.4999999999999967804 ) ) ;
#5618 = COORDINATED_UNIVERSAL_TIME_OFFSET ( 6, 0, .BEHIND. ) ;
#5619 = CARTESIAN_POINT ( 'NONE',  ( 0.8294067547305616905, 0.4788582131113860996, 2.999999999999997335 ) ) ;
#5620 = CARTESIAN_POINT ( 'NONE',  ( 0.6785254037844377084, 1.175240473580829059, 5.208333333333307280 ) ) ;
#5621 = ORIENTED_EDGE ( 'NONE', *, *, #6543, .F. ) ;
#5622 = DIRECTION ( 'NONE',  ( 0.4999999999999980571, 0.8660254037844398178, 0.000000000000000000 ) ) ;
#5623 = ORIENTED_EDGE ( 'NONE', *, *, #3723, .T. ) ;
#5624 = EDGE_CURVE ( 'NONE', #6608, #1728, #3710, .T. ) ;
#5625 = ORIENTED_EDGE ( 'NONE', *, *, #712, .F. ) ;
#5626 = CARTESIAN_POINT ( 'NONE',  ( -1.082531754730548634, 0.6250000000000037748, 0.6749999999999929390 ) ) ;
#5627 = CARTESIAN_POINT ( 'NONE',  ( -1.017788105676658228, -0.5876202367904148627, -1.020833333333345028 ) ) ;
#5628 = DIRECTION ( 'NONE',  ( 0.000000000000000000, 0.000000000000000000, 1.000000000000000000 ) ) ;
#5629 = CARTESIAN_POINT ( 'NONE',  ( 1.299038105676658450, 0.7499999999999957812, -0.08333333333334486115 ) ) ;
#5630 = CARTESIAN_POINT ( 'NONE',  ( -1.763300807568873418, -2.966513306368321794E-15, -1.359375000000010214 ) ) ;
#5631 = CARTESIAN_POINT ( 'NONE',  ( -1.357050807568873863, -2.991388944476002371E-15, -2.625000000000008438 ) ) ;
#5632 = FACE_BOUND ( 'NONE', #4560, .T. ) ;
#5633 = FACE_OUTER_BOUND ( 'NONE', #1950, .T. ) ;
#5634 = CARTESIAN_POINT ( 'NONE',  ( -3.000000000000000000, 7.117402757069113406, -5.986031907170641375 ) ) ;
#5635 = CARTESIAN_POINT ( 'NONE',  ( -0.5529378364870412010, -0.9577164262227633174, 1.012499999999997735 ) ) ;
#5636 = ADVANCED_FACE ( 'NONE', ( #3672 ), #4266, .T. ) ;
#5637 = SHAPE_REPRESENTATION_RELATIONSHIP ( 'NONE' , 'NONE' ,  #227, #744 ) ;
#5638 = CARTESIAN_POINT ( 'NONE',  ( 0.8294067547305616905, 0.4788582131113864326, -2.850000000000002309 ) ) ;
#5639 = CARTESIAN_POINT ( 'NONE',  ( 1.017788105676655341, -0.5876202367904199697, 3.145833333333313053 ) ) ;
#5640 = PLANE ( 'NONE',  #3340 ) ;
#5641 = AXIS2_PLACEMENT_3D ( 'NONE', #6749, #58, #3423 ) ;
#5642 = CARTESIAN_POINT ( 'NONE',  ( -1.443375672974064994, 3.461421279535753301E-15, 1.668750000000002398 ) ) ;
#5643 = VECTOR ( 'NONE', #3818, 1000.000000000000114 ) ;
#5644 = CARTESIAN_POINT ( 'NONE',  ( -1.732050807568876971, -2.968426816991988742E-15, 4.687499999999973355 ) ) ;
#5645 = CARTESIAN_POINT ( 'NONE',  ( 0.5529378364870414231, 0.9577164262227702007, -1.406250000000001776 ) ) ;
#5646 = CARTESIAN_POINT ( 'NONE',  ( -0.6785254037844391517, -1.175240473580834388, -0.04166666666668116664 ) ) ;
#5647 = CARTESIAN_POINT ( 'NONE',  ( -0.7357503364870382478, 1.274356964481451415, 3.351562499999998668 ) ) ;
#5648 = CARTESIAN_POINT ( 'NONE',  ( -0.7357503364870385809, -1.274356964481444088, -3.220312500000002576 ) ) ;
#5649 = CARTESIAN_POINT ( 'NONE',  ( -1.322475605676654897, 0.7635316469341272283, 4.630208333333309056 ) ) ;
#5650 = CARTESIAN_POINT ( 'NONE',  ( 0.5529378364870405349, -0.9577164262227639835, 2.943749999999998312 ) ) ;
#5651 = CARTESIAN_POINT ( 'NONE',  ( 3.000000000000000000, 8.000000000000003553, 5.123475382979792769 ) ) ;
#5652 = DIRECTION ( 'NONE',  ( -0.000000000000000000, 1.224646799147353454E-16, -1.000000000000000000 ) ) ;
#5653 = CARTESIAN_POINT ( 'NONE',  ( 3.000000000000000000, 1.791857758372713105, -0.9433296209488570838 ) ) ;
#5654 = APPROVAL_ROLE ( '' ) ;
#5655 = CARTESIAN_POINT ( 'NONE',  ( 0.9093266739736641791, -0.5249999999999939160, 3.449999999999996181 ) ) ;
#5656 = CARTESIAN_POINT ( 'NONE',  ( 0.000000000000000000, 1.527063293868257121, -3.453125000000007550 ) ) ;
#5657 = B_SPLINE_CURVE_WITH_KNOTS ( 'NONE', 3,
 ( #5104, #4106, #758, #3004 ),
 .UNSPECIFIED., .F., .F.,
 ( 4, 4 ),
 ( 0.000000000000000000, 0.0007480589644917846285 ),
 .UNSPECIFIED. ) ;
#5658 = ORIENTED_EDGE ( 'NONE', *, *, #403, .T. ) ;
#5659 = CARTESIAN_POINT ( 'NONE',  ( 1.357050807568874085, -3.656152115583823012E-15, -4.312500000000004441 ) ) ;
#5660 = ORIENTED_EDGE ( 'NONE', *, *, #558, .F. ) ;
#5661 = CARTESIAN_POINT ( 'NONE',  ( -1.530808498934192310E-16, -1.249999999999996891, -0.07500000000000721367 ) ) ;
#5662 = CARTESIAN_POINT ( 'NONE',  ( -1.017788105676654009, 0.5876202367904157509, -2.604166666666675400 ) ) ;
#5663 = DIRECTION ( 'NONE',  ( 1.000000000000000000, 0.000000000000000000, 0.000000000000000000 ) ) ;
#5664 = CARTESIAN_POINT ( 'NONE',  ( -1.299038105676658006, 0.7499999999999971134, 0.08333333333332165749 ) ) ;
#5665 = CARTESIAN_POINT ( 'NONE',  ( -1.322475605676655119, 0.7635316469341273393, 2.098958333333315718 ) ) ;
#5666 = CARTESIAN_POINT ( 'NONE',  ( 0.6785254037844377084, 1.175240473580829059, 1.208333333333316384 ) ) ;
#5667 = EDGE_CURVE ( 'NONE', #1508, #2020, #5096, .T. ) ;
#5668 = ORIENTED_EDGE ( 'NONE', *, *, #4542, .F. ) ;
#5669 = FACE_OUTER_BOUND ( 'NONE', #2036, .T. ) ;
#5670 = CARTESIAN_POINT ( 'NONE',  ( -1.082531754730548856, -0.6249999999999967804, 2.999999999999992450 ) ) ;
#5671 = CARTESIAN_POINT ( 'NONE',  ( 3.000000000000000000, -4.490128060534575916, -4.490128060534575916 ) ) ;
#5672 = CARTESIAN_POINT ( 'NONE',  ( 0.8294067547305610244, -0.4788582131113805485, 2.024999999999997247 ) ) ;
#5673 = DIRECTION ( 'NONE',  ( 0.000000000000000000, 0.7071067811865474617, 0.7071067811865476838 ) ) ;
#5674 = CARTESIAN_POINT ( 'NONE',  ( 0.8294067547305616905, 0.4788582131113863771, -1.950000000000002398 ) ) ;
#5675 = CARTESIAN_POINT ( 'NONE',  ( 0.000000000000000000, 1.175240473580829725, 3.312499999999978684 ) ) ;
#5676 = ORIENTED_EDGE ( 'NONE', *, *, #4855, .F. ) ;
#5677 = CARTESIAN_POINT ( 'NONE',  ( -0.8294067547305612464, 0.4788582131113871543, -1.743750000000001688 ) ) ;
#5678 = AXIS2_PLACEMENT_3D ( 'NONE', #666, #5160, #4573 ) ;
#5679 = EDGE_CURVE ( 'NONE', #7157, #5458, #2756, .T. ) ;
#5680 = CARTESIAN_POINT ( 'NONE',  ( -0.7216878364870328300, -1.249999999999996891, 1.743750000000002798 ) ) ;
#5681 = CARTESIAN_POINT ( 'NONE',  ( 0.8294067547305616905, 0.4788582131113861551, 2.606249999999998401 ) ) ;
#5682 = CARTESIAN_POINT ( 'NONE',  ( -0.6785254037844403729, -1.175240473580833500, 1.958333333333314608 ) ) ;
#5683 = CARTESIAN_POINT ( 'NONE',  ( -1.105875672974081736, 3.519305812196717645E-15, 0.09374999999999834854 ) ) ;
#5684 = CARTESIAN_POINT ( 'NONE',  ( -0.6785254037844372643, -1.175240473580835721, -4.979166666666669627 ) ) ;
#5685 = CIRCLE ( 'NONE', #3913, 1.499999999999997113 ) ;
#5686 = CARTESIAN_POINT ( 'NONE',  ( 1.103625504730557205, -0.6371784822407209337, -2.657812500000003020 ) ) ;
#5687 = CARTESIAN_POINT ( 'NONE',  ( 0.8816504037844374864, 1.527063293868256677, 4.005208333333310833 ) ) ;
#5688 = AXIS2_PLACEMENT_3D ( 'NONE', #4700, #6251, #3509 ) ;
#5689 = CARTESIAN_POINT ( 'NONE',  ( 0.000000000000000000, 0.9577164262227702007, 2.681249999999997691 ) ) ;
#5690 = CARTESIAN_POINT ( 'NONE',  ( 1.299038105676657562, -0.7500000000000035527, -2.104166666666678953 ) ) ;
#5691 = DIRECTION ( 'NONE',  ( 0.000000000000000000, 0.000000000000000000, 1.000000000000000000 ) ) ;
#5692 = CARTESIAN_POINT ( 'NONE',  ( -0.7357503364870385809, -1.274356964481444088, -2.798437500000000799 ) ) ;
#5693 = COORDINATED_UNIVERSAL_TIME_OFFSET ( 6, 0, .BEHIND. ) ;
#5694 = DIRECTION ( 'NONE',  ( 0.000000000000000000, 0.000000000000000000, -1.000000000000000000 ) ) ;
#5695 = CARTESIAN_POINT ( 'NONE',  ( 1.763300807568873196, -3.398397444352954028E-15, -5.078125000000003553 ) ) ;
#5696 = ORIENTED_EDGE ( 'NONE', *, *, #4635, .F. ) ;
#5697 = CARTESIAN_POINT ( 'NONE',  ( 1.017788105676657340, 0.5876202367904101997, -3.770833333333339255 ) ) ;
#5698 = AXIS2_PLACEMENT_3D ( 'NONE', #2476, #2440, #2580 ) ;
#5699 = UNCERTAINTY_MEASURE_WITH_UNIT (LENGTH_MEASURE( 1.000000000000000082E-05 ), #3898, 'distance_accuracy_value', 'NONE');
#5700 = VERTEX_POINT ( 'NONE', #5555 ) ;
#5701 = CARTESIAN_POINT ( 'NONE',  ( 1.082531754730549078, 0.6250000000000026645, 2.774999999999992806 ) ) ;
#5702 = CARTESIAN_POINT ( 'NONE',  ( -0.6785254037844291597, 1.175240473580834166, -0.1458333333333467485 ) ) ;
#5703 = CARTESIAN_POINT ( 'NONE',  ( -0.8739579379770825440, 0.9142685818801211672, 4.761613473117606965 ) ) ;
#5704 = CARTESIAN_POINT ( 'NONE',  ( 1.299038105676657562, -0.7500000000000035527, 0.3333333333333209358 ) ) ;
#5705 = CARTESIAN_POINT ( 'NONE',  ( 1.322475605676655785, 0.7635316469341261181, 1.432291666666650309 ) ) ;
#5706 = CARTESIAN_POINT ( 'NONE',  ( -1.017788105676655563, -0.5876202367904191926, 1.916666666666648089 ) ) ;
#5707 = EDGE_LOOP ( 'NONE', ( #5621 ) ) ;
#5708 = DIRECTION ( 'NONE',  ( -0.000000000000000000, -0.000000000000000000, 1.000000000000000000 ) ) ;
#5709 = ORIENTED_EDGE ( 'NONE', *, *, #7151, .T. ) ;
#5710 = EDGE_CURVE ( 'NONE', #5335, #246, #6166, .T. ) ;
#5711 = EDGE_CURVE ( 'NONE', #4102, #1067, #4636, .T. ) ;
#5712 = CARTESIAN_POINT ( 'NONE',  ( 0.000000000000000000, 3.454988393958160231E-16, 6.649999999999999467 ) ) ;
#5713 = DIRECTION ( 'NONE',  ( 0.000000000000000000, 0.000000000000000000, -1.000000000000000000 ) ) ;
#5714 = CARTESIAN_POINT ( 'NONE',  ( 1.763300807568873418, -3.398397444352954817E-15, -4.609375000000002665 ) ) ;
#5715 =( LENGTH_UNIT ( ) NAMED_UNIT ( * ) SI_UNIT ( .MILLI., .METRE. ) );
#5716 = CARTESIAN_POINT ( 'NONE',  ( -1.105875672974081736, 3.544554170288473435E-15, -0.4125000000000022538 ) ) ;
#5717 = CARTESIAN_POINT ( 'NONE',  ( 0.000000000000000000, 1.175240473580829725, 5.312499999999975131 ) ) ;
#5718 = CARTESIAN_POINT ( 'NONE',  ( -0.8294067547305613575, -0.4788582131113797158, -2.568750000000001421 ) ) ;
#5719 = CARTESIAN_POINT ( 'NONE',  ( 1.443375672974064994, 3.074231722505109400E-15, 2.343750000000002665 ) ) ;
#5720 = CARTESIAN_POINT ( 'NONE',  ( 1.105875672974081736, 3.102564989256265448E-15, 3.018749999999998046 ) ) ;
#5721 = CARTESIAN_POINT ( 'NONE',  ( -0.6785254037844479225, -1.175240473580829059, 0.4583333333333184378 ) ) ;
#5722 = CARTESIAN_POINT ( 'NONE',  ( -0.5529378364870407569, 0.9577164262227704228, -0.8812500000000017542 ) ) ;
#5723 = CARTESIAN_POINT ( 'NONE',  ( -0.6785254037844368202, 1.175240473580829503, -2.145833333333343251 ) ) ;
#5724 = CARTESIAN_POINT ( 'NONE',  ( 0.000000000000000000, 1.274356964481451415, -0.2578125000000032752 ) ) ;
#5725 = CARTESIAN_POINT ( 'NONE',  ( -0.8816504037844370423, -1.527063293868262894, 3.255208333333311721 ) ) ;
#5726 = CARTESIAN_POINT ( 'NONE',  ( -0.5529378364870412010, -0.9577164262227633174, 1.068749999999998535 ) ) ;
#5727 = CARTESIAN_POINT ( 'NONE',  ( -1.836970198721029688E-16, -1.500000000000002887, -3.687500000000008438 ) ) ;
#5728 = CARTESIAN_POINT ( 'NONE',  ( 3.000000000000000000, -5.064582904840245980, 7.799999999999995381 ) ) ;
#5729 = CARTESIAN_POINT ( 'NONE',  ( 1.103625504730557871, 0.6371784822407265958, -1.710937500000000888 ) ) ;
#5730 = DATE_AND_TIME ( #3476, #3612 ) ;
#5731 = CC_DESIGN_DATE_AND_TIME_ASSIGNMENT ( #1532, #5426, ( #220 ) ) ;
#5732 = CARTESIAN_POINT ( 'NONE',  ( 0.8294067547305610244, -0.4788582131113803819, -0.6750000000000023759 ) ) ;
#5733 = CARTESIAN_POINT ( 'NONE',  ( -1.322475605676654897, 0.7635316469341272283, -3.369791666666674068 ) ) ;
#5734 = EDGE_LOOP ( 'NONE', ( #137 ) ) ;
#5735 = CARTESIAN_POINT ( 'NONE',  ( -1.357050807568874085, 4.163622956243315449E-16, -3.562500000000007105 ) ) ;
#5736 = LOCAL_TIME ( 13, 37, 30.00000000000000000, #7018 ) ;
#5737 = CARTESIAN_POINT ( 'NONE',  ( 1.082531754730548634, -0.6249999999999974465, 1.799999999999992717 ) ) ;
#5738 = CARTESIAN_POINT ( 'NONE',  ( -0.6785254037844283825, 1.175240473580834388, 1.354166666666649421 ) ) ;
#5739 = FACE_BOUND ( 'NONE', #1479, .T. ) ;
#5740 = CARTESIAN_POINT ( 'NONE',  ( 0.000000000000000000, 1.499999999999996669, -4.000000000000003553 ) ) ;
#5741 = CARTESIAN_POINT ( 'NONE',  ( 1.763300807568873418, -3.398397444352954817E-15, 2.390624999999981348 ) ) ;
#5742 = CARTESIAN_POINT ( 'NONE',  ( -0.6785254037844368202, 1.175240473580829503, 1.791666666666648755 ) ) ;
#5743 = ORIENTED_EDGE ( 'NONE', *, *, #629, .T. ) ;
#5744 = CARTESIAN_POINT ( 'NONE',  ( 0.9999999999999991118, -0.5773502691896252870, 6.649999999999999467 ) ) ;
#5745 = ORIENTED_EDGE ( 'NONE', *, *, #7074, .F. ) ;
#5746 = CARTESIAN_POINT ( 'NONE',  ( 0.1970074839837047953, 1.053392183790214709, 2.999999999999999556 ) ) ;
#5747 = CARTESIAN_POINT ( 'NONE',  ( 2.800000000000001155, 1.791857758372713105, -0.9433296209488570838 ) ) ;
#5748 = CARTESIAN_POINT ( 'NONE',  ( 0.8294067547305616905, 0.4788582131113861551, 2.549999999999997602 ) ) ;
#5749 =( LENGTH_UNIT ( ) NAMED_UNIT ( * ) SI_UNIT ( .MILLI., .METRE. ) );
#5750 = CARTESIAN_POINT ( 'NONE',  ( 0.5529378364870405349, -0.9577164262227636504, -0.7125000000000022427 ) ) ;
#5751 = CARTESIAN_POINT ( 'NONE',  ( -1.017788105676655563, 0.5876202367904134194, 4.895833333333309056 ) ) ;
#5752 = CARTESIAN_POINT ( 'NONE',  ( 0.5529378364870414231, 0.9577164262227702007, -1.856250000000001510 ) ) ;
#5753 = EDGE_CURVE ( 'NONE', #3441, #441, #6045, .T. ) ;
#5754 = CARTESIAN_POINT ( 'NONE',  ( -0.7216878364870328300, -1.249999999999996891, 0.3937500000000028755 ) ) ;
#5755 = CARTESIAN_POINT ( 'NONE',  ( 0.5529378364870414231, 0.9577164262227698677, 2.643749999999997158 ) ) ;
#5756 = CARTESIAN_POINT ( 'NONE',  ( 4.029912555757721780E-15, 1.175240473580829725, 1.749999999999982458 ) ) ;
#5757 = CARTESIAN_POINT ( 'NONE',  ( -0.5529378364870412010, -0.9577164262227633174, -0.7312500000000015099 ) ) ;
#5758 = CARTESIAN_POINT ( 'NONE',  ( -0.6785254037844372643, -1.175240473580835721, -3.479166666666673180 ) ) ;
#5759 = CARTESIAN_POINT ( 'NONE',  ( 0.7357503364870390250, 1.274356964481451193, -0.7453125000000029310 ) ) ;
#5760 = CARTESIAN_POINT ( 'NONE',  ( 0.8816504037844360431, -1.527063293868263560, 4.338541666666643870 ) ) ;
#5761 = ADVANCED_FACE ( 'NONE', ( #6770, #6225 ), #3272, .T. ) ;
#5762 = VECTOR ( 'NONE', #4951, 1000.000000000000000 ) ;
#5763 = CARTESIAN_POINT ( 'NONE',  ( 0.5529378364870414231, 0.9577164262227699787, 0.8437499999999982236 ) ) ;
#5764 = CARTESIAN_POINT ( 'NONE',  ( 0.8660254037844379305, -1.500000000000003331, -3.645833333333341919 ) ) ;
#5765 = CARTESIAN_POINT ( 'NONE',  ( 2.800000000000001155, 5.123475382979792769, -8.000000000000003553 ) ) ;
#5766 = CARTESIAN_POINT ( 'NONE',  ( -1.103625504730557427, 0.6371784822407277060, -2.010937500000000711 ) ) ;
#5767 = PERSON_AND_ORGANIZATION ( #6017, #2973 ) ;
#5768 = CARTESIAN_POINT ( 'NONE',  ( -0.5529378364870407569, 0.9577164262227704228, -1.387500000000002176 ) ) ;
#5769 = CARTESIAN_POINT ( 'NONE',  ( 1.322475605676655563, 0.7635316469341260071, -3.036458333333341475 ) ) ;
#5770 = CARTESIAN_POINT ( 'NONE',  ( -1.017788105676656230, -0.5876202367904181934, -4.020833333333339255 ) ) ;
#5771 = UNCERTAINTY_MEASURE_WITH_UNIT (LENGTH_MEASURE( 1.000000000000000082E-05 ), #5749, 'distance_accuracy_value', 'NONE');
#5772 = EDGE_CURVE ( 'NONE', #3284, #1138, #3567, .T. ) ;
#5773 = CARTESIAN_POINT ( 'NONE',  ( 0.7216878364870319418, -1.249999999999997113, 2.662499999999992539 ) ) ;
#5774 = CARTESIAN_POINT ( 'NONE',  ( 1.017788105676651123, -0.5876202367904268531, 0.1458333333333189930 ) ) ;
#5775 = CARTESIAN_POINT ( 'NONE',  ( -1.242014645703896969, -0.4858913964484583570, 4.821340287590068385 ) ) ;
#5776 = CARTESIAN_POINT ( 'NONE',  ( 0.8660254037844393737, 1.499999999999996447, -2.541666666666672736 ) ) ;
#5777 = CARTESIAN_POINT ( 'NONE',  ( 1.322475605676655785, 0.7635316469341261181, 2.432291666666647867 ) ) ;
#5778 = CARTESIAN_POINT ( 'NONE',  ( 0.6785254037844365982, -1.175240473580835721, 1.041666666666649865 ) ) ;
#5779 = ORIENTED_EDGE ( 'NONE', *, *, #4467, .F. ) ;
#5780 = DIRECTION ( 'NONE',  ( 0.000000000000000000, -0.7071067811865474617, -0.7071067811865474617 ) ) ;
#5781 = ORIENTED_EDGE ( 'NONE', *, *, #7014, .F. ) ;
#5782 = CARTESIAN_POINT ( 'NONE',  ( 0.7417919204467453564, 0.6822942237568268009, 3.000000000000003997 ) ) ;
#5783 = CARTESIAN_POINT ( 'NONE',  ( -3.000000000000000000, -7.799999999999999822, -5.064582904840244204 ) ) ;
#5784 = CARTESIAN_POINT ( 'NONE',  ( -1.299038105676658006, 0.7499999999999971134, 4.645833333333307280 ) ) ;
#5785 = CARTESIAN_POINT ( 'NONE',  ( -0.5529378364870412010, -0.9577164262227633174, 1.462499999999997469 ) ) ;
#5786 = PERSON_AND_ORGANIZATION ( #6017, #2973 ) ;
#5787 = CARTESIAN_POINT ( 'NONE',  ( 0.8294067547305610244, -0.4788582131113803819, -1.125000000000002220 ) ) ;
#5788 = CARTESIAN_POINT ( 'NONE',  ( 0.000000000000000000, 1.175240473580829725, 6.312499999999972466 ) ) ;
#5789 = CARTESIAN_POINT ( 'NONE',  ( -1.082531754730548856, -0.6249999999999965583, 0.8062500000000029088 ) ) ;
#5790 = CONICAL_SURFACE ( 'NONE', #3568, 1.249999999999998002, 0.7853981633974503884 ) ;
#5791 = CARTESIAN_POINT ( 'NONE',  ( 1.105875672974081736, 3.169893944167615668E-15, 1.668749999999998179 ) ) ;
#5792 = CARTESIAN_POINT ( 'NONE',  ( 1.357050807568874085, -1.903300038831593951E-14, 0.6249999999999841238 ) ) ;
#5793 = CARTESIAN_POINT ( 'NONE',  ( 0.000000000000000000, 0.9577164262227704228, -1.368750000000001465 ) ) ;
#5794 = CARTESIAN_POINT ( 'NONE',  ( -1.357050807568873863, -2.991388944476002371E-15, -2.062500000000009770 ) ) ;
#5795 = CARTESIAN_POINT ( 'NONE',  ( 1.471500672974076718, 3.226867481894681362E-15, -0.8203125000000028866 ) ) ;
#5796 = ORIENTED_EDGE ( 'NONE', *, *, #1347, .T. ) ;
#5797 = SECURITY_CLASSIFICATION ( '', '', #363 ) ;
#5798 = CARTESIAN_POINT ( 'NONE',  ( -0.8816504037844364872, 1.527063293868256899, 5.588541666666639429 ) ) ;
#5799 = AXIS2_PLACEMENT_3D ( 'NONE', #3859, #1663, #3966 ) ;
#5801 = CARTESIAN_POINT ( 'NONE',  ( 0.8294067547305610244, -0.4788582131113805485, 2.531249999999997780 ) ) ;
#5800 = LOCAL_TIME ( 13, 37, 30.00000000000000000, #3438 ) ;
#5802 = ADVANCED_FACE ( 'NONE', ( #5076 ), #5592, .T. ) ;
#5803 = CARTESIAN_POINT ( 'NONE',  ( 1.299038105676658450, 0.7499999999999958922, -2.020833333333345472 ) ) ;
#5804 = CARTESIAN_POINT ( 'NONE',  ( 2.800000000000001155, -5.123475382979804316, 7.999999999999996447 ) ) ;
#5805 = CARTESIAN_POINT ( 'NONE',  ( -0.7357503364870385809, -1.274356964481444088, -1.898437500000000666 ) ) ;
#5806 = APPLICATION_PROTOCOL_DEFINITION ( 'international standard', 'config_control_design', 1994, #3506 ) ;
#5807 = CARTESIAN_POINT ( 'NONE',  ( 1.105875672974081736, 3.374686182022972176E-15, -2.437500000000001776 ) ) ;
#5808 = CARTESIAN_POINT ( 'NONE',  ( 0.8816504037844374864, 1.527063293868256677, -2.994791666666674956 ) ) ;
#5809 = AXIS2_PLACEMENT_3D ( 'NONE', #2970, #1358, #2449 ) ;
#5810 = VECTOR ( 'NONE', #3084, 1000.000000000000000 ) ;
#5811 = CARTESIAN_POINT ( 'NONE',  ( -1.082531754730548634, 0.6250000000000037748, 1.574999999999992406 ) ) ;
#5812 = ORIENTED_EDGE ( 'NONE', *, *, #1406, .F. ) ;
#5813 = CARTESIAN_POINT ( 'NONE',  ( 1.017788105676660892, 0.5876202367904038715, 1.729166666666648755 ) ) ;
#5814 = CARTESIAN_POINT ( 'NONE',  ( 1.457719174206845381, 0.1892198608219451683, 4.967197205997086584 ) ) ;
#5815 = CARTESIAN_POINT ( 'NONE',  ( 1.299038105676658450, 0.7499999999999957812, -3.583333333333337034 ) ) ;
#5816 = CARTESIAN_POINT ( 'NONE',  ( 1.322475605676654675, -0.7635316469341338896, 3.848958333333311721 ) ) ;
#5817 = CARTESIAN_POINT ( 'NONE',  ( -1.017788105676655563, 0.5876202367904134194, 0.8333333333333170501 ) ) ;
#5818 = VECTOR ( 'NONE', #3691, 1000.000000000000000 ) ;
#5819 = ORIENTED_EDGE ( 'NONE', *, *, #5322, .F. ) ;
#5820 = CARTESIAN_POINT ( 'NONE',  ( 3.000000000000000000, 0.000000000000000000, 0.000000000000000000 ) ) ;
#5821 = ORIENTED_EDGE ( 'NONE', *, *, #3917, .T. ) ;
#5822 = CARTESIAN_POINT ( 'NONE',  ( -3.000000000000000000, -7.799999999999999822, 5.064582904840244204 ) ) ;
#5823 = AXIS2_PLACEMENT_3D ( 'NONE', #5083, #2617, #4571 ) ;
#5824 = DIRECTION ( 'NONE',  ( 0.7071067811865436870, -0.5000000000000027756, -0.5000000000000027756 ) ) ;
#5825 = CARTESIAN_POINT ( 'NONE',  ( 1.732050807568876971, -3.392656912481952001E-15, 4.374999999999979572 ) ) ;
#5826 = CARTESIAN_POINT ( 'NONE',  ( -0.8294067547305613575, -0.4788582131113799933, 3.224999999999996980 ) ) ;
#5827 = DATE_AND_TIME ( #4719, #6736 ) ;
#5828 = CARTESIAN_POINT ( 'NONE',  ( -0.8294067547305613575, -0.4788582131113797158, -2.625000000000002220 ) ) ;
#5829 = CARTESIAN_POINT ( 'NONE',  ( -1.439254484199186421E-16, -1.175240473580835721, 6.562499999999971578 ) ) ;
#5830 = CC_DESIGN_PERSON_AND_ORGANIZATION_ASSIGNMENT ( #3695, #290, ( #220 ) ) ;
#5831 = CARTESIAN_POINT ( 'NONE',  ( 1.082531754730548634, -0.6249999999999974465, 0.9562500000000030420 ) ) ;
#5832 = CARTESIAN_POINT ( 'NONE',  ( 0.000000000000000000, 0.9577164262227703118, 1.331249999999998268 ) ) ;
#5833 = CARTESIAN_POINT ( 'NONE',  ( -1.357050807568874085, 9.558535874702369153E-15, 2.874999999999980016 ) ) ;
#5834 = CARTESIAN_POINT ( 'NONE',  ( -1.172864355864553979E-16, -0.9577164262227635394, -1.593750000000001554 ) ) ;
#5835 = CARTESIAN_POINT ( 'NONE',  ( 0.6785254037844377084, 1.175240473580829059, -3.729166666666672736 ) ) ;
#5836 = B_SPLINE_CURVE_WITH_KNOTS ( 'NONE', 3,
 ( #6115, #40, #3890, #2238 ),
 .UNSPECIFIED., .F., .F.,
 ( 4, 4 ),
 ( 0.000000000000000000, 0.0002889088506456985125 ),
 .UNSPECIFIED. ) ;
#5837 = CARTESIAN_POINT ( 'NONE',  ( -1.471500672974076718, 3.643388662140981581E-15, -1.945312500000002887 ) ) ;
#5838 = ORIENTED_EDGE ( 'NONE', *, *, #5218, .F. ) ;
#5839 = CARTESIAN_POINT ( 'NONE',  ( 0.8816504037844374864, 1.527063293868256677, 7.005208333333304616 ) ) ;
#5840 = FACE_OUTER_BOUND ( 'NONE', #2561, .T. ) ;
#5841 = DIRECTION ( 'NONE',  ( 0.5773502691896218453, 2.275505845553891713E-15, 0.8164965809277288100 ) ) ;
#5842 = CARTESIAN_POINT ( 'NONE',  ( -1.732050807568876971, -2.968426816991988742E-15, -1.812500000000012657 ) ) ;
#5843 = CARTESIAN_POINT ( 'NONE',  ( 0.6785254037844353769, -1.175240473580836387, -3.458333333333340587 ) ) ;
#5844 = CARTESIAN_POINT ( 'NONE',  ( -0.7357503364870385809, -1.274356964481444532, -0.5484375000000007994 ) ) ;
#5845 = DATE_TIME_ROLE ( 'creation_date' ) ;
#5846 = CARTESIAN_POINT ( 'NONE',  ( -0.8294067547305612464, 0.4788582131113871543, -1.800000000000002265 ) ) ;
#5847 = CARTESIAN_POINT ( 'NONE',  ( -0.8816504037844364872, 1.527063293868256899, -1.411458333333345250 ) ) ;
#5848 = EDGE_CURVE ( 'NONE', #1933, #195, #4457, .T. ) ;
#5849 = CARTESIAN_POINT ( 'NONE',  ( 1.082531754730548634, -0.6249999999999974465, 1.349999999999992761 ) ) ;
#5850 = CARTESIAN_POINT ( 'NONE',  ( -1.017788105676662669, -0.5876202367904068691, 0.4791666666666520857 ) ) ;
#5851 = DIRECTION ( 'NONE',  ( 3.064488108188088727E-16, -1.769283034190776153E-16, -1.000000000000000000 ) ) ;
#5852 = CARTESIAN_POINT ( 'NONE',  ( 0.8660254037844393737, 1.499999999999996447, -3.041666666666671404 ) ) ;
#5853 = CARTESIAN_POINT ( 'NONE',  ( -1.763300807568873418, -2.966513306368321794E-15, 3.640624999999978684 ) ) ;
#5854 = CARTESIAN_POINT ( 'NONE',  ( 0.6785254037844377084, 1.175240473580829059, 2.208333333333314830 ) ) ;
#5855 = ORIENTED_EDGE ( 'NONE', *, *, #46, .F. ) ;
#5856 = CARTESIAN_POINT ( 'NONE',  ( 0.1850025598698184781, 1.058545970977659012, -2.848054566303721113 ) ) ;
#5857 = EDGE_CURVE ( 'NONE', #2652, #4452, #1029, .T. ) ;
#5858 = ORIENTED_EDGE ( 'NONE', *, *, #110, .F. ) ;
#5859 = CARTESIAN_POINT ( 'NONE',  ( -0.4529549572853392436, 1.049204901694756442, 2.999999999999999556 ) ) ;
#5860 = CARTESIAN_POINT ( 'NONE',  ( 0.4587185253163547638, -0.8502630295937355642, -2.954783573777250982 ) ) ;
#5861 = CARTESIAN_POINT ( 'NONE',  ( 1.050943903832689319, 1.070288237343987925, 5.000000000000000000 ) ) ;
#5862 = CARTESIAN_POINT ( 'NONE',  ( 0.000000000000000000, 1.527063293868257343, -2.984375000000007105 ) ) ;
#5863 = CARTESIAN_POINT ( 'NONE',  ( -0.5529378364870412010, -0.9577164262227633174, 1.912499999999997424 ) ) ;
#5864 = CARTESIAN_POINT ( 'NONE',  ( 1.357050807568873863, -3.323770530029912691E-15, 4.687499999999976019 ) ) ;
#5865 = CARTESIAN_POINT ( 'NONE',  ( 0.000000000000000000, 1.250000000000003997, -1.143749999999996936 ) ) ;
#5866 = EDGE_CURVE ( 'NONE', #4730, #2914, #5836, .T. ) ;
#5867 = CARTESIAN_POINT ( 'NONE',  ( 0.5529378364870405349, -0.9577164262227636504, -2.962500000000002132 ) ) ;
#5868 = CARTESIAN_POINT ( 'NONE',  ( 1.357050807568874085, -2.169205307274721892E-14, 4.624999999999975131 ) ) ;
#5869 = CARTESIAN_POINT ( 'NONE',  ( 0.5529378364870405349, -0.9577164262227637614, 2.043749999999997513 ) ) ;
#5870 = CARTESIAN_POINT ( 'NONE',  ( -1.357050807568873863, -2.991388944476002371E-15, -3.062500000000007550 ) ) ;
#5871 = CARTESIAN_POINT ( 'NONE',  ( -1.103625504730557427, 0.6371784822407275950, -1.532812500000003020 ) ) ;
#5872 = ORIENTED_EDGE ( 'NONE', *, *, #5990, .F. ) ;
#5873 = DIRECTION ( 'NONE',  ( -1.000000000000000000, 0.000000000000000000, 0.000000000000000000 ) ) ;
#5874 = CARTESIAN_POINT ( 'NONE',  ( -2.799999999999998490, 0.000000000000000000, 0.000000000000000000 ) ) ;
#5875 = CARTESIAN_POINT ( 'NONE',  ( 0.000000000000000000, 1.499999999999996669, 4.999999999999976907 ) ) ;
#5876 = CARTESIAN_POINT ( 'NONE',  ( -0.8660254037844383745, 1.499999999999996669, -0.8958333333333484694 ) ) ;
#5877 = CARTESIAN_POINT ( 'NONE',  ( 1.017788105676654675, -0.5876202367904208579, -4.416666666666671404 ) ) ;
#5878 = CARTESIAN_POINT ( 'NONE',  ( 0.7357503364870378038, -1.274356964481444976, 1.326562499999998757 ) ) ;
#5879 = ITEM_DEFINED_TRANSFORMATION ( 'NONE', 'NONE', #3433,  #4261 ) ;
#5880 = CARTESIAN_POINT ( 'NONE',  ( -0.5529378364870412010, -0.9577164262227633174, -0.7875000000000021982 ) ) ;
#5881 = CARTESIAN_POINT ( 'NONE',  ( 1.322475605676654453, -0.7635316469341337786, -0.1197916666666812291 ) ) ;
#5882 = AXIS2_PLACEMENT_3D ( 'NONE', #592, #12, #2908 ) ;
#5883 = CARTESIAN_POINT ( 'NONE',  ( 1.105875672974081736, 3.371880808901665144E-15, -2.381250000000001865 ) ) ;
#5884 = CARTESIAN_POINT ( 'NONE',  ( -1.017788105676659338, -0.5876202367904124202, 3.979166666666644758 ) ) ;
#5885 = DIRECTION ( 'NONE',  ( -3.064488108188125705E-16, 5.307849102572407591E-16, 1.000000000000000000 ) ) ;
#5886 = CARTESIAN_POINT ( 'NONE',  ( 1.500000000000003331, 0.4019237886466739962, -4.602670900630740469 ) ) ;
#5887 = AXIS2_PLACEMENT_3D ( 'NONE', #2495, #6847, #196 ) ;
#5888 = CARTESIAN_POINT ( 'NONE',  ( -0.8816504037844372643, -1.527063293868263116, 4.723958333333309056 ) ) ;
#5889 = CARTESIAN_POINT ( 'NONE',  ( -1.357050807568873863, -2.991388944476002371E-15, 2.874999999999980016 ) ) ;
#5890 = ORIENTED_EDGE ( 'NONE', *, *, #5260, .T. ) ;
#5891 = CARTESIAN_POINT ( 'NONE',  ( 0.7914463587427492675, -0.5830144180442529134, -2.940609126415817176 ) ) ;
#5892 = ORIENTED_EDGE ( 'NONE', *, *, #5481, .T. ) ;
#5893 = CARTESIAN_POINT ( 'NONE',  ( -0.8473157484120803495, -1.467593926302977358, 4.499999999999997335 ) ) ;
#5894 = CARTESIAN_POINT ( 'NONE',  ( -2.799999999999994493, -4.490128060534575916, -4.490128060534575916 ) ) ;
#5895 = CARTESIAN_POINT ( 'NONE',  ( -0.8660254037844383745, 1.499999999999996669, 4.541666666666645646 ) ) ;
#5896 = CARTESIAN_POINT ( 'NONE',  ( -0.8816504037844365982, 1.527063293868257121, -2.442708333333341475 ) ) ;
#5897 = CARTESIAN_POINT ( 'NONE',  ( 1.105875672974081736, 3.262471257170722467E-15, -0.1875000000000023315 ) ) ;
#5898 = CARTESIAN_POINT ( 'NONE',  ( -1.439254484199186421E-16, -1.175240473580835721, -5.000000000000003553 ) ) ;
#5899 = CARTESIAN_POINT ( 'NONE',  ( -1.443375672974064994, 3.551193219417553462E-15, -0.1312499999999969524 ) ) ;
#5900 = CARTESIAN_POINT ( 'NONE',  ( 0.8294067547305616905, 0.4788582131113863771, -1.950000000000002398 ) ) ;
#5901 = CARTESIAN_POINT ( 'NONE',  ( -1.727541851696912191E-14, -1.175240473580835721, 2.999999999999980016 ) ) ;
#5902 = B_SPLINE_CURVE_WITH_KNOTS ( 'NONE', 3,
 ( #1634, #7272, #2216, #2290 ),
 .UNSPECIFIED., .F., .F.,
 ( 4, 4 ),
 ( 0.000000000000000000, 0.0003165475275202171007 ),
 .UNSPECIFIED. ) ;
#5903 = ORIENTED_EDGE ( 'NONE', *, *, #4827, .T. ) ;
#5904 = CARTESIAN_POINT ( 'NONE',  ( 0.5529378364870414231, 0.9577164262227699787, 0.3937499999999982681 ) ) ;
#5905 = CARTESIAN_POINT ( 'NONE',  ( 1.017788105676655341, -0.5876202367904199697, -0.3541666666666797303 ) ) ;
#5906 = CARTESIAN_POINT ( 'NONE',  ( -1.471500672974076718, 3.486287767347832383E-15, 1.204687499999996581 ) ) ;
#5907 = VERTEX_POINT ( 'NONE', #6150 ) ;
#5908 = CARTESIAN_POINT ( 'NONE',  ( -1.763300807568873196, -2.966513306368321794E-15, 6.671874999999971578 ) ) ;
#5909 = EDGE_CURVE ( 'NONE', #490, #490, #627, .T. ) ;
#5910 = VERTEX_POINT ( 'NONE', #3307 ) ;
#5911 = DIRECTION ( 'NONE',  ( 0.000000000000000000, 1.000000000000000000, -5.195471269110015593E-17 ) ) ;
#5912 = CARTESIAN_POINT ( 'NONE',  ( -1.299038105676658006, 0.7499999999999971134, -0.8541666666666812846 ) ) ;
#5913 = CARTESIAN_POINT ( 'NONE',  ( 1.017788105676654453, -0.5876202367904211910, -3.916666666666672292 ) ) ;
#5914 = VECTOR ( 'NONE', #923, 1000.000000000000000 ) ;
#5915 = CARTESIAN_POINT ( 'NONE',  ( 0.7357503364870390250, 1.274356964481451193, 0.1265624999999990785 ) ) ;
#5916 = CONTEXT_DEPENDENT_SHAPE_REPRESENTATION ( #5023, #4370 ) ;
#5917 = CARTESIAN_POINT ( 'NONE',  ( -0.8294067547305613575, -0.4788582131113798823, 0.9749999999999975353 ) ) ;
#5918 =( REPRESENTATION_RELATIONSHIP ('NONE','NONE', #3541, #6519 ) REPRESENTATION_RELATIONSHIP_WITH_TRANSFORMATION ( #4212 )SHAPE_REPRESENTATION_RELATIONSHIP( ) );
#5919 = CARTESIAN_POINT ( 'NONE',  ( -0.8816504037844364872, 1.527063293868256899, -1.911458333333344140 ) ) ;
#5920 = APPROVAL_PERSON_ORGANIZATION ( #6763, #3300, #511 ) ;
#5921 = DIRECTION ( 'NONE',  ( -3.064488108188125705E-16, 5.307849102572407591E-16, 1.000000000000000000 ) ) ;
#5922 = CARTESIAN_POINT ( 'NONE',  ( -0.6785254037844582475, -1.175240473580823064, 4.020833333333309945 ) ) ;
#5923 = DIRECTION ( 'NONE',  ( 0.000000000000000000, 0.7071067811865474617, -0.7071067811865474617 ) ) ;
#5924 = DIRECTION ( 'NONE',  ( -3.064488108188101053E-16, -5.307849102572449992E-16, -1.000000000000000000 ) ) ;
#5925 = CARTESIAN_POINT ( 'NONE',  ( 0.000000000000000000, 1.527063293868257343, 5.015624999999975131 ) ) ;
#5926 = CARTESIAN_POINT ( 'NONE',  ( -0.6785254037844368202, 1.175240473580829503, 2.291666666666647867 ) ) ;
#5927 = AXIS2_PLACEMENT_3D ( 'NONE', #5933, #3130, #5628 ) ;
#5928 = VERTEX_POINT ( 'NONE', #3345 ) ;
#5929 = CARTESIAN_POINT ( 'NONE',  ( 3.000000000000000000, 5.064582904840245980, 7.799999999999995381 ) ) ;
#5930 = ORIENTED_EDGE ( 'NONE', *, *, #4314, .T. ) ;
#5931 = CARTESIAN_POINT ( 'NONE',  ( -0.7216878364870322748, 1.250000000000004219, -2.512500000000006839 ) ) ;
#5932 = CIRCLE ( 'NONE', #2990, 1.024999999999998579 ) ;
#5933 = CARTESIAN_POINT ( 'NONE',  ( 3.000000000000000000, 0.000000000000000000, 0.000000000000000000 ) ) ;
#5934 = CARTESIAN_POINT ( 'NONE',  ( -0.8660254037844391517, -1.500000000000002665, 2.208333333333316606 ) ) ;
#5935 = VECTOR ( 'NONE', #2143, 1000.000000000000114 ) ;
#5936 = CARTESIAN_POINT ( 'NONE',  ( 0.000000000000000000, 1.527063293868257343, -2.484375000000008438 ) ) ;
#5937 = EDGE_LOOP ( 'NONE', ( #3089, #6009, #5625, #695 ) ) ;
#5938 = CARTESIAN_POINT ( 'NONE',  ( 0.8294067547305610244, -0.4788582131113804929, 1.124999999999997558 ) ) ;
#5939 = CARTESIAN_POINT ( 'NONE',  ( -0.6785254037844368202, 1.175240473580829503, 6.854166666666638541 ) ) ;
#5940 = ADVANCED_FACE ( 'NONE', ( #4490 ), #4039, .T. ) ;
#5941 = EDGE_CURVE ( 'NONE', #7008, #6561, #5115, .T. ) ;
#5942 = AXIS2_PLACEMENT_3D ( 'NONE', #1513, #1436, #3782 ) ;
#5943 = CARTESIAN_POINT ( 'NONE',  ( -1.082531754730548856, -0.6249999999999963363, -2.343749999999997335 ) ) ;
#5944 = CARTESIAN_POINT ( 'NONE',  ( -1.172864355864553979E-16, -0.9577164262227634284, -3.000000000000002220 ) ) ;
#5945 = CARTESIAN_POINT ( 'NONE',  ( 0.9434779557954122708, 0.7007421192354609252, 4.675240473580834610 ) ) ;
#5946 = CARTESIAN_POINT ( 'NONE',  ( -1.105875672974081736, 3.474419842255817367E-15, 0.9937499999999981348 ) ) ;
#5947 = CARTESIAN_POINT ( 'NONE',  ( 1.017788105676656008, 0.5876202367904124202, -1.270833333333344362 ) ) ;
#5948 = CARTESIAN_POINT ( 'NONE',  ( -0.7357503364870382478, 1.274356964481451415, 2.029687499999996536 ) ) ;
#5949 = EDGE_LOOP ( 'NONE', ( #1656, #3785, #5008, #6266 ) ) ;
#5950 = CARTESIAN_POINT ( 'NONE',  ( -3.000000000000000000, 2.033783684603542863, -0.9024128347050713872 ) ) ;
#5951 = CARTESIAN_POINT ( 'NONE',  ( 3.000000000000000000, -7.799999999999997158, -5.064582904840246869 ) ) ;
#5952 = CARTESIAN_POINT ( 'NONE',  ( 1.299038105676658450, 0.7499999999999958922, 0.9791666666666479779 ) ) ;
#5953 = CARTESIAN_POINT ( 'NONE',  ( 1.017788105676657340, 0.5876202367904101997, -3.833333333333339255 ) ) ;
#5954 = CARTESIAN_POINT ( 'NONE',  ( 1.103625504730557205, -0.6371784822407210447, 0.01406249999999888492 ) ) ;
#5955 = DATE_AND_TIME ( #6464, #5497 ) ;
#5956 = CARTESIAN_POINT ( 'NONE',  ( -0.5529378364870407569, 0.9577164262227703118, 1.312499999999997558 ) ) ;
#5957 = CARTESIAN_POINT ( 'NONE',  ( 1.322475605676654453, -0.7635316469341337786, -1.619791666666678287 ) ) ;
#5958 = CARTESIAN_POINT ( 'NONE',  ( -0.9093266739736605153, -0.5250000000000000222, 3.449999999999996181 ) ) ;
#5959 = CARTESIAN_POINT ( 'NONE',  ( -1.017788105676643795, 0.5876202367904338475, 4.395833333333310833 ) ) ;
#5960 = EDGE_CURVE ( 'NONE', #5910, #6561, #6512, .T. ) ;
#5961 = CARTESIAN_POINT ( 'NONE',  ( 2.932876473991200772, 0.9172998287710623089, -1.953743677833591263 ) ) ;
#5962 = CARTESIAN_POINT ( 'NONE',  ( 0.8473157484120904526, -1.467593926302971807, 4.499999999999997335 ) ) ;
#5963 = APPROVAL_DATE_TIME ( #2428, #2660 ) ;
#5964 = CARTESIAN_POINT ( 'NONE',  ( 1.322475605676654675, -0.7635316469341338896, 5.348958333333308168 ) ) ;
#5965 = CARTESIAN_POINT ( 'NONE',  ( 0.6785254037844377084, 1.175240473580829059, 3.208333333333313053 ) ) ;
#5966 = ORIENTED_EDGE ( 'NONE', *, *, #5990, .T. ) ;
#5967 = CARTESIAN_POINT ( 'NONE',  ( 2.733333333333333393, -4.926177242266276401, 4.171930009000630157 ) ) ;
#5968 = ORIENTED_EDGE ( 'NONE', *, *, #2147, .F. ) ;
#5969 = FACE_OUTER_BOUND ( 'NONE', #6246, .T. ) ;
#5970 = DIRECTION ( 'NONE',  ( 1.000000000000000000, -0.000000000000000000, -0.000000000000000000 ) ) ;
#5971 = CARTESIAN_POINT ( 'NONE',  ( -1.836970198721029688E-16, -1.500000000000002887, 1.249999999999985789 ) ) ;
#5972 = CARTESIAN_POINT ( 'NONE',  ( 0.8816504037844375974, 1.527063293868256677, -4.026041666666671404 ) ) ;
#5973 = ORIENTED_EDGE ( 'NONE', *, *, #3632, .F. ) ;
#5974 = CARTESIAN_POINT ( 'NONE',  ( 0.000000000000000000, 0.9577164262227703118, 1.724999999999997424 ) ) ;
#5975 = CARTESIAN_POINT ( 'NONE',  ( 1.357050807568873863, -3.323770530029912691E-15, -3.375000000000007105 ) ) ;
#5976 = CARTESIAN_POINT ( 'NONE',  ( 2.800000000000001155, 8.000000000000003553, 5.123475382979792769 ) ) ;
#5977 = CARTESIAN_POINT ( 'NONE',  ( 0.5529378364870405349, -0.9577164262227636504, -2.062500000000002220 ) ) ;
#5978 = LINE ( 'NONE', #379, #5914 ) ;
#5979 = CARTESIAN_POINT ( 'NONE',  ( 0.5529378364870414231, 0.9577164262227699787, 1.743749999999998135 ) ) ;
#5980 = ORIENTED_EDGE ( 'NONE', *, *, #1482, .F. ) ;
#5981 = CARTESIAN_POINT ( 'NONE',  ( 0.6785254037844377084, 1.175240473580829059, 1.270833333333316606 ) ) ;
#5982 = CARTESIAN_POINT ( 'NONE',  ( 0.000000000000000000, 1.274356964481451415, 0.6421874999999969136 ) ) ;
#5983 = EDGE_LOOP ( 'NONE', ( #5227, #6092, #3743, #2601, #1398, #424, #6055, #3759, #6147, #6628, #3109, #891 ) ) ;
#5984 = ORIENTED_EDGE ( 'NONE', *, *, #5848, .F. ) ;
#5985 = CARTESIAN_POINT ( 'NONE',  ( 0.000000000000000000, -4.041334437186261072E-16, 6.649999999999999467 ) ) ;
#5986 = FACE_OUTER_BOUND ( 'NONE', #4670, .T. ) ;
#5987 = CARTESIAN_POINT ( 'NONE',  ( 1.299038105676657562, -0.7500000000000035527, -0.1041666666666831303 ) ) ;
#5988 = CARTESIAN_POINT ( 'NONE',  ( 5.757017936796745682E-16, 1.175240473580829725, -4.250000000000005329 ) ) ;
#5989 = CARTESIAN_POINT ( 'NONE',  ( -0.7357503364870382478, 1.274356964481451415, 0.6515624999999989342 ) ) ;
#5990 = EDGE_CURVE ( 'NONE', #2634, #3850, #3027, .T. ) ;
#5991 = CONTEXT_DEPENDENT_SHAPE_REPRESENTATION ( #4652, #7262 ) ;
#5992 = CARTESIAN_POINT ( 'NONE',  ( 0.8294067547305610244, -0.4788582131113804374, -0.2250000000000025313 ) ) ;
#5993 = CARTESIAN_POINT ( 'NONE',  ( -1.870113174931178938E-16, -1.527063293868263116, -0.7031250000000136557 ) ) ;
#5994 = CARTESIAN_POINT ( 'NONE',  ( 0.8294067547305616905, 0.4788582131113863771, -2.343750000000001776 ) ) ;
#5995 = CARTESIAN_POINT ( 'NONE',  ( 2.188248776859948389E-14, 1.175240473580829725, 3.812499999999977351 ) ) ;
#5996 = CARTESIAN_POINT ( 'NONE',  ( 0.1571845235116780815, 1.063950011417340580, 6.559249473037191080 ) ) ;
#5997 = DIRECTION ( 'NONE',  ( -0.000000000000000000, 5.195471269110015593E-17, 1.000000000000000000 ) ) ;
#5998 = CALENDAR_DATE ( 2025, 8, 10 ) ;
#5999 = CARTESIAN_POINT ( 'NONE',  ( 1.763300807568873418, -3.398397444352954817E-15, 6.390624999999972466 ) ) ;
#6000 = CARTESIAN_POINT ( 'NONE',  ( -1.357050807568873863, -2.991388944476002371E-15, 3.874999999999976907 ) ) ;
#6001 = ORIENTED_EDGE ( 'NONE', *, *, #2017, .F. ) ;
#6002 = DIRECTION ( 'NONE',  ( -0.000000000000000000, -0.000000000000000000, 1.000000000000000000 ) ) ;
#6003 = ORIENTED_EDGE ( 'NONE', *, *, #580, .F. ) ;
#6004 = CARTESIAN_POINT ( 'NONE',  ( 0.7216878364870333851, 1.250000000000003775, -2.587500000000006573 ) ) ;
#6005 = VECTOR ( 'NONE', #1671, 1000.000000000000000 ) ;
#6006 = DIRECTION ( 'NONE',  ( 1.000000000000000000, -0.000000000000000000, 0.000000000000000000 ) ) ;
#6007 = CARTESIAN_POINT ( 'NONE',  ( -0.8660254037844383745, 1.499999999999996669, 2.041666666666651420 ) ) ;
#6008 = CARTESIAN_POINT ( 'NONE',  ( 1.763300807568873418, -3.398397444352954817E-15, -2.609375000000007994 ) ) ;
#6009 = ORIENTED_EDGE ( 'NONE', *, *, #6175, .F. ) ;
#6010 = CARTESIAN_POINT ( 'NONE',  ( 0.8294067547305610244, -0.4788582131113805485, 2.474999999999996980 ) ) ;
#6011 = CARTESIAN_POINT ( 'NONE',  ( 1.017788105676656008, 0.5876202367904124202, -4.833333333333337478 ) ) ;
#6012 = CARTESIAN_POINT ( 'NONE',  ( 2.866169322782479156, -1.873119963137371169, 0.9310142720214908962 ) ) ;
#6013 = CARTESIAN_POINT ( 'NONE',  ( -0.5529378364870412010, -0.9577164262227632063, -3.037500000000002309 ) ) ;
#6014 = VERTEX_POINT ( 'NONE', #6088 ) ;
#6015 = CARTESIAN_POINT ( 'NONE',  ( 0.8294067547305616905, 0.4788582131113861551, 2.606249999999998401 ) ) ;
#6016 = CARTESIAN_POINT ( 'NONE',  ( -0.6785254037844368202, 1.175240473580829503, -0.1458333333333467485 ) ) ;
#6017 = PERSON ( 'UNSPECIFIED', 'UNSPECIFIED', 'UNSPECIFIED', ('UNSPECIFIED'), ('UNSPECIFIED'), ('UNSPECIFIED') ) ;
#6018 = CARTESIAN_POINT ( 'NONE',  ( 1.471500672974076718, 3.114652557042430865E-15, 1.429687499999997113 ) ) ;
#6019 = ORIENTED_EDGE ( 'NONE', *, *, #3061, .F. ) ;
#6020 = CARTESIAN_POINT ( 'NONE',  ( 0.9999999999999995559, 0.5773502691896255090, 6.649999999999999467 ) ) ;
#6021 = CARTESIAN_POINT ( 'NONE',  ( 2.800000000000001155, -5.123475382979792769, -8.000000000000003553 ) ) ;
#6022 = CARTESIAN_POINT ( 'NONE',  ( -1.836970198721029688E-16, -1.500000000000002887, 1.312499999999980238 ) ) ;
#6023 = CARTESIAN_POINT ( 'NONE',  ( 1.357050807568874085, -7.396284941238068530E-15, -2.375000000000008882 ) ) ;
#6024 = CARTESIAN_POINT ( 'NONE',  ( -1.560637177523342561E-16, -1.274356964481444532, 1.739062499999998401 ) ) ;
#6025 = CARTESIAN_POINT ( 'NONE',  ( 0.5529378364870414231, 0.9577164262227699787, 0.3374999999999975797 ) ) ;
#6026 = CARTESIAN_POINT ( 'NONE',  ( 0.000000000000000000, 1.527063293868257121, 1.546874999999982236 ) ) ;
#6027 = ADVANCED_FACE ( 'NONE', ( #727 ), #6880, .T. ) ;
#6028 = EDGE_CURVE ( 'NONE', #7182, #2652, #4708, .T. ) ;
#6029 = CARTESIAN_POINT ( 'NONE',  ( -0.5529378364870412010, -0.9577164262227633174, -0.7312500000000013989 ) ) ;
#6030 = CARTESIAN_POINT ( 'NONE',  ( 3.000000000000000000, 7.117402757069116959, -5.986031907170638711 ) ) ;
#6031 = CIRCLE ( 'NONE', #2604, 0.1500000000000001887 ) ;
#6032 = CARTESIAN_POINT ( 'NONE',  ( -1.357050807568874085, 9.558535874702369153E-15, 2.937499999999980016 ) ) ;
#6033 = DIRECTION ( 'NONE',  ( 0.000000000000000000, -3.538566068381623796E-16, -1.000000000000000000 ) ) ;
#6034 = DIRECTION ( 'NONE',  ( -1.000000000000000000, 0.000000000000000000, 0.000000000000000000 ) ) ;
#6035 = COORDINATED_UNIVERSAL_TIME_OFFSET ( 6, 0, .BEHIND. ) ;
#6036 = CARTESIAN_POINT ( 'NONE',  ( -1.763300807568873418, -2.966513306368321794E-15, 6.140624999999974243 ) ) ;
#6037 = CARTESIAN_POINT ( 'NONE',  ( -1.017788105676655563, -0.5876202367904191926, 5.916666666666639429 ) ) ;
#6038 = ORIENTED_EDGE ( 'NONE', *, *, #1801, .F. ) ;
#6039 = CARTESIAN_POINT ( 'NONE',  ( 1.010348653372857841, 0.1127722950852889511, -2.906746582794713429 ) ) ;
#6040 = LOCAL_TIME ( 13, 37, 30.00000000000000000, #7251 ) ;
#6041 = ORIENTED_EDGE ( 'NONE', *, *, #3856, .T. ) ;
#6042 = CARTESIAN_POINT ( 'NONE',  ( -1.082531754730548634, 0.6250000000000038858, -1.575000000000006839 ) ) ;
#6043 = LINE ( 'NONE', #2675, #5332 ) ;
#6044 = CARTESIAN_POINT ( 'NONE',  ( 1.299038105676658450, 0.7499999999999957812, 1.416666666666652308 ) ) ;
#6045 = CIRCLE ( 'NONE', #2155, 1.154700538379250796 ) ;
#6046 = CARTESIAN_POINT ( 'NONE',  ( 0.8816504037844375974, 1.527063293868256677, -1.026041666666677843 ) ) ;
#6047 = EDGE_LOOP ( 'NONE', ( #494 ) ) ;
#6048 = CARTESIAN_POINT ( 'NONE',  ( 0.6785254037844377084, 1.175240473580829059, -2.791666666666674956 ) ) ;
#6049 = CARTESIAN_POINT ( 'NONE',  ( 0.8816504037844360431, -1.527063293868263560, 6.338541666666638541 ) ) ;
#6050 = AXIS2_PLACEMENT_3D ( 'NONE', #508, #7282, #6140 ) ;
#6051 = CARTESIAN_POINT ( 'NONE',  ( 1.361247913815841759, -0.4672229433335744475, -4.689047814560280969 ) ) ;
#6052 = CARTESIAN_POINT ( 'NONE',  ( 0.8294067547305610244, -0.4788582131113804374, -0.2250000000000025313 ) ) ;
#6053 = CARTESIAN_POINT ( 'NONE',  ( 7.041719095097280880E-16, 4.454772721475253050, -1.767766952966369542 ) ) ;
#6054 = CARTESIAN_POINT ( 'NONE',  ( -1.105875672974081736, 3.656769095140723933E-15, -2.662500000000002309 ) ) ;
#6055 = ORIENTED_EDGE ( 'NONE', *, *, #5099, .T. ) ;
#6056 = CARTESIAN_POINT ( 'NONE',  ( -1.357050807568873863, -2.991388944476002371E-15, -0.5625000000000126565 ) ) ;
#6057 = CARTESIAN_POINT ( 'NONE',  ( -1.471500672974076718, 3.463844782377382442E-15, 1.654687499999996314 ) ) ;
#6058 = ORIENTED_EDGE ( 'NONE', *, *, #804, .F. ) ;
#6059 = AXIS2_PLACEMENT_3D ( 'NONE', #3439, #3882, #6833 ) ;
#6060 = CARTESIAN_POINT ( 'NONE',  ( 0.8473157484120703575, 1.467593926302985574, 3.449999999999995737 ) ) ;
#6061 = CARTESIAN_POINT ( 'NONE',  ( 2.800000000000001155, -0.9433296209488570838, 1.791857758372713105 ) ) ;
#6062 = CARTESIAN_POINT ( 'NONE',  ( 0.8660254037844393737, 1.499999999999996669, 2.520833333333310389 ) ) ;
#6063 = CARTESIAN_POINT ( 'NONE',  ( 1.017788105676659782, 0.5876202367904058699, -2.333333333333342807 ) ) ;
#6064 = CARTESIAN_POINT ( 'NONE',  ( 1.103625504730557871, 0.6371784822407263738, 3.239062499999998845 ) ) ;
#6065 = CARTESIAN_POINT ( 'NONE',  ( -0.5529378364870412010, -0.9577164262227633174, -0.3375000000000022982 ) ) ;
#6066 = CARTESIAN_POINT ( 'NONE',  ( 0.8816504037844374864, 1.527063293868256677, 2.005208333333314386 ) ) ;
#6067 = CARTESIAN_POINT ( 'NONE',  ( 0.5529378364870405349, -0.9577164262227638725, 0.2437499999999983014 ) ) ;
#6068 = CARTESIAN_POINT ( 'NONE',  ( -1.105875672974081736, 3.609077752078517018E-15, -1.706250000000001377 ) ) ;
#6069 = CARTESIAN_POINT ( 'NONE',  ( 0.8660254037844379305, -1.500000000000003331, -4.145833333333341031 ) ) ;
#6070 = DIRECTION ( 'NONE',  ( -0.000000000000000000, 1.224646799147353454E-16, -1.000000000000000000 ) ) ;
#6071 = SECURITY_CLASSIFICATION_LEVEL ( 'unclassified' ) ;
#6072 = CARTESIAN_POINT ( 'NONE',  ( 0.000000000000000000, 1.527063293868257343, 6.515624999999972466 ) ) ;
#6073 = CARTESIAN_POINT ( 'NONE',  ( -1.017788105676655563, 0.5876202367904134194, 6.833333333333303727 ) ) ;
#6074 = EDGE_CURVE ( 'NONE', #407, #954, #5149, .T. ) ;
#6075 = EDGE_LOOP ( 'NONE', ( #3615, #4603, #4271, #1885 ) ) ;
#6076 = LINE ( 'NONE', #2272, #3550 ) ;
#6077 = VERTEX_POINT ( 'NONE', #2415 ) ;
#6078 = CARTESIAN_POINT ( 'NONE',  ( 1.223678338661824627, 0.2062257352166489699, 4.737297846093633247 ) ) ;
#6079 = CARTESIAN_POINT ( 'NONE',  ( 0.000000000000000000, -2.849999999999999201, 4.999999999999999112 ) ) ;
#6080 = CARTESIAN_POINT ( 'NONE',  ( -0.8660254037844391517, -1.500000000000002665, 1.708333333333317938 ) ) ;
#6081 = CARTESIAN_POINT ( 'NONE',  ( -1.322475605676655119, -0.7635316469341328904, -0.8177083333333448056 ) ) ;
#6082 = EDGE_CURVE ( 'NONE', #1667, #1667, #3795, .T. ) ;
#6083 = EDGE_LOOP ( 'NONE', ( #6836, #4484, #6292, #624 ) ) ;
#6084 = CARTESIAN_POINT ( 'NONE',  ( -1.357050807568873863, -2.991388944476002371E-15, -1.625000000000010436 ) ) ;
#6085 = FACE_BOUND ( 'NONE', #1544, .T. ) ;
#6086 = CARTESIAN_POINT ( 'NONE',  ( 2.800000000000001155, -1.791857758372713105, 0.9433296209488570838 ) ) ;
#6087 = CARTESIAN_POINT ( 'NONE',  ( 0.000000000000000000, 0.9577164262227703118, 0.8249999999999976241 ) ) ;
#6088 = CARTESIAN_POINT ( 'NONE',  ( 7.041719095097280880E-16, 3.676955262170050531, -0.9899494936611663576 ) ) ;
#6089 = CARTESIAN_POINT ( 'NONE',  ( 0.8294067547305610244, -0.4788582131113806040, 2.981249999999997957 ) ) ;
#6090 = CARTESIAN_POINT ( 'NONE',  ( 1.017788105676656008, 0.5876202367904124202, 1.729166666666648755 ) ) ;
#6091 = CARTESIAN_POINT ( 'NONE',  ( 1.103625504730557871, 0.6371784822407263738, 2.367187499999996891 ) ) ;
#6092 = ORIENTED_EDGE ( 'NONE', *, *, #6383, .T. ) ;
#6093 = EDGE_CURVE ( 'NONE', #1933, #771, #6863, .T. ) ;
#6094 = CARTESIAN_POINT ( 'NONE',  ( 2.800000000000001155, 0.000000000000000000, 7.999999999999996447 ) ) ;
#6095 = CARTESIAN_POINT ( 'NONE',  ( -1.732050807568876971, -2.968426816991988742E-15, 2.187499999999978684 ) ) ;
#6096 = CARTESIAN_POINT ( 'NONE',  ( 0.8294067547305610244, -0.4788582131113803819, -0.6187500000000016875 ) ) ;
#6097 = CARTESIAN_POINT ( 'NONE',  ( -6.334174632669382332E-15, -1.175240473580835721, -1.500000000000010880 ) ) ;
#6098 = CARTESIAN_POINT ( 'NONE',  ( -1.103625504730557649, -0.6371784822407203785, 3.464062499999998490 ) ) ;
#6099 = CARTESIAN_POINT ( 'NONE',  ( -0.8294067547305612464, 0.4788582131113869322, 3.149999999999997247 ) ) ;
#6100 = CARTESIAN_POINT ( 'NONE',  ( 0.000000000000000000, 1.527063293868257121, 2.546874999999979572 ) ) ;
#6101 = CARTESIAN_POINT ( 'NONE',  ( -1.172864355864553979E-16, -0.9577164262227635394, -1.143750000000001599 ) ) ;
#6102 = CARTESIAN_POINT ( 'NONE',  ( 0.000000000000000000, 1.499999999999996669, -3.937500000000007994 ) ) ;
#6103 = CARTESIAN_POINT ( 'NONE',  ( -2.799999999999998490, 0.000000000000000000, 0.000000000000000000 ) ) ;
#6104 = LINE ( 'NONE', #2194, #1936 ) ;
#6105 = APPROVAL_DATE_TIME ( #4481, #6811 ) ;
#6106 = CARTESIAN_POINT ( 'NONE',  ( -1.017788105676655563, -0.5876202367904191926, -5.020833333333336590 ) ) ;
#6107 = CARTESIAN_POINT ( 'NONE',  ( -1.357050807568873863, -2.991388944476002371E-15, 5.874999999999973355 ) ) ;
#6108 = PERSON ( 'NAUO-PER2', 'UNSPECIFIED', 'UNSPECIFIED', ('UNSPECIFIED'), ('UNSPECIFIED'), ('UNSPECIFIED') ) ;
#6109 = ORIENTED_EDGE ( 'NONE', *, *, #1927, .F. ) ;
#6110 = CARTESIAN_POINT ( 'NONE',  ( 2.800000000000005151, 4.490128060534575916, 4.490128060534575916 ) ) ;
#6111 = VERTEX_POINT ( 'NONE', #799 ) ;
#6112 = CARTESIAN_POINT ( 'NONE',  ( 1.082531754730549078, 0.6250000000000028866, -0.8250000000000070610 ) ) ;
#6113 = VERTEX_POINT ( 'NONE', #4042 ) ;
#6114 = CARTESIAN_POINT ( 'NONE',  ( 1.017788105676657562, 0.5876202367904096446, -2.770833333333341475 ) ) ;
#6115 = CARTESIAN_POINT ( 'NONE',  ( 3.000000000000000000, -7.799999999999997158, 5.064582904840243316 ) ) ;
#6116 = CARTESIAN_POINT ( 'NONE',  ( 1.299038105676658450, 0.7499999999999957812, -1.083333333333342363 ) ) ;
#6117 = CARTESIAN_POINT ( 'NONE',  ( -1.763300807568873418, -2.966513306368321794E-15, -1.859375000000009548 ) ) ;
#6118 = CARTESIAN_POINT ( 'NONE',  ( -1.439254484199186421E-16, -1.175240473580835721, -1.500000000000010880 ) ) ;
#6119 = CARTESIAN_POINT ( 'NONE',  ( -3.000000000000000000, 0.000000000000000000, 7.799999999999998046 ) ) ;
#6120 = CIRCLE ( 'NONE', #2813, 0.7946314968241677823 ) ;
#6121 = EDGE_CURVE ( 'NONE', #3159, #19, #5685, .T. ) ;
#6122 = FACE_OUTER_BOUND ( 'NONE', #6083, .T. ) ;
#6123 = CARTESIAN_POINT ( 'NONE',  ( 0.5529378364870414231, 0.9577164262227702007, -0.1125000000000023620 ) ) ;
#6124 = VERTEX_POINT ( 'NONE', #6053 ) ;
#6125 = LINE ( 'NONE', #7194, #867 ) ;
#6126 = CARTESIAN_POINT ( 'NONE',  ( -1.017788105676655563, -0.5876202367904191926, 2.479166666666646979 ) ) ;
#6127 = CONICAL_SURFACE ( 'NONE', #1182, 1.154700538379250796, 0.7853981633974500554 ) ;
#6128 = DIRECTION ( 'NONE',  ( 1.000000000000000000, -0.000000000000000000, 0.000000000000000000 ) ) ;
#6129 = EDGE_LOOP ( 'NONE', ( #6696, #479, #7061, #5519 ) ) ;
#6130 = FACE_OUTER_BOUND ( 'NONE', #3408, .T. ) ;
#6131 = CARTESIAN_POINT ( 'NONE',  ( 0.8660254037844379305, -1.500000000000003331, 3.354166666666642538 ) ) ;
#6132 = CARTESIAN_POINT ( 'NONE',  ( -1.172864355864553979E-16, -0.9577164262227635394, -1.143750000000001599 ) ) ;
#6133 = CARTESIAN_POINT ( 'NONE',  ( -1.017788105676658006, -0.5876202367904151957, -1.583333333333344140 ) ) ;
#6134 = CARTESIAN_POINT ( 'NONE',  ( 0.000000000000000000, 1.274356964481451415, 2.864062499999998401 ) ) ;
#6135 = ADVANCED_FACE ( 'NONE', ( #5739, #2937 ), #5185, .F. ) ;
#6136 = CARTESIAN_POINT ( 'NONE',  ( 0.5529378364870414231, 0.9577164262227698677, 2.587499999999996803 ) ) ;
#6137 = CARTESIAN_POINT ( 'NONE',  ( -0.8816504037844364872, 1.527063293868256899, 2.088541666666647423 ) ) ;
#6138 = CARTESIAN_POINT ( 'NONE',  ( 0.8294067547305616905, 0.4788582131113863216, -0.9937500000000015765 ) ) ;
#6139 = FACE_OUTER_BOUND ( 'NONE', #4605, .T. ) ;
#6140 = DIRECTION ( 'NONE',  ( 0.000000000000000000, 0.000000000000000000, -1.000000000000000000 ) ) ;
#6141 = CARTESIAN_POINT ( 'NONE',  ( -1.169893539035377517, 0.7049538751455958208, -4.770893149052343851 ) ) ;
#6142 = PERSON_AND_ORGANIZATION ( #6017, #2973 ) ;
#6143 = CARTESIAN_POINT ( 'NONE',  ( 1.105875672974081736, 3.105370362377572874E-15, 2.962499999999996803 ) ) ;
#6144 = CARTESIAN_POINT ( 'NONE',  ( -0.6785254037844372643, -1.175240473580835721, 6.958333333333304616 ) ) ;
#6145 = EDGE_LOOP ( 'NONE', ( #3866 ) ) ;
#6146 = CARTESIAN_POINT ( 'NONE',  ( -0.8428154764883218908, 0.6681007961515351701, 6.559249473037191080 ) ) ;
#6147 = ORIENTED_EDGE ( 'NONE', *, *, #3632, .T. ) ;
#6148 = CARTESIAN_POINT ( 'NONE',  ( -1.443375672974064994, 3.576441577509309647E-15, -0.6375000000000071720 ) ) ;
#6149 = CARTESIAN_POINT ( 'NONE',  ( 1.017788105676659782, 0.5876202367904058699, -2.270833333333342363 ) ) ;
#6150 = CARTESIAN_POINT ( 'NONE',  ( 2.800000000000001155, -4.171930009000630157, 5.020458146424486401 ) ) ;
#6151 = CARTESIAN_POINT ( 'NONE',  ( -0.8660254037844383745, 1.499999999999996669, -0.9583333333333430293 ) ) ;
#6152 = CARTESIAN_POINT ( 'NONE',  ( 0.8816504037844375974, 1.527063293868256677, 0.4739583333333193260 ) ) ;
#6153 = CC_DESIGN_APPROVAL ( #4198, ( #2037 ) ) ;
#6154 = CARTESIAN_POINT ( 'NONE',  ( 0.000000000000000000, 1.175240473580829725, -1.250000000000011546 ) ) ;
#6155 = CIRCLE ( 'NONE', #4026, 9.299999999999998934 ) ;
#6156 = DIRECTION ( 'NONE',  ( -0.000000000000000000, -0.000000000000000000, 1.000000000000000000 ) ) ;
#6157 = APPLICATION_CONTEXT ( 'configuration controlled 3d designs of mechanical parts and assemblies' ) ;
#6158 = AXIS2_PLACEMENT_3D ( 'NONE', #2359, #5673, #6779 ) ;
#6159 = CARTESIAN_POINT ( 'NONE',  ( 1.076854505605186363, -0.8604366791566666617, -4.750018384755738232 ) ) ;
#6160 = CARTESIAN_POINT ( 'NONE',  ( 0.5529378364870405349, -0.9577164262227637614, 0.1874999999999975575 ) ) ;
#6161 = VERTEX_POINT ( 'NONE', #5019 ) ;
#6162 = CARTESIAN_POINT ( 'NONE',  ( -3.000000000000000000, -0.5656854249492370146, -0.5656854249492370146 ) ) ;
#6163 = CARTESIAN_POINT ( 'NONE',  ( 1.017788105676656008, 0.5876202367904124202, 2.229166666666647423 ) ) ;
#6164 = CARTESIAN_POINT ( 'NONE',  ( 0.5529378364870405349, -0.9577164262227636504, -2.906250000000001332 ) ) ;
#6165 = EDGE_CURVE ( 'NONE', #4452, #7009, #6792, .T. ) ;
#6166 = CIRCLE ( 'NONE', #4871, 2.225000000000001421 ) ;
#6167 = CARTESIAN_POINT ( 'NONE',  ( -3.000000000000000000, -0.000000000000000000, -7.800000000000005151 ) ) ;
#6168 = VECTOR ( 'NONE', #4553, 1000.000000000000114 ) ;
#6169 = CARTESIAN_POINT ( 'NONE',  ( 1.299038105676657562, -0.7500000000000035527, 2.395833333333311721 ) ) ;
#6170 = CARTESIAN_POINT ( 'NONE',  ( -0.5529378364870407569, 0.9577164262227704228, -0.4312500000000014655 ) ) ;
#6171 = CARTESIAN_POINT ( 'NONE',  ( 0.6785254037844424824, 1.175240473580826395, -1.791666666666677399 ) ) ;
#6172 = CARTESIAN_POINT ( 'NONE',  ( -1.172864355864553979E-16, -0.9577164262227634284, -2.493750000000001688 ) ) ;
#6173 = VECTOR ( 'NONE', #4840, 1000.000000000000000 ) ;
#6174 = CARTESIAN_POINT ( 'NONE',  ( 1.103625504730557871, 0.6371784822407267068, -2.582812500000003286 ) ) ;
#6175 = EDGE_CURVE ( 'NONE', #6410, #2747, #904, .T. ) ;
#6176 = CARTESIAN_POINT ( 'NONE',  ( 1.322475605676654453, -0.7635316469341337786, 3.380208333333311277 ) ) ;
#6177 = CIRCLE ( 'NONE', #5942, 0.7946314968241675603 ) ;
#6178 = CARTESIAN_POINT ( 'NONE',  ( -0.8294067547305613575, -0.4788582131113797158, -1.668750000000001510 ) ) ;
#6179 = CARTESIAN_POINT ( 'NONE',  ( 2.866682547644414658, 7.933317452355589161, -5.103952732046619367 ) ) ;
#6180 = CARTESIAN_POINT ( 'NONE',  ( -0.6764706046374654447, -0.7641400526929413850, 6.511735735160803173 ) ) ;
#6181 = CYLINDRICAL_SURFACE ( 'NONE', #1678, 9.500000000000000000 ) ;
#6182 = COORDINATED_UNIVERSAL_TIME_OFFSET ( 6, 0, .BEHIND. ) ;
#6183 = DIRECTION ( 'NONE',  ( 1.000000000000000000, 0.000000000000000000, 0.000000000000000000 ) ) ;
#6184 = CARTESIAN_POINT ( 'NONE',  ( -0.6785254037844372643, -1.175240473580835721, 5.958333333333307280 ) ) ;
#6185 = ORIENTED_EDGE ( 'NONE', *, *, #2201, .F. ) ;
#6186 = CARTESIAN_POINT ( 'NONE',  ( 2.800000000000001155, -7.999999999999998224, 5.123475382979802539 ) ) ;
#6188 = ADVANCED_FACE ( 'NONE', ( #2088 ), #1222, .F. ) ;
#6187 = EDGE_LOOP ( 'NONE', ( #6440, #5191, #882, #4621, #2614, #6003 ) ) ;
#6189 = CARTESIAN_POINT ( 'NONE',  ( -1.443375672974064994, 3.509112622597961005E-15, 0.7124999999999929168 ) ) ;
#6190 = CARTESIAN_POINT ( 'NONE',  ( 1.357050807568874085, -7.728666526791978061E-15, -1.812500000000010214 ) ) ;
#6191 = DIRECTION ( 'NONE',  ( 0.000000000000000000, 0.000000000000000000, 1.000000000000000000 ) ) ;
#6192 = CARTESIAN_POINT ( 'NONE',  ( 0.8660254037844381525, -1.500000000000003331, -0.7083333333333438064 ) ) ;
#6193 = B_SPLINE_CURVE_WITH_KNOTS ( 'NONE', 3,
 ( #1400, #3638, #5406, #7066 ),
 .UNSPECIFIED., .F., .F.,
 ( 4, 4 ),
 ( 0.000000000000000000, 0.0002889088506456982414 ),
 .UNSPECIFIED. ) ;
#6194 = CARTESIAN_POINT ( 'NONE',  ( -1.322475605676655119, -0.7635316469341328904, -0.3177083333333460269 ) ) ;
#6195 = CARTESIAN_POINT ( 'NONE',  ( -1.017788105676655563, -0.5876202367904191926, -3.083333333333340587 ) ) ;
#6196 = DIRECTION ( 'NONE',  ( 0.000000000000000000, 0.000000000000000000, 1.000000000000000000 ) ) ;
#6197 = DIRECTION ( 'NONE',  ( 0.8660254037844383745, 0.5000000000000004441, 0.000000000000000000 ) ) ;
#6198 = DIRECTION ( 'NONE',  ( 0.000000000000000000, 0.000000000000000000, 1.000000000000000000 ) ) ;
#6199 = CARTESIAN_POINT ( 'NONE',  ( -1.105875672974081736, 3.477225215377124399E-15, 0.9374999999999972244 ) ) ;
#6200 = DIRECTION ( 'NONE',  ( 0.000000000000000000, -1.000000000000000000, 0.000000000000000000 ) ) ;
#6201 = CARTESIAN_POINT ( 'NONE',  ( -1.357050807568873863, -2.991388944476002371E-15, 1.937499999999981570 ) ) ;
#6202 = CARTESIAN_POINT ( 'NONE',  ( 3.000000000000000000, -4.737615433949867949, 4.737615433949867949 ) ) ;
#6203 = CARTESIAN_POINT ( 'NONE',  ( 0.7216878364870332740, 1.250000000000003553, 1.968750000000002665 ) ) ;
#6204 = ADVANCED_FACE ( 'NONE', ( #6584, #4336 ), #858, .F. ) ;
#6205 = CARTESIAN_POINT ( 'NONE',  ( 0.000000000000000000, 1.499999999999996669, 2.062499999999979128 ) ) ;
#6206 = CARTESIAN_POINT ( 'NONE',  ( -0.8294067547305612464, 0.4788582131113870988, 0.05624999999999814176 ) ) ;
#6207 = CARTESIAN_POINT ( 'NONE',  ( -0.6785254037844196118, 1.175240473580839717, 1.791666666666649199 ) ) ;
#6208 = CARTESIAN_POINT ( 'NONE',  ( -0.7357503364870382478, 1.274356964481451415, 2.451562499999998757 ) ) ;
#6209 = CARTESIAN_POINT ( 'NONE',  ( -0.8294067547305612464, 0.4788582131113869877, 2.699999999999997513 ) ) ;
#6210 = CARTESIAN_POINT ( 'NONE',  ( -0.8816504037844370423, -1.527063293868262894, 2.755208333333312609 ) ) ;
#6211 = LOCAL_TIME ( 13, 37, 30.00000000000000000, #2082 ) ;
#6212 = CARTESIAN_POINT ( 'NONE',  ( -0.8294067547305613575, -0.4788582131113799933, 2.831249999999998046 ) ) ;
#6213 = EDGE_CURVE ( 'NONE', #5700, #195, #3679, .T. ) ;
#6214 = CARTESIAN_POINT ( 'NONE',  ( -2.399999999999995470, -4.171930009000632822, 4.454772721475252162 ) ) ;
#6215 = CARTESIAN_POINT ( 'NONE',  ( 3.000000000000000000, 5.123475382979804316, 7.999999999999996447 ) ) ;
#6216 = DIRECTION ( 'NONE',  ( -1.000000000000000000, -0.000000000000000000, -0.000000000000000000 ) ) ;
#6217 = SECURITY_CLASSIFICATION_LEVEL ( 'unclassified' ) ;
#6218 = FACE_OUTER_BOUND ( 'NONE', #660, .T. ) ;
#6219 = CARTESIAN_POINT ( 'NONE',  ( -1.322475605676654897, -0.7635316469341327794, -3.786458333333340143 ) ) ;
#6220 = VERTEX_POINT ( 'NONE', #3190 ) ;
#6221 = CARTESIAN_POINT ( 'NONE',  ( -0.3235293953625342223, 0.9679107548759349200, 6.511735735160800509 ) ) ;
#6222 = ORIENTED_EDGE ( 'NONE', *, *, #235, .T. ) ;
#6223 = CARTESIAN_POINT ( 'NONE',  ( -0.7216878364870328300, -1.249999999999996891, 0.7874999999999928724 ) ) ;
#6224 = CARTESIAN_POINT ( 'NONE',  ( -1.357050807568874085, 6.567101604717177061E-15, -1.562500000000010436 ) ) ;
#6225 = FACE_OUTER_BOUND ( 'NONE', #1525, .T. ) ;
#6226 = CARTESIAN_POINT ( 'NONE',  ( -0.8660254037844391517, -1.500000000000002665, -0.7916666666666765106 ) ) ;
#6227 = CARTESIAN_POINT ( 'NONE',  ( 1.322475605676654675, -0.7635316469341338896, 2.848958333333314386 ) ) ;
#6228 = CARTESIAN_POINT ( 'NONE',  ( 0.000000000000000000, 1.175240473580829725, 1.749999999999982458 ) ) ;
#6229 = EDGE_CURVE ( 'NONE', #3054, #946, #1970, .T. ) ;
#6230 = CARTESIAN_POINT ( 'NONE',  ( -0.1345470299149697235, 1.116310608058314058, 3.449999999999995737 ) ) ;
#6231 = CARTESIAN_POINT ( 'NONE',  ( 0.8473157484120901195, -1.467593926302972474, 3.449999999999996625 ) ) ;
#6232 = LINE ( 'NONE', #628, #4531 ) ;
#6233 = CARTESIAN_POINT ( 'NONE',  ( 2.800000000000001155, 7.128367289874323554, -6.279839152450467310 ) ) ;
#6234 = CARTESIAN_POINT ( 'NONE',  ( -0.5529378364870407569, 0.9577164262227705338, -2.287500000000002309 ) ) ;
#6235 = CARTESIAN_POINT ( 'NONE',  ( 1.017788105676655341, -0.5876202367904199697, 2.645833333333314386 ) ) ;
#6236 = CARTESIAN_POINT ( 'NONE',  ( 0.000000000000000000, 0.9577164262227705338, -2.718750000000001332 ) ) ;
#6237 = CLOSED_SHELL ( 'NONE', ( #5412, #4391, #3232, #803, #497, #1125, #2548, #1092, #2777, #7246, #1299, #3407, #2331, #4541, #542, #2724, #5761, #3406, #6875, #1755, #1731, #3149, #3241, #4549 ) ) ;
#6238 = CARTESIAN_POINT ( 'NONE',  ( 1.082531754730548634, -0.6249999999999974465, 1.406250000000002665 ) ) ;
#6239 = AXIS2_PLACEMENT_3D ( 'NONE', #3047, #6434, #2010 ) ;
#6240 = CARTESIAN_POINT ( 'NONE',  ( -1.299038105676658006, -0.7500000000000026645, 4.229166666666641206 ) ) ;
#6241 = CARTESIAN_POINT ( 'NONE',  ( 0.8294067547305616905, 0.4788582131113863216, -0.5437500000000017319 ) ) ;
#6242 = CARTESIAN_POINT ( 'NONE',  ( -1.357050807568874085, 1.820381705179504962E-14, 1.374999999999982903 ) ) ;
#6243 = CARTESIAN_POINT ( 'NONE',  ( 0.5529378364870414231, 0.9577164262227702007, -0.05625000000000161121 ) ) ;
#6244 = CARTESIAN_POINT ( 'NONE',  ( 0.000000000000000000, 1.175240473580829725, -5.187500000000002665 ) ) ;
#6245 = CARTESIAN_POINT ( 'NONE',  ( -1.103625504730557649, -0.6371784822407200455, -2.807812500000002931 ) ) ;
#6246 = EDGE_LOOP ( 'NONE', ( #662 ) ) ;
#6247 = CARTESIAN_POINT ( 'NONE',  ( 0.8816504037844374864, 1.527063293868256677, 5.005208333333308168 ) ) ;
#6248 = AXIS2_PLACEMENT_3D ( 'NONE', #236, #3972, #3458 ) ;
#6249 = CARTESIAN_POINT ( 'NONE',  ( -0.5529378364870412010, -0.9577164262227635394, 2.868749999999998579 ) ) ;
#6250 = CARTESIAN_POINT ( 'NONE',  ( -0.8660254037844388186, -1.500000000000002665, -1.729166666666679619 ) ) ;
#6251 = DIRECTION ( 'NONE',  ( 0.000000000000000000, -0.7071067811865476838, -0.7071067811865474617 ) ) ;
#6252 = CARTESIAN_POINT ( 'NONE',  ( -1.103625504730557427, 0.6371784822407277060, -2.910937500000000622 ) ) ;
#6253 = PERSON_AND_ORGANIZATION_ROLE ( 'design_owner' ) ;
#6254 = CARTESIAN_POINT ( 'NONE',  ( 2.800000000000001155, 5.123475382979804316, 7.999999999999996447 ) ) ;
#6255 = CARTESIAN_POINT ( 'NONE',  ( -1.322475605676654897, -0.7635316469341327794, -5.286458333333336590 ) ) ;
#6256 = ORIENTED_EDGE ( 'NONE', *, *, #3613, .T. ) ;
#6257 = CARTESIAN_POINT ( 'NONE',  ( -1.017788105676654675, 0.5876202367904150847, -4.104166666666671404 ) ) ;
#6258 = EDGE_CURVE ( 'NONE', #3748, #6887, #4297, .T. ) ;
#6259 = CARTESIAN_POINT ( 'NONE',  ( -2.799999999999998490, 0.000000000000000000, 0.000000000000000000 ) ) ;
#6260 = CARTESIAN_POINT ( 'NONE',  ( 0.7216878364870319418, -1.249999999999996891, -1.387500000000007283 ) ) ;
#6261 = CARTESIAN_POINT ( 'NONE',  ( -1.017788105676653565, 0.5876202367904167501, -0.6041666666666790642 ) ) ;
#6262 = CARTESIAN_POINT ( 'NONE',  ( 1.380667682390755990, 0.5395828185988444936, 4.979648210543948572 ) ) ;
#6263 = CARTESIAN_POINT ( 'NONE',  ( 1.299038105676657562, -0.7500000000000035527, -1.166666666666675845 ) ) ;
#6264 = CARTESIAN_POINT ( 'NONE',  ( -0.8816504037844372643, -1.527063293868263116, 2.723958333333314386 ) ) ;
#6265 = CARTESIAN_POINT ( 'NONE',  ( -1.357050807568873863, -2.991388944476002371E-15, 0.3749999999999846789 ) ) ;
#6266 = ORIENTED_EDGE ( 'NONE', *, *, #3252, .T. ) ;
#6267 = CARTESIAN_POINT ( 'NONE',  ( -0.07868985142941081756, -1.218050680222821480, -2.700940835825262010 ) ) ;
#6268 = FACE_OUTER_BOUND ( 'NONE', #229, .T. ) ;
#6269 = CARTESIAN_POINT ( 'NONE',  ( -3.000000000000000000, 5.064582904840234434, -7.800000000000005151 ) ) ;
#6270 = AXIS2_PLACEMENT_3D ( 'NONE', #266, #2094, #6591 ) ;
#6271 = CARTESIAN_POINT ( 'NONE',  ( 1.322475605676654675, -0.7635316469341338896, -4.651041666666669627 ) ) ;
#6272 = CARTESIAN_POINT ( 'NONE',  ( -0.8294067547305612464, 0.4788582131113871543, -2.250000000000001776 ) ) ;
#6273 = CARTESIAN_POINT ( 'NONE',  ( -1.439254484199186421E-16, -1.175240473580835721, 5.062499999999975131 ) ) ;
#6274 = ORIENTED_EDGE ( 'NONE', *, *, #6342, .T. ) ;
#6275 = CARTESIAN_POINT ( 'NONE',  ( -1.105875672974081736, 3.631520737048966960E-15, -2.156250000000001332 ) ) ;
#6276 = CARTESIAN_POINT ( 'NONE',  ( 0.000000000000000000, 1.250000000000003997, 1.106250000000003064 ) ) ;
#6277 = CC_DESIGN_DATE_AND_TIME_ASSIGNMENT ( #610, #5068, ( #1371 ) ) ;
#6278 = CARTESIAN_POINT ( 'NONE',  ( -1.172864355864553979E-16, -0.9577164262227636504, 1.556249999999997691 ) ) ;
#6279 = CARTESIAN_POINT ( 'NONE',  ( -1.357050807568874085, 8.229009532486731028E-15, 0.8749999999999844569 ) ) ;
#6280 = CARTESIAN_POINT ( 'NONE',  ( 0.8294067547305610244, -0.4788582131113804374, -0.1687500000000017875 ) ) ;
#6281 = CARTESIAN_POINT ( 'NONE',  ( 0.6785254037844365982, -1.175240473580835721, -3.395833333333340143 ) ) ;
#6282 = VECTOR ( 'NONE', #7222, 1000.000000000000000 ) ;
#6283 = CARTESIAN_POINT ( 'NONE',  ( 1.471500672974076718, 3.204424496924230632E-15, -0.3703125000000030420 ) ) ;
#6284 = ORIENTED_EDGE ( 'NONE', *, *, #6028, .T. ) ;
#6285 = CARTESIAN_POINT ( 'NONE',  ( 1.763300807568873196, -3.398397444352954028E-15, 4.421874999999976019 ) ) ;
#6286 = CARTESIAN_POINT ( 'NONE',  ( -0.5529378364870407569, 0.9577164262227702007, 2.268749999999998046 ) ) ;
#6287 = CARTESIAN_POINT ( 'NONE',  ( -1.732050807568876971, -2.968426816991988742E-15, -2.812500000000009770 ) ) ;
#6288 = PLANE ( 'NONE',  #5688 ) ;
#6289 = CARTESIAN_POINT ( 'NONE',  ( -0.7357503364870382478, 1.274356964481451415, -0.2484375000000008105 ) ) ;
#6290 = CARTESIAN_POINT ( 'NONE',  ( -1.172864355864553979E-16, -0.9577164262227635394, -1.650000000000002354 ) ) ;
#6291 = CARTESIAN_POINT ( 'NONE',  ( 1.763300807568873196, -3.398397444352954028E-15, -4.078125000000006217 ) ) ;
#6292 = ORIENTED_EDGE ( 'NONE', *, *, #3633, .F. ) ;
#6293 = CARTESIAN_POINT ( 'NONE',  ( -0.6785254037844359321, 1.175240473580830169, -4.645833333333336590 ) ) ;
#6294 = CARTESIAN_POINT ( 'NONE',  ( -0.7216878364870322748, 1.250000000000003775, 1.087499999999993250 ) ) ;
#6295 = CARTESIAN_POINT ( 'NONE',  ( 0.6785254037844519193, 1.175240473580821288, 0.2708333333333191040 ) ) ;
#6296 = CARTESIAN_POINT ( 'NONE',  ( 0.000000000000000000, -9.899228293107805141E-16, -4.625000000000000888 ) ) ;
#6297 = CARTESIAN_POINT ( 'NONE',  ( -0.8660254037844383745, 1.499999999999996669, -3.958333333333336146 ) ) ;
#6298 = CARTESIAN_POINT ( 'NONE',  ( 1.763300807568873418, -3.398397444352954817E-15, 2.890624999999980016 ) ) ;
#6299 = CARTESIAN_POINT ( 'NONE',  ( -1.017788105676655563, 0.5876202367904134194, -0.6666666666666790642 ) ) ;
#6300 = ORIENTED_EDGE ( 'NONE', *, *, #6706, .T. ) ;
#6301 = DIRECTION ( 'NONE',  ( 0.000000000000000000, 1.000000000000000000, -0.000000000000000000 ) ) ;
#6302 = EDGE_LOOP ( 'NONE', ( #3341, #3740, #4015, #2271 ) ) ;
#6303 = DIRECTION ( 'NONE',  ( 0.4999999999999980571, 0.8660254037844398178, 0.000000000000000000 ) ) ;
#6304 = CARTESIAN_POINT ( 'NONE',  ( -3.031310039874818660E-16, 1.154700538379251018, 5.495000000000000107 ) ) ;
#6305 = CARTESIAN_POINT ( 'NONE',  ( -1.172864355864553979E-16, -0.9577164262227637614, 2.399999999999997691 ) ) ;
#6306 = CARTESIAN_POINT ( 'NONE',  ( -1.172864355864553979E-16, -0.9577164262227635394, -1.200000000000002176 ) ) ;
#6307 = CARTESIAN_POINT ( 'NONE',  ( -1.017788105676655563, -0.5876202367904191926, 4.479166666666643870 ) ) ;
#6308 = CARTESIAN_POINT ( 'NONE',  ( -0.8294067547305613575, -0.4788582131113797158, -2.118750000000001688 ) ) ;
#6309 = CARTESIAN_POINT ( 'NONE',  ( 1.082531754730548856, 0.6250000000000027756, 1.031250000000002442 ) ) ;
#6310 = CARTESIAN_POINT ( 'NONE',  ( 0.5529378364870405349, -0.9577164262227638725, 2.493749999999997691 ) ) ;
#6311 = CARTESIAN_POINT ( 'NONE',  ( 1.017788105676660670, 0.5876202367904043156, 0.6666666666666513086 ) ) ;
#6312 = CARTESIAN_POINT ( 'NONE',  ( -1.172864355864553979E-16, -0.9577164262227635394, -0.6937500000000016431 ) ) ;
#6313 = CARTESIAN_POINT ( 'NONE',  ( 1.357050807568873863, -3.323770530029912691E-15, -1.812500000000010214 ) ) ;
#6314 = CARTESIAN_POINT ( 'NONE',  ( 1.103625504730557205, -0.6371784822407210447, -0.8578125000000030864 ) ) ;
#6315 = CARTESIAN_POINT ( 'NONE',  ( 0.8816504037844374864, 1.527063293868256677, 3.505208333333311721 ) ) ;
#6316 = EDGE_CURVE ( 'NONE', #6561, #6633, #1621, .T. ) ;
#6317 = CARTESIAN_POINT ( 'NONE',  ( 0.8294067547305610244, -0.4788582131113804929, 1.181249999999998357 ) ) ;
#6318 = CARTESIAN_POINT ( 'NONE',  ( -0.8660254037844383745, 1.499999999999996669, -3.395833333333343251 ) ) ;
#6319 = CARTESIAN_POINT ( 'NONE',  ( 3.000000000000000000, 0.5656854249492385689, 0.5656854249492385689 ) ) ;
#6320 = CARTESIAN_POINT ( 'NONE',  ( -0.7357503364870382478, 1.274356964481451637, -2.498437500000000533 ) ) ;
#6321 = DATE_AND_TIME ( #2374, #4864 ) ;
#6322 = CARTESIAN_POINT ( 'NONE',  ( -0.5529378364870412010, -0.9577164262227633174, -1.687500000000002220 ) ) ;
#6323 = CARTESIAN_POINT ( 'NONE',  ( -1.322475605676654897, 0.7635316469341272283, -4.369791666666672292 ) ) ;
#6324 =( BOUNDED_CURVE ( )  B_SPLINE_CURVE ( 2, ( #550, #614, #6876, #1171, #1800, #652, #2377, #2896, #4038, #6293, #5216, #6837, #6801, #147, #1282, #1248, #3997, #5659, #3514, #687, #6325, #2859, #6257, #2308, #5770, #4595, #3405, #5110, #1836, #76, #5697, #4559, #3442, #3480, #4076, #5735, #1763, #182, #1207, #723, #2412, #4633, #5145, #2965, #108, #2932, #5182, #2344, #4528, #1068, #520, #3410, #3306, #7259, #6114, #39, #6769, #5554, #5662, #1733, #4002, #2755, #3961, #3344, #5591, #5010, #6149, #618, #6732, #4489, #553, #2276, #4423, #2791, #5075, #1694, #3888, #6190, #2828, #3928, #2237, #2863, #1766, #6224, #5515, #3, #1658, #1175, #1103, #1141, #3375, #6804, #5044, #2204, #5114, #79, #5627, #4456, #482, #2311, #584, #7221, #2713, #6698, #3853, #4563, #6261, #4972, #1211, #2169, #6665, #1620, #6435, #2346, #4639, #6912, #6879, #5702, #223, #3048, #3516, #6839, #1838, #2448, #5774, #1357, #4597, #6295, #4079, #3482, #2969, #5220, #5850, #6328, #3446, #4113, #187, #5291, #2414, #726, #3011, #1945, #655, #4672, #1284, #798, #260, #1804, #6361, #1905, #6400, #4149, #4041, #5738, #2900, #766, #5148, #1870, #112, #2486, #1318, #3556, #5813, #5255, #4707, #150, #6948, #3593, #4742, #6987, #1250, #4184, #689, #2936, #5184, #2380, #1980, #2587, #6469, #360, #5431, #3734, #4812, #5361, #326, #3772, #3153, #3189, #4848, #903, #3225, #6032, #7171, #7092, #5327, #833, #294, #7134, #5395, #6548, #1500, #982, #397, #5469, #2052, #7055, #4216, #2522, #2087, #4334, #1426, #4296, #5995, #4373, #1465, #2011, #5884, #5922, #2556, #940, #2628, #435, #3661, #4892, #6583, #2664, #5959, #4927, #869, #2121, #1538, #4253, #3120, #6506, #1390 ),
 .UNSPECIFIED., .F., .F. ) 
 B_SPLINE_CURVE_WITH_KNOTS ( ( 3, 2, 2, 2, 2, 2, 2, 2, 2, 2, 2, 2, 2, 2, 2, 2, 2, 2, 2, 2, 2, 2, 2, 2, 2, 2, 2, 2, 2, 2, 2, 2, 2, 2, 2, 2, 2, 2, 2, 2, 2, 2, 2, 2, 2, 2, 2, 2, 2, 2, 2, 2, 2, 2, 2, 2, 2, 2, 2, 2, 2, 2, 2, 2, 2, 2, 2, 2, 2, 2, 2, 2, 2, 2, 2, 2, 2, 2, 2, 2, 2, 2, 2, 2, 2, 2, 2, 2, 2, 2, 2, 2, 2, 2, 2, 2, 2, 2, 2, 2, 2, 2, 2, 2, 2, 2, 2, 2, 2, 2, 2, 2, 2, 2, 2, 2, 2, 3 ),
 ( 0.01893459752509046856, 0.02000000000000000042, 0.02666666666666666838, 0.03333333333333333287, 0.04000000000000000083, 0.04666666666666666879, 0.05333333333333333676, 0.05999999999999999778, 0.06666666666666666574, 0.07333333333333333370, 0.08000000000000000167, 0.08666666666666666963, 0.09333333333333333759, 0.1000000000000000056, 0.1066666666666666735, 0.1133333333333333276, 0.1199999999999999956, 0.1266666666666666774, 0.1333333333333333315, 0.1400000000000000133, 0.1466666666666666674, 0.1533333333333333215, 0.1600000000000000033, 0.1666666666666666574, 0.1733333333333333393, 0.1799999999999999933, 0.1866666666666666752, 0.1933333333333333570, 0.2000000000000000111, 0.2066666666666666652, 0.2133333333333333470, 0.2199999999999999734, 0.2266666666666666552, 0.2333333333333333370, 0.2399999999999999911, 0.2466666666666666730, 0.2533333333333332993, 0.2600000000000000089, 0.2666666666666666630, 0.2733333333333333171, 0.2800000000000000266, 0.2866666666666666807, 0.2933333333333333348, 0.2999999999999999889, 0.3066666666666666430, 0.3133333333333333526, 0.3200000000000000067, 0.3266666666666666607, 0.3333333333333333148, 0.3400000000000000244, 0.3466666666666666230, 0.3533333333333333326, 0.3599999999999999867, 0.3666666666666666408, 0.3733333333333333504, 0.3800000000000000044, 0.3866666666666666585, 0.3933333333333332571, 0.4000000000000000222, 0.4066666666666667318, 0.4133333333333333304, 0.4199999999999999845, 0.4266666666666666941, 0.4333333333333333481, 0.4400000000000000022, 0.4466666666666666563, 0.4533333333333333659, 0.4599999999999999645, 0.4666666666666666741, 0.4733333333333333282, 0.4799999999999999822, 0.4866666666666666918, 0.4933333333333333459, 0.5000000000000000000, 0.5066666666666667096, 0.5133333333333333082, 0.5200000000000000178, 0.5266666666666666163, 0.5333333333333334370, 0.5400000000000000355, 0.5466666666666666341, 0.5533333333333334547, 0.5600000000000000533, 0.5666666666666666519, 0.5733333333333334725, 0.5800000000000000711, 0.5866666666666666696, 0.5933333333333334902, 0.6000000000000000888, 0.6066666666666666874, 0.6133333333333332860, 0.6200000000000001066, 0.6266666666666667052, 0.6333333333333333037, 0.6400000000000001243, 0.6466666666666667229, 0.6533333333333333215, 0.6600000000000001421, 0.6666666666666667407, 0.6733333333333333393, 0.6800000000000001599, 0.6866666666666667584, 0.6933333333333333570, 0.6999999999999999556, 0.7066666666666667762, 0.7133333333333333748, 0.7199999999999999734, 0.7266666666666667940, 0.7333333333333333925, 0.7399999999999999911, 0.7466666666666668117, 0.7533333333333334103, 0.7600000000000000089, 0.7666666666666668295, 0.7733333333333334281, 0.7800000000000000266, 0.7866666666666666252, 0.7890799310838627623 ),
 .UNSPECIFIED. ) 
 CURVE ( )  GEOMETRIC_REPRESENTATION_ITEM ( )  RATIONAL_B_SPLINE_CURVE ( ( 0.9640221895668215080, 0.9785894700425403769, 1.000000000000000000, 0.8660254037844387076, 1.000000000000000000, 0.8660254037844387076, 1.000000000000000000, 0.8660254037844387076, 1.000000000000000000, 0.8660254037844387076, 1.000000000000000000, 0.8660254037844387076, 1.000000000000000000, 0.8660254037844387076, 1.000000000000000000, 0.8660254037844387076, 1.000000000000000000, 0.8660254037844387076, 1.000000000000000000, 0.8660254037844387076, 1.000000000000000000, 0.8660254037844387076, 1.000000000000000000, 0.8660254037844387076, 1.000000000000000000, 0.8660254037844387076, 1.000000000000000000, 0.8660254037844387076, 1.000000000000000000, 0.8660254037844387076, 1.000000000000000000, 0.8660254037844387076, 1.000000000000000000, 0.8660254037844387076, 1.000000000000000000, 0.8660254037844387076, 1.000000000000000000, 0.8660254037844387076, 1.000000000000000000, 0.8660254037844387076, 1.000000000000000000, 0.8660254037844387076, 1.000000000000000000, 0.8660254037844387076, 1.000000000000000000, 0.8660254037844387076, 1.000000000000000000, 0.8660254037844387076, 1.000000000000000000, 0.8660254037844387076, 1.000000000000000000, 0.8660254037844387076, 1.000000000000000000, 0.8660254037844387076, 1.000000000000000000, 0.8660254037844387076, 1.000000000000000000, 0.8660254037844387076, 1.000000000000000000, 0.8660254037844387076, 1.000000000000000000, 0.8660254037844387076, 1.000000000000000000, 0.8660254037844387076, 1.000000000000000000, 0.8660254037844387076, 1.000000000000000000, 0.8660254037844387076, 1.000000000000000000, 0.8660254037844387076, 1.000000000000000000, 0.8660254037844387076, 1.000000000000000000, 0.8660254037844387076, 1.000000000000000000, 0.8660254037844387076, 1.000000000000000000, 0.8660254037844387076, 1.000000000000000000, 0.8660254037844387076, 1.000000000000000000, 0.8660254037844387076, 1.000000000000000000, 0.8660254037844387076, 1.000000000000000000, 0.8660254037844387076, 1.000000000000000000, 0.8660254037844387076, 1.000000000000000000, 0.8660254037844387076, 1.000000000000000000, 0.8660254037844387076, 1.000000000000000000, 0.8660254037844387076, 1.000000000000000000, 0.8660254037844387076, 1.000000000000000000, 0.8660254037844387076, 1.000000000000000000, 0.8660254037844387076, 1.000000000000000000, 0.8660254037844387076, 1.000000000000000000, 0.8660254037844387076, 1.000000000000000000, 0.8660254037844387076, 1.000000000000000000, 0.8660254037844387076, 1.000000000000000000, 0.8660254037844387076, 1.000000000000000000, 0.8660254037844387076, 1.000000000000000000, 0.8660254037844387076, 1.000000000000000000, 0.8660254037844387076, 1.000000000000000000, 0.8660254037844387076, 1.000000000000000000, 0.8660254037844387076, 1.000000000000000000, 0.8660254037844387076, 1.000000000000000000, 0.8660254037844387076, 1.000000000000000000, 0.8660254037844387076, 1.000000000000000000, 0.8660254037844387076, 1.000000000000000000, 0.8660254037844387076, 1.000000000000000000, 0.8660254037844387076, 1.000000000000000000, 0.8660254037844387076, 1.000000000000000000, 0.8660254037844387076, 1.000000000000000000, 0.8660254037844387076, 1.000000000000000000, 0.8660254037844387076, 1.000000000000000000, 0.8660254037844387076, 1.000000000000000000, 0.8660254037844387076, 1.000000000000000000, 0.8660254037844387076, 1.000000000000000000, 0.8660254037844387076, 1.000000000000000000, 0.8660254037844387076, 1.000000000000000000, 0.8660254037844387076, 1.000000000000000000, 0.8660254037844387076, 1.000000000000000000, 0.8660254037844387076, 1.000000000000000000, 0.8660254037844387076, 1.000000000000000000, 0.8660254037844387076, 1.000000000000000000, 0.8660254037844387076, 1.000000000000000000, 0.8660254037844387076, 1.000000000000000000, 0.8660254037844387076, 1.000000000000000000, 0.8660254037844387076, 1.000000000000000000, 0.8660254037844387076, 1.000000000000000000, 0.8660254037844387076, 1.000000000000000000, 0.8660254037844387076, 1.000000000000000000, 0.8660254037844387076, 1.000000000000000000, 0.8660254037844387076, 1.000000000000000000, 0.8660254037844387076, 1.000000000000000000, 0.8660254037844387076, 1.000000000000000000, 0.8660254037844387076, 1.000000000000000000, 0.8660254037844387076, 1.000000000000000000, 0.8660254037844387076, 1.000000000000000000, 0.8660254037844387076, 1.000000000000000000, 0.8660254037844387076, 1.000000000000000000, 0.8660254037844387076, 1.000000000000000000, 0.8660254037844387076, 1.000000000000000000, 0.8660254037844387076, 1.000000000000000000, 0.8660254037844387076, 1.000000000000000000, 0.8660254037844387076, 1.000000000000000000, 0.8660254037844387076, 1.000000000000000000, 0.8660254037844387076, 1.000000000000000000, 0.8660254037844387076, 1.000000000000000000, 0.8660254037844387076, 1.000000000000000000, 0.8660254037844387076, 1.000000000000000000, 0.8660254037844387076, 1.000000000000000000, 0.8660254037844387076, 1.000000000000000000, 0.8660254037844387076, 1.000000000000000000, 0.8660254037844387076, 1.000000000000000000, 0.8660254037844387076, 1.000000000000000000, 0.8660254037844387076, 1.000000000000000000, 0.8660254037844387076, 1.000000000000000000, 0.8660254037844387076, 1.000000000000000000, 0.8660254037844387076, 1.000000000000000000, 0.8660254037844387076, 1.000000000000000000, 0.9515025811217151519, 0.9381162908348763541 ) ) 
 REPRESENTATION_ITEM ( '' )  );
#6325 = CARTESIAN_POINT ( 'NONE',  ( 5.757017936796745682E-16, 1.175240473580829725, -4.187500000000005329 ) ) ;
#6326 = ORGANIZATION ( 'NAUO-ORG3', 'UNSPECIFIED', 'UNSPECIFIED' ) ;
#6327 = CARTESIAN_POINT ( 'NONE',  ( 1.082531754730549078, 0.6250000000000027756, 1.874999999999993117 ) ) ;
#6328 = CARTESIAN_POINT ( 'NONE',  ( -0.6785254037844479225, -1.175240473580829059, 0.5208333333333184934 ) ) ;
#6329 = CARTESIAN_POINT ( 'NONE',  ( -0.4039510936083282600, 1.174727654360478546, 4.738934572555100644 ) ) ;
#6330 = CARTESIAN_POINT ( 'NONE',  ( 0.8660254037844381525, -1.500000000000003331, -3.708333333333336590 ) ) ;
#6331 = CARTESIAN_POINT ( 'NONE',  ( 0.000000000000000000, 1.527063293868257343, 2.515624999999981348 ) ) ;
#6332 = CARTESIAN_POINT ( 'NONE',  ( -0.6785254037844368202, 1.175240473580829503, 0.7916666666666506424 ) ) ;
#6333 = ORIENTED_EDGE ( 'NONE', *, *, #5482, .F. ) ;
#6334 = CARTESIAN_POINT ( 'NONE',  ( -3.000000000000000000, 5.064582904840246869, 7.799999999999998046 ) ) ;
#6335 = ORIENTED_EDGE ( 'NONE', *, *, #6082, .F. ) ;
#6336 = CARTESIAN_POINT ( 'NONE',  ( -2.866682547644412882, -7.933317452355585608, 5.103952732046629137 ) ) ;
#6337 = CARTESIAN_POINT ( 'NONE',  ( -2.866682547644412882, -7.933317452355585608, -5.103952732046629137 ) ) ;
#6338 = CARTESIAN_POINT ( 'NONE',  ( 0.000000000000000000, 0.9577164262227703118, 1.724999999999997424 ) ) ;
#6339 = CARTESIAN_POINT ( 'NONE',  ( 0.5529378364870414231, 0.9577164262227702007, -1.462500000000002354 ) ) ;
#6340 = CARTESIAN_POINT ( 'NONE',  ( 0.6785254037844377084, 1.175240473580829059, 5.770833333333306392 ) ) ;
#6341 = VERTEX_POINT ( 'NONE', #327 ) ;
#6342 = EDGE_CURVE ( 'NONE', #946, #3404, #5205, .T. ) ;
#6343 = EDGE_CURVE ( 'NONE', #4317, #4317, #527, .T. ) ;
#6344 = CARTESIAN_POINT ( 'NONE',  ( -1.082531754730548634, 0.6250000000000038858, -1.068749999999996980 ) ) ;
#6345 = CARTESIAN_POINT ( 'NONE',  ( -0.8294067547305612464, 0.4788582131113870433, 0.9562499999999979350 ) ) ;
#6346 = CARTESIAN_POINT ( 'NONE',  ( 0.6785254037844317132, -1.175240473580838607, 2.541666666666646979 ) ) ;
#6347 = CARTESIAN_POINT ( 'NONE',  ( 0.5529378364870405349, -0.9577164262227636504, -1.106250000000001732 ) ) ;
#6348 = CARTESIAN_POINT ( 'NONE',  ( -0.6785254037844372643, -1.175240473580835721, -1.479166666666677843 ) ) ;
#6349 = CARTESIAN_POINT ( 'NONE',  ( 0.7357503364870390250, 1.274356964481451415, -1.645312500000003064 ) ) ;
#6350 = ORIENTED_EDGE ( 'NONE', *, *, #2787, .F. ) ;
#6351 = CARTESIAN_POINT ( 'NONE',  ( 0.8816504037844360431, -1.527063293868263560, 5.838541666666639429 ) ) ;
#6352 = AXIS2_PLACEMENT_3D ( 'NONE', #1453, #109, #5384 ) ;
#6353 = CARTESIAN_POINT ( 'NONE',  ( -0.8294067547305612464, 0.4788582131113870433, 0.9562499999999979350 ) ) ;
#6354 = CARTESIAN_POINT ( 'NONE',  ( -1.299038105676658006, 0.7499999999999971134, -3.354166666666675845 ) ) ;
#6355 = CARTESIAN_POINT ( 'NONE',  ( -0.9093266739736605153, -0.5250000000000000222, 3.449999999999996181 ) ) ;
#6356 = CARTESIAN_POINT ( 'NONE',  ( -1.103625504730557649, -0.6371784822407200455, -2.385937500000000711 ) ) ;
#6357 = SECURITY_CLASSIFICATION_LEVEL ( 'unclassified' ) ;
#6358 = CARTESIAN_POINT ( 'NONE',  ( -0.8294067547305613575, -0.4788582131113797713, -1.275000000000002354 ) ) ;
#6359 = CARTESIAN_POINT ( 'NONE',  ( 0.000000000000000000, 1.527063293868257121, -4.953125000000004441 ) ) ;
#6360 = CARTESIAN_POINT ( 'NONE',  ( -1.082531754730548634, 0.6250000000000036637, 2.924999999999992717 ) ) ;
#6361 = CARTESIAN_POINT ( 'NONE',  ( 1.017788105676650900, -0.5876202367904272972, 1.145833333333316384 ) ) ;
#6362 = APPROVAL ( #1133, 'UNSPECIFIED' ) ;
#6363 = DIRECTION ( 'NONE',  ( -1.000000000000000000, 0.000000000000000000, -0.000000000000000000 ) ) ;
#6364 = CARTESIAN_POINT ( 'NONE',  ( -1.299038105676658006, 0.7499999999999971134, -4.416666666666668739 ) ) ;
#6365 = CARTESIAN_POINT ( 'NONE',  ( -0.8816504037844365982, 1.527063293868257121, 1.557291666666649643 ) ) ;
#6366 = CARTESIAN_POINT ( 'NONE',  ( 1.357050807568873863, -3.323770530029912691E-15, 1.124999999999983569 ) ) ;
#6367 = B_SPLINE_CURVE_WITH_KNOTS ( 'NONE', 3,
 ( #5951, #895, #3145, #1149 ),
 .UNSPECIFIED., .F., .F.,
 ( 4, 4 ),
 ( 0.000000000000000000, 0.0002889088506456979162 ),
 .UNSPECIFIED. ) ;
#6368 = VERTEX_POINT ( 'NONE', #398 ) ;
#6369 = CARTESIAN_POINT ( 'NONE',  ( -0.9093266739736591830, 0.5250000000000019096, 3.449999999999996181 ) ) ;
#6370 = ORIENTED_EDGE ( 'NONE', *, *, #7161, .F. ) ;
#6371 = CARTESIAN_POINT ( 'NONE',  ( -0.9093266739736591830, 0.5250000000000019096, 3.449999999999996181 ) ) ;
#6372 = CARTESIAN_POINT ( 'NONE',  ( 0.9093266739736605153, 0.5250000000000024647, 3.449999999999995737 ) ) ;
#6373 = CARTESIAN_POINT ( 'NONE',  ( 1.196817672909111785, 0.9270509831250647315, 4.989002832395808440 ) ) ;
#6374 = CARTESIAN_POINT ( 'NONE',  ( 0.8294067547305610244, -0.4788582131113806040, 2.924999999999997158 ) ) ;
#6375 = APPLICATION_PROTOCOL_DEFINITION ( 'international standard', 'config_control_design', 1994, #509 ) ;
#6376 = CARTESIAN_POINT ( 'NONE',  ( 0.5529378364870414231, 0.9577164262227702007, -0.5625000000000022204 ) ) ;
#6377 = CARTESIAN_POINT ( 'NONE',  ( -0.6785254037844372643, -1.175240473580835721, 6.020833333333306392 ) ) ;
#6378 = CARTESIAN_POINT ( 'NONE',  ( 1.082531754730548634, -0.6249999999999973355, -1.293749999999996847 ) ) ;
#6379 = AXIS2_PLACEMENT_3D ( 'NONE', #5550, #1137, #4380 ) ;
#6380 = CARTESIAN_POINT ( 'NONE',  ( -1.105875672974081736, 3.429533872314917089E-15, 1.893749999999997824 ) ) ;
#6381 = CARTESIAN_POINT ( 'NONE',  ( -1.357050807568874085, 1.022329904581018979E-14, 3.874999999999976907 ) ) ;
#6382 = CARTESIAN_POINT ( 'NONE',  ( -0.8294067547305613575, -0.4788582131113798268, -0.3187500000000017542 ) ) ;
#6383 = EDGE_CURVE ( 'NONE', #5144, #4419, #4024, .T. ) ;
#6384 = CARTESIAN_POINT ( 'NONE',  ( -1.017788105676655563, -0.5876202367904191926, -2.020833333333343251 ) ) ;
#6385 = CARTESIAN_POINT ( 'NONE',  ( -1.471500672974076718, 3.620945677170531640E-15, -1.495312500000002931 ) ) ;
#6386 = LOCAL_TIME ( 13, 37, 30.00000000000000000, #3400 ) ;
#6387 = CARTESIAN_POINT ( 'NONE',  ( 1.322475605676655563, 0.7635316469341260071, 6.963541666666636765 ) ) ;
#6388 = CARTESIAN_POINT ( 'NONE',  ( -2.799999999999998490, -5.020458146424486401, 4.171930009000630157 ) ) ;
#6389 = CARTESIAN_POINT ( 'NONE',  ( 2.800000000000000266, 0.9433296209488570838, -1.791857758372713105 ) ) ;
#6390 = CARTESIAN_POINT ( 'NONE',  ( -0.8660254037844388186, -1.500000000000002665, -3.229166666666675845 ) ) ;
#6391 = FACE_OUTER_BOUND ( 'NONE', #75, .T. ) ;
#6392 = EDGE_CURVE ( 'NONE', #265, #5907, #983, .T. ) ;
#6393 = CARTESIAN_POINT ( 'NONE',  ( 1.103625504730557205, -0.6371784822407209337, -2.235937500000000799 ) ) ;
#6394 = COORDINATED_UNIVERSAL_TIME_OFFSET ( 6, 0, .BEHIND. ) ;
#6395 = CARTESIAN_POINT ( 'NONE',  ( 0.5529378364870414231, 0.9577164262227702007, -1.462500000000002354 ) ) ;
#6396 = CARTESIAN_POINT ( 'NONE',  ( 1.322475605676654453, -0.7635316469341337786, -2.619791666666675845 ) ) ;
#6397 = AXIS2_PLACEMENT_3D ( 'NONE', #619, #2864, #1695 ) ;
#6398 = VECTOR ( 'NONE', #1578, 1000.000000000000000 ) ;
#6399 = CARTESIAN_POINT ( 'NONE',  ( 1.082531754730549078, 0.6250000000000027756, 2.324999999999993516 ) ) ;
#6400 = CARTESIAN_POINT ( 'NONE',  ( 1.017788105676656674, 0.5876202367904111989, 1.229166666666650087 ) ) ;
#6401 = CARTESIAN_POINT ( 'NONE',  ( -0.5735003364308001172, 1.110523294142435224, 4.746580101656069139 ) ) ;
#6402 = CARTESIAN_POINT ( 'NONE',  ( 0.8660254037844393737, 1.499999999999996447, -3.541666666666670515 ) ) ;
#6403 = CARTESIAN_POINT ( 'NONE',  ( 1.763300807568873418, -3.398397444352954817E-15, 4.390624999999977796 ) ) ;
#6404 = B_SPLINE_CURVE_WITH_KNOTS ( 'NONE', 3,
 ( #841, #1878, #3093, #4648, #5336, #4715, #3601, #5859, #2424, #6996, #1813, #5746, #4680, #808, #5782, #5300 ),
 .UNSPECIFIED., .F., .F.,
 ( 4, 2, 2, 2, 2, 2, 2, 4 ),
 ( 0.0002017370586055847778, 0.0005285550712532307432, 0.0008553730839008766816, 0.001182191096548522620, 0.001509009109196168775, 0.001835827121843814930, 0.002162645134491461302, 0.002816281159786754047 ),
 .UNSPECIFIED. ) ;
#6405 = CARTESIAN_POINT ( 'NONE',  ( 0.6785254037844365982, -1.175240473580835721, 3.541666666666643870 ) ) ;
#6406 = VECTOR ( 'NONE', #6641, 1000.000000000000114 ) ;
#6407 = EDGE_LOOP ( 'NONE', ( #6041, #840, #3194, #4172 ) ) ;
#6408 = DIRECTION ( 'NONE',  ( 1.000000000000000000, 0.000000000000000000, 0.000000000000000000 ) ) ;
#6409 = ADVANCED_FACE ( 'NONE', ( #6988 ), #3662, .T. ) ;
#6410 = VERTEX_POINT ( 'NONE', #4217 ) ;
#6411 = DIRECTION ( 'NONE',  ( 0.000000000000000000, 0.000000000000000000, 1.000000000000000000 ) ) ;
#6412 = AXIS2_PLACEMENT_3D ( 'NONE', #6997, #159, #5158 ) ;
#6413 = DIRECTION ( 'NONE',  ( 0.000000000000000000, 7.077132136763247592E-16, 1.000000000000000000 ) ) ;
#6414 = CARTESIAN_POINT ( 'NONE',  ( -0.8660254037844383745, 1.499999999999996669, 4.041666666666646535 ) ) ;
#6415 = CARTESIAN_POINT ( 'NONE',  ( -1.322475605676655119, -0.7635316469341328904, -2.817708333333340587 ) ) ;
#6416 = CARTESIAN_POINT ( 'NONE',  ( 0.8294067547305610244, -0.4788582131113804929, 1.574999999999997513 ) ) ;
#6417 = CARTESIAN_POINT ( 'NONE',  ( 0.6785254037844365982, -1.175240473580835721, 6.604166666666638541 ) ) ;
#6418 = MANIFOLD_SOLID_BREP ( 'Chamfer1', #6467 ) ;
#6419 = CARTESIAN_POINT ( 'NONE',  ( 1.443375672974064994, 3.231332617298258992E-15, -0.8062499999999968026 ) ) ;
#6420 = CARTESIAN_POINT ( 'NONE',  ( -0.5529378364870412010, -0.9577164262227635394, 2.418749999999997957 ) ) ;
#6421 = CARTESIAN_POINT ( 'NONE',  ( 0.9093266739736645121, -0.5249999999999933609, 4.499999999999996447 ) ) ;
#6422 = CARTESIAN_POINT ( 'NONE',  ( -0.8294067547305613575, -0.4788582131113798823, 1.481249999999998179 ) ) ;
#6423 = CARTESIAN_POINT ( 'NONE',  ( 1.017788105676655341, -0.5876202367904199697, -2.354166666666675400 ) ) ;
#6424 = CARTESIAN_POINT ( 'NONE',  ( 1.103625504730557205, -0.6371784822407210447, -0.4078125000000032419 ) ) ;
#6425 = ORIENTED_EDGE ( 'NONE', *, *, #2934, .F. ) ;
#6426 = CARTESIAN_POINT ( 'NONE',  ( -1.870113174931178938E-16, -1.527063293868263116, 5.796874999999972466 ) ) ;
#6427 = DIRECTION ( 'NONE',  ( -0.5000000000000039968, 0.8660254037844363761, -5.457635026140482618E-16 ) ) ;
#6428 = DIRECTION ( 'NONE',  ( 0.000000000000000000, 0.000000000000000000, 1.000000000000000000 ) ) ;
#6429 = CARTESIAN_POINT ( 'NONE',  ( -1.299038105676658006, 0.7499999999999971134, 0.6458333333333150517 ) ) ;
#6430 = CARTESIAN_POINT ( 'NONE',  ( 0.7357503364870390250, 1.274356964481451415, -1.223437500000000844 ) ) ;
#6431 = DATE_AND_TIME ( #431, #2208 ) ;
#6432 = CARTESIAN_POINT ( 'NONE',  ( -1.105875672974081736, 3.611883125199824049E-15, -1.762500000000002398 ) ) ;
#6433 = CARTESIAN_POINT ( 'NONE',  ( -1.870113174931178938E-16, -1.527063293868263116, -0.2031250000000140443 ) ) ;
#6434 = DIRECTION ( 'NONE',  ( -1.000000000000000000, 0.000000000000000000, 0.000000000000000000 ) ) ;
#6435 = CARTESIAN_POINT ( 'NONE',  ( 1.017788105676651345, -0.5876202367904265200, -0.3541666666666797303 ) ) ;
#6436 = DIRECTION ( 'NONE',  ( 0.000000000000000000, -0.7071067811865475727, -0.7071067811865475727 ) ) ;
#6437 = CARTESIAN_POINT ( 'NONE',  ( -1.299038105676658006, -0.7500000000000026645, -2.833333333333338810 ) ) ;
#6438 = CARTESIAN_POINT ( 'NONE',  ( 0.000000000000000000, 1.527063293868257343, 5.515624999999975131 ) ) ;
#6439 = CARTESIAN_POINT ( 'NONE',  ( -0.6785254037844368202, 1.175240473580829503, 2.791666666666646979 ) ) ;
#6440 = ORIENTED_EDGE ( 'NONE', *, *, #4047, .F. ) ;
#6441 = CARTESIAN_POINT ( 'NONE',  ( -1.034026860050032193, 0.4416341581190610377, 3.449999999999996181 ) ) ;
#6442 = EDGE_LOOP ( 'NONE', ( #1008 ) ) ;
#6443 = CARTESIAN_POINT ( 'NONE',  ( -2.799999999999998490, -7.999999999999998224, 5.123475382979802539 ) ) ;
#6444 = DIRECTION ( 'NONE',  ( 1.000000000000000000, -0.000000000000000000, 0.000000000000000000 ) ) ;
#6445 = CARTESIAN_POINT ( 'NONE',  ( 0.8660254037844381525, -1.500000000000003331, 3.791666666666646979 ) ) ;
#6446 = CARTESIAN_POINT ( 'NONE',  ( 1.322475605676654675, -0.7635316469341338896, -4.151041666666670515 ) ) ;
#6447 = CC_DESIGN_PERSON_AND_ORGANIZATION_ASSIGNMENT ( #2014, #3228, ( #6546 ) ) ;
#6448 = CARTESIAN_POINT ( 'NONE',  ( -1.105875672974081736, 3.522111185318024282E-15, 0.03749999999999760469 ) ) ;
#6449 = CARTESIAN_POINT ( 'NONE',  ( 0.6785254037844377084, 1.175240473580829059, -4.291666666666671404 ) ) ;
#6450 =( BOUNDED_CURVE ( )  B_SPLINE_CURVE ( 3, ( #3398, #5000, #3918, #1646, #5067, #5506, #1165 ),
 .UNSPECIFIED., .T., .F. ) 
 B_SPLINE_CURVE_WITH_KNOTS ( ( 4, 3, 4 ),
 ( 0.000000000000000000, 3.141592653589793116, 6.283185307179586232 ),
 .UNSPECIFIED. ) 
 CURVE ( )  GEOMETRIC_REPRESENTATION_ITEM ( )  RATIONAL_B_SPLINE_CURVE ( ( 1.000000000000000000, 0.3333333333333333703, 0.3333333333333333703, 1.000000000000000000, 0.3333333333333333703, 0.3333333333333333703, 1.000000000000000000 ) ) 
 REPRESENTATION_ITEM ( '' )  );
#6451 = CARTESIAN_POINT ( 'NONE',  ( 1.443375672974064994, 3.164003662386909167E-15, 0.5437500000000032863 ) ) ;
#6452 = CARTESIAN_POINT ( 'NONE',  ( -0.5529378364870407569, 0.9577164262227705338, -2.287500000000002309 ) ) ;
#6453 = CARTESIAN_POINT ( 'NONE',  ( 1.017788105676661337, 0.5876202367904033164, 2.666666666666646979 ) ) ;
#6454 = CARTESIAN_POINT ( 'NONE',  ( 0.5529378364870405349, -0.9577164262227637614, 1.593749999999998224 ) ) ;
#6455 = CARTESIAN_POINT ( 'NONE',  ( 0.000000000000000000, 1.175240473580829725, -0.1875000000000140443 ) ) ;
#6456 = CARTESIAN_POINT ( 'NONE',  ( 0.7357503364870390250, 1.274356964481451193, 0.6046874999999968248 ) ) ;
#6457 = EDGE_LOOP ( 'NONE', ( #7286, #3713, #1783, #3373 ) ) ;
#6458 = CARTESIAN_POINT ( 'NONE',  ( 0.8816504037844360431, -1.527063293868263560, 6.838541666666637653 ) ) ;
#6459 = DIRECTION ( 'NONE',  ( -0.7071067811865411334, 0.5000000000000045519, -0.5000000000000045519 ) ) ;
#6460 = PLANE ( 'NONE',  #5698 ) ;
#6461 = CARTESIAN_POINT ( 'NONE',  ( 0.8660254037844379305, -1.500000000000003331, 0.3541666666666491436 ) ) ;
#6462 = CARTESIAN_POINT ( 'NONE',  ( 1.017788105676654231, -0.5876202367904217461, -2.916666666666674512 ) ) ;
#6463 = CARTESIAN_POINT ( 'NONE',  ( 1.471500672974076718, 3.183384198514434206E-15, 0.05156249999999908823 ) ) ;
#6464 = CALENDAR_DATE ( 2025, 8, 10 ) ;
#6465 = CARTESIAN_POINT ( 'NONE',  ( 1.105875672974081736, 3.217585287229822583E-15, 0.7124999999999979128 ) ) ;
#6466 = CARTESIAN_POINT ( 'NONE',  ( 0.8816504037844360431, -1.527063293868263560, -2.161458333333343251 ) ) ;
#6467 = CLOSED_SHELL ( 'NONE', ( #5636, #413, #322, #1664, #1031, #4409, #2481, #893, #3696, #2975, #3538, #5078, #4867, #4810, #6572, #2038, #4881, #6027, #2801, #6135, #3099, #670, #6985, #1308, #1887, #184, #2608, #6409, #1161, #5940, #1636, #140, #2240, #3342, #718, #957, #2069, #131, #6188, #4950, #4723, #4335, #6204, #2776, #1802, #1952, #2822, #2871, #4012, #273, #4234, #6920, #2641, #4381, #3999, #2924, #5613, #5802, #3547, #4284 ) ) ;
#6468 = DIRECTION ( 'NONE',  ( 1.000000000000000000, -0.000000000000000000, -0.000000000000000000 ) ) ;
#6469 = CARTESIAN_POINT ( 'NONE',  ( -1.017788105676652455, 0.5876202367904183044, 2.395833333333313941 ) ) ;
#6470 = DIRECTION ( 'NONE',  ( 0.000000000000000000, -1.000000000000000000, 3.469446951953584607E-16 ) ) ;
#6471 = CARTESIAN_POINT ( 'NONE',  ( 1.224924559026023818, 0.1247011826437003923, -4.896987436881385491 ) ) ;
#6472 = VECTOR ( 'NONE', #4606, 1000.000000000000000 ) ;
#6473 = CARTESIAN_POINT ( 'NONE',  ( 1.763300807568873418, -3.398397444352954817E-15, 3.890624999999977351 ) ) ;
#6474 = CARTESIAN_POINT ( 'NONE',  ( -0.6785254037844368202, 1.175240473580829503, 4.291666666666643870 ) ) ;
#6475 = EDGE_CURVE ( 'NONE', #6917, #2914, #1427, .T. ) ;
#6476 = ORIENTED_EDGE ( 'NONE', *, *, #6528, .T. ) ;
#6477 = PLANE ( 'NONE',  #392 ) ;
#6478 = ORIENTED_EDGE ( 'NONE', *, *, #4634, .F. ) ;
#6479 = CARTESIAN_POINT ( 'NONE',  ( 0.000000000000000000, 1.250000000000004219, -2.550000000000006928 ) ) ;
#6480 = DIRECTION ( 'NONE',  ( -1.000000000000000000, 0.000000000000000000, 0.000000000000000000 ) ) ;
#6482 = CARTESIAN_POINT ( 'NONE',  ( -0.8660254037844383745, 1.499999999999996669, 3.541666666666647867 ) ) ;
#6481 = PRODUCT_DEFINITION_SHAPE ( 'NONE', 'NONE',  #1371 ) ;
#6483 = CARTESIAN_POINT ( 'NONE',  ( 1.322475605676655785, 0.7635316469341261181, -3.567708333333338810 ) ) ;
#6484 = EDGE_LOOP ( 'NONE', ( #4838 ) ) ;
#6485 = CARTESIAN_POINT ( 'NONE',  ( -1.105875672974081736, 3.499668200347574340E-15, 0.4874999999999974354 ) ) ;
#6486 = CARTESIAN_POINT ( 'NONE',  ( -1.017788105676655563, 0.5876202367904134194, -4.166666666666671404 ) ) ;
#6487 = CARTESIAN_POINT ( 'NONE',  ( -1.443375672974064994, 3.528750234447104309E-15, 0.3187500000000029754 ) ) ;
#6488 = CARTESIAN_POINT ( 'NONE',  ( -0.5529378364870412010, -0.9577164262227633174, -1.237500000000002487 ) ) ;
#6489 = CARTESIAN_POINT ( 'NONE',  ( -1.017788105676663557, -0.5876202367904054258, 3.416666666666646091 ) ) ;
#6490 = CARTESIAN_POINT ( 'NONE',  ( -1.172864355864553979E-16, -0.9577164262227636504, 1.106249999999997957 ) ) ;
#6491 = CARTESIAN_POINT ( 'NONE',  ( 1.017788105676656008, 0.5876202367904124202, -0.7708333333333455828 ) ) ;
#6492 = CARTESIAN_POINT ( 'NONE',  ( -1.560637177523342561E-16, -1.274356964481444532, 0.4171874999999969913 ) ) ;
#6493 = EDGE_LOOP ( 'NONE', ( #6730, #1931, #5855, #5374 ) ) ;
#6494 = EDGE_LOOP ( 'NONE', ( #4341, #3760, #2144, #4382 ) ) ;
#6495 = DIRECTION ( 'NONE',  ( -1.000000000000000000, -0.000000000000000000, -0.000000000000000000 ) ) ;
#6496 = CARTESIAN_POINT ( 'NONE',  ( 0.000000000000000000, 1.499999999999996669, -0.9375000000000148770 ) ) ;
#6497 = CARTESIAN_POINT ( 'NONE',  ( 1.151403587359349136E-15, 1.175240473580829725, -3.250000000000007105 ) ) ;
#6498 =( GEOMETRIC_REPRESENTATION_CONTEXT ( 3 ) GLOBAL_UNCERTAINTY_ASSIGNED_CONTEXT ( ( #5699 ) ) GLOBAL_UNIT_ASSIGNED_CONTEXT ( ( #3898, #7155, #6604 ) ) REPRESENTATION_CONTEXT ( 'NONE', 'WORKASPACE' ) );
#6499 = CARTESIAN_POINT ( 'NONE',  ( -1.471500672974076718, 3.487690453908485505E-15, 1.176562499999998845 ) ) ;
#6500 = APPROVAL_DATE_TIME ( #3220, #3742 ) ;
#6501 = AXIS2_PLACEMENT_3D ( 'NONE', #1257, #4604, #2317 ) ;
#6502 = CARTESIAN_POINT ( 'NONE',  ( 0.8294067547305610244, -0.4788582131113804929, 1.124999999999997558 ) ) ;
#6503 = CARTESIAN_POINT ( 'NONE',  ( -1.870113174931178938E-16, -1.527063293868263116, -2.703125000000008882 ) ) ;
#6504 = PRODUCT_DEFINITION_FORMATION_WITH_SPECIFIED_SOURCE ( 'ANY', '', #6546, .NOT_KNOWN. ) ;
#6505 = CARTESIAN_POINT ( 'NONE',  ( 0.1345470299149464644, 1.116310608058317388, 3.449999999999995737 ) ) ;
#6506 = CARTESIAN_POINT ( 'NONE',  ( 1.129565233485297027, -0.3940165723017386434, 4.659561280140854578 ) ) ;
#6507 = CARTESIAN_POINT ( 'NONE',  ( 0.2819203476729766900, -1.076080100672991868, 3.000000000000000000 ) ) ;
#6508 = CARTESIAN_POINT ( 'NONE',  ( 0.9242202404585162512, 0.8610030545049945916, -4.865032134335120162 ) ) ;
#6509 = APPROVAL_DATE_TIME ( #4895, #6679 ) ;
#6510 = CARTESIAN_POINT ( 'NONE',  ( -1.870113174931179184E-16, -1.527063293868263338, 5.265624999999975131 ) ) ;
#6511 = CARTESIAN_POINT ( 'NONE',  ( -1.357050807568873863, -2.991388944476002371E-15, 4.374999999999976019 ) ) ;
#6512 = CIRCLE ( 'NONE', #170, 1.154700538379250796 ) ;
#6513 = EDGE_LOOP ( 'NONE', ( #967, #3708, #4714, #1170 ) ) ;
#6514 = CARTESIAN_POINT ( 'NONE',  ( 0.6871181598421255421, -0.6940147258589187684, -2.947398069464219006 ) ) ;
#6515 = EDGE_LOOP ( 'NONE', ( #4594, #5154, #5109, #2002 ) ) ;
#6516 = ORIENTED_EDGE ( 'NONE', *, *, #3987, .F. ) ;
#6517 = CARTESIAN_POINT ( 'NONE',  ( 1.210432643123243945, 0.01438633633037329426, 4.706790114221801602 ) ) ;
#6518 = CONICAL_SURFACE ( 'NONE', #2049, 0.9125000000000103029, 0.7853981633974485010 ) ;
#6519 = SHAPE_REPRESENTATION ( 'M2.5x6_BUTTONTORX_92832A174', ( #4261 ), #855 ) ;
#6520 = CARTESIAN_POINT ( 'NONE',  ( 1.172722519945001540, -0.3156316556956535457, -2.708616002031278391 ) ) ;
#6521 = CARTESIAN_POINT ( 'NONE',  ( 0.8660254037844393737, 1.499999999999996447, 2.958333333333314386 ) ) ;
#6522 = VECTOR ( 'NONE', #6796, 1000.000000000000000 ) ;
#6523 = CARTESIAN_POINT ( 'NONE',  ( 0.000000000000000000, 1.527063293868257343, -4.484375000000003553 ) ) ;
#6524 = ORIENTED_EDGE ( 'NONE', *, *, #1429, .T. ) ;
#6525 = CARTESIAN_POINT ( 'NONE',  ( 0.5529378364870405349, -0.9577164262227638725, 1.537499999999996980 ) ) ;
#6526 = FACE_OUTER_BOUND ( 'NONE', #578, .T. ) ;
#6527 = CIRCLE ( 'NONE', #1826, 0.1500000000000001887 ) ;
#6528 = EDGE_CURVE ( 'NONE', #5350, #265, #2746, .T. ) ;
#6529 = CARTESIAN_POINT ( 'NONE',  ( -0.7216878364870328300, -1.249999999999996447, -1.406249999999997113 ) ) ;
#6530 = CARTESIAN_POINT ( 'NONE',  ( 1.105875672974081736, 3.374686182022972176E-15, -2.437500000000001776 ) ) ;
#6531 = CARTESIAN_POINT ( 'NONE',  ( 0.6785254037844146158, -1.175240473580848821, 3.541666666666643870 ) ) ;
#6532 = CARTESIAN_POINT ( 'NONE',  ( 0.8294067547305610244, -0.4788582131113804929, 1.181249999999998357 ) ) ;
#6533 = CARTESIAN_POINT ( 'NONE',  ( 1.017788105676656008, 0.5876202367904124202, 1.229166666666650087 ) ) ;
#6534 = CARTESIAN_POINT ( 'NONE',  ( 1.103625504730557205, -0.6371784822407212667, 2.292187499999996270 ) ) ;
#6535 = VERTEX_POINT ( 'NONE', #4928 ) ;
#6536 = DIRECTION ( 'NONE',  ( 0.000000000000000000, 0.000000000000000000, 1.000000000000000000 ) ) ;
#6537 = CARTESIAN_POINT ( 'NONE',  ( -2.932876473991287369, -1.953743677833496672, 0.9172998287708464815 ) ) ;
#6538 = B_SPLINE_CURVE_WITH_KNOTS ( 'NONE', 3,
 ( #3602, #6337, #2983, #5783 ),
 .UNSPECIFIED., .F., .F.,
 ( 4, 4 ),
 ( 0.000000000000000000, 0.0002889088506456981872 ),
 .UNSPECIFIED. ) ;
#6539 = CARTESIAN_POINT ( 'NONE',  ( 1.732050807568876971, -3.392656912481952001E-15, 0.4374999999999819589 ) ) ;
#6540 = CARTESIAN_POINT ( 'NONE',  ( 0.6785254037844358210, -1.175240473580836165, -4.458333333333338366 ) ) ;
#6541 = CARTESIAN_POINT ( 'NONE',  ( -1.103625504730557427, 0.6371784822407274840, 1.139062499999998535 ) ) ;
#6542 = APPROVAL_ROLE ( '' ) ;
#6543 = EDGE_CURVE ( 'NONE', #6124, #6124, #4753, .T. ) ;
#6544 = CARTESIAN_POINT ( 'NONE',  ( -0.8294067547305612464, 0.4788582131113870988, -0.4500000000000025091 ) ) ;
#6545 = CARTESIAN_POINT ( 'NONE',  ( -0.8816504037844364872, 1.527063293868256899, -0.9114583333333466930 ) ) ;
#6546 = PRODUCT ( 'ClampHub-4mm', 'ClampHub-4mm', '', ( #4686 ) ) ;
#6547 = CARTESIAN_POINT ( 'NONE',  ( -0.5529378364870412010, -0.9577164262227632063, -2.531250000000001332 ) ) ;
#6548 = CARTESIAN_POINT ( 'NONE',  ( 0.6785254037844536956, 1.175240473580820177, 3.270833333333313053 ) ) ;
#6549 = CARTESIAN_POINT ( 'NONE',  ( 3.000000000000000000, -1.791857758372713105, 0.9433296209488570838 ) ) ;
#6550 = CARTESIAN_POINT ( 'NONE',  ( 0.000000000000000000, -2.838437965211837159E-15, 4.999999999999999112 ) ) ;
#6551 = CALENDAR_DATE ( 2025, 8, 10 ) ;
#6552 = CARTESIAN_POINT ( 'NONE',  ( 0.000000000000000000, 1.527063293868257343, 6.015624999999974243 ) ) ;
#6553 = CARTESIAN_POINT ( 'NONE',  ( 0.6785254037844365982, -1.175240473580835721, 3.041666666666645646 ) ) ;
#6554 = ORIENTED_EDGE ( 'NONE', *, *, #5351, .F. ) ;
#6555 = DIRECTION ( 'NONE',  ( 3.064488108188125705E-16, -5.307849102572407591E-16, -1.000000000000000000 ) ) ;
#6556 = ORIENTED_EDGE ( 'NONE', *, *, #5482, .T. ) ;
#6557 = LINE ( 'NONE', #2564, #5643 ) ;
#6558 = DIRECTION ( 'NONE',  ( 3.064488108188101053E-16, 5.307849102572449992E-16, 1.000000000000000000 ) ) ;
#6559 = CARTESIAN_POINT ( 'NONE',  ( 1.732050807568876971, -3.392656912481952001E-15, 1.874999999999984235 ) ) ;
#6560 = CARTESIAN_POINT ( 'NONE',  ( -0.8816504037844365982, 1.527063293868257121, -2.942708333333340587 ) ) ;
#6561 = VERTEX_POINT ( 'NONE', #6688 ) ;
#6562 = CARTESIAN_POINT ( 'NONE',  ( 0.5529378364870405349, -0.9577164262227638725, 0.6374999999999974021 ) ) ;
#6563 = CARTESIAN_POINT ( 'NONE',  ( 0.6785254037844377084, 1.175240473580829059, -4.791666666666671404 ) ) ;
#6564 = SECURITY_CLASSIFICATION ( '', '', #7086 ) ;
#6565 = CARTESIAN_POINT ( 'NONE',  ( 1.443375672974064994, 3.276218587239159270E-15, -1.706249999999997158 ) ) ;
#6566 = CARTESIAN_POINT ( 'NONE',  ( -0.8294067547305612464, 0.4788582131113871543, -1.800000000000002265 ) ) ;
#6567 = CARTESIAN_POINT ( 'NONE',  ( 7.041719095097280880E-16, 8.000000000000003553, 3.333095244168785332 ) ) ;
#6568 = CARTESIAN_POINT ( 'NONE',  ( -0.8294067547305613575, -0.4788582131113799378, 2.381249999999997868 ) ) ;
#6569 = CARTESIAN_POINT ( 'NONE',  ( -1.017788105676655563, -0.5876202367904191926, -0.5208333333333462489 ) ) ;
#6570 = CARTESIAN_POINT ( 'NONE',  ( 0.000000000000000000, 1.274356964481451415, 1.092187499999996758 ) ) ;
#6571 = VERTEX_POINT ( 'NONE', #3878 ) ;
#6572 = ADVANCED_FACE ( 'NONE', ( #7209, #6620 ), #1577, .F. ) ;
#6573 = DIRECTION ( 'NONE',  ( 0.000000000000000000, 1.000000000000000000, -0.000000000000000000 ) ) ;
#6574 = DIRECTION ( 'NONE',  ( 0.000000000000000000, 0.000000000000000000, -1.000000000000000000 ) ) ;
#6575 = CARTESIAN_POINT ( 'NONE',  ( -0.8660254037844388186, -1.500000000000002665, 0.7708333333333151627 ) ) ;
#6576 = CARTESIAN_POINT ( 'NONE',  ( -1.017788105676656230, -0.5876202367904185264, -4.583333333333337478 ) ) ;
#6577 = CARTESIAN_POINT ( 'NONE',  ( 0.7357503364870378038, -1.274356964481444976, 1.776562499999998490 ) ) ;
#6578 = PERSON_AND_ORGANIZATION_ROLE ( 'classification_officer' ) ;
#6579 = CARTESIAN_POINT ( 'NONE',  ( 0.8294067547305610244, -0.4788582131113804374, 0.2249999999999973410 ) ) ;
#6580 = CARTESIAN_POINT ( 'NONE',  ( -1.870113174931178938E-16, -1.527063293868263116, 0.2968749999999846789 ) ) ;
#6581 = CARTESIAN_POINT ( 'NONE',  ( -0.8294067547305612464, 0.4788582131113871543, -0.8437500000000016653 ) ) ;
#6582 = CARTESIAN_POINT ( 'NONE',  ( -0.8294067547305613575, -0.4788582131113797158, -2.118750000000001688 ) ) ;
#6583 = CARTESIAN_POINT ( 'NONE',  ( 1.381975285269811262E-14, 1.175240473580829725, 4.312499999999976019 ) ) ;
#6584 = FACE_OUTER_BOUND ( 'NONE', #2712, .T. ) ;
#6585 = CARTESIAN_POINT ( 'NONE',  ( -0.1906536866923586315, -1.159672946348718758, -4.949759526419165390 ) ) ;
#6586 = PERSON_AND_ORGANIZATION ( #6017, #2973 ) ;
#6587 = CARTESIAN_POINT ( 'NONE',  ( 0.8816504037844375974, 1.527063293868256677, 7.473958333333304616 ) ) ;
#6588 = CARTESIAN_POINT ( 'NONE',  ( -1.357050807568873863, -2.991388944476002371E-15, 6.374999999999973355 ) ) ;
#6589 = AXIS2_PLACEMENT_3D ( 'NONE', #2616, #1563, #5421 ) ;
#6590 = EDGE_LOOP ( 'NONE', ( #1987 ) ) ;
#6591 = DIRECTION ( 'NONE',  ( -0.4999999999999920619, -0.8660254037844433705, 0.000000000000000000 ) ) ;
#6593 = ORIENTED_EDGE ( 'NONE', *, *, #2467, .F. ) ;
#6592 = CC_DESIGN_PERSON_AND_ORGANIZATION_ASSIGNMENT ( #3954, #2161, ( #2262 ) ) ;
#6594 = CARTESIAN_POINT ( 'NONE',  ( 0.7156694908960300472, 1.218952147701759747, 4.900456689249767628 ) ) ;
#6595 = AXIS2_PLACEMENT_3D ( 'NONE', #1435, #5370, #3709 ) ;
#6596 = DIRECTION ( 'NONE',  ( 0.000000000000000000, 0.000000000000000000, 1.000000000000000000 ) ) ;
#6597 = CARTESIAN_POINT ( 'NONE',  ( 0.8660254037844381525, -1.500000000000003331, 1.791666666666651642 ) ) ;
#6598 = CARTESIAN_POINT ( 'NONE',  ( 0.8816504037844375974, 1.527063293868256677, -1.526041666666676733 ) ) ;
#6599 = VERTEX_POINT ( 'NONE', #544 ) ;
#6600 = CARTESIAN_POINT ( 'NONE',  ( 0.000000000000000000, 1.175240473580829725, -4.750000000000004441 ) ) ;
#6601 = CARTESIAN_POINT ( 'NONE',  ( -0.8816504037844370423, -1.527063293868262894, 5.755208333333306392 ) ) ;
#6602 = CARTESIAN_POINT ( 'NONE',  ( 1.464937667458555914, -0.1924766634044740854, -4.650629379126447027 ) ) ;
#6603 = CARTESIAN_POINT ( 'NONE',  ( 0.000000000000000000, 0.9577164262227705338, -2.775000000000002132 ) ) ;
#6604 =( NAMED_UNIT ( * ) SI_UNIT ( $, .STERADIAN. ) SOLID_ANGLE_UNIT ( ) );
#6605 = DIRECTION ( 'NONE',  ( 1.000000000000000000, -0.000000000000000000, -0.000000000000000000 ) ) ;
#6606 = CARTESIAN_POINT ( 'NONE',  ( -0.6785254037844372643, -1.175240473580835721, -0.9791666666666786201 ) ) ;
#6607 = CARTESIAN_POINT ( 'NONE',  ( 0.7357503364870390250, 1.274356964481451193, 1.954687499999996581 ) ) ;
#6608 = VERTEX_POINT ( 'NONE', #3810 ) ;
#6609 = CARTESIAN_POINT ( 'NONE',  ( -2.932876473991205657, -0.9172998287710611987, 1.953743677833596593 ) ) ;
#6610 = FACE_OUTER_BOUND ( 'NONE', #1432, .T. ) ;
#6611 = CARTESIAN_POINT ( 'NONE',  ( -1.299038105676658006, 0.7499999999999971134, 3.145833333333309501 ) ) ;
#6612 = CARTESIAN_POINT ( 'NONE',  ( 1.122909478113957775E-14, 1.175240473580829725, -0.2500000000000140998 ) ) ;
#6613 = CARTESIAN_POINT ( 'NONE',  ( -1.103625504730557427, 0.6371784822407275950, 0.2390624999999988176 ) ) ;
#6614 = CARTESIAN_POINT ( 'NONE',  ( -1.105875672974081736, 3.477225215377124399E-15, 0.9374999999999972244 ) ) ;
#6615 = CARTESIAN_POINT ( 'NONE',  ( -0.8816504037844364872, 1.527063293868256899, 1.088541666666649199 ) ) ;
#6616 = ADVANCED_FACE ( 'NONE', ( #3843, #2740 ), #6518, .T. ) ;
#6617 = CARTESIAN_POINT ( 'NONE',  ( -0.5529378364870407569, 0.9577164262227704228, -0.8812500000000017542 ) ) ;
#6618 = CARTESIAN_POINT ( 'NONE',  ( 0.5529378364870405349, -0.9577164262227636504, -2.456250000000001155 ) ) ;
#6619 = LINE ( 'NONE', #2158, #990 ) ;
#6620 = FACE_OUTER_BOUND ( 'NONE', #3688, .T. ) ;
#6621 = CARTESIAN_POINT ( 'NONE',  ( -0.9999999999999991118, -0.5773502691896257311, 5.495000000000000107 ) ) ;
#6622 = DATE_AND_TIME ( #5269, #2151 ) ;
#6623 = CARTESIAN_POINT ( 'NONE',  ( -1.017788105676655563, -0.5876202367904191926, -4.020833333333339255 ) ) ;
#6624 = CARTESIAN_POINT ( 'NONE',  ( 1.017788105676655341, -0.5876202367904199697, 6.583333333333305504 ) ) ;
#6625 = ORIENTED_EDGE ( 'NONE', *, *, #4176, .T. ) ;
#6626 = CARTESIAN_POINT ( 'NONE',  ( -0.4108596822587317066, 0.9174905902280081627, 6.495516201587640204 ) ) ;
#6627 = APPROVAL_PERSON_ORGANIZATION ( #4590, #2218, #760 ) ;
#6628 = ORIENTED_EDGE ( 'NONE', *, *, #6093, .T. ) ;
#6629 = CARTESIAN_POINT ( 'NONE',  ( 1.082531754730549078, 0.6250000000000028866, -1.725000000000007194 ) ) ;
#6630 = CARTESIAN_POINT ( 'NONE',  ( 0.9999999999999993339, 0.5773502691896255090, 5.495000000000000107 ) ) ;
#6631 = CARTESIAN_POINT ( 'NONE',  ( 0.8660254037844381525, -1.500000000000003331, 1.291666666666651864 ) ) ;
#6632 = CARTESIAN_POINT ( 'NONE',  ( -1.763300807568873418, -2.966513306368321794E-15, -0.8593750000000112133 ) ) ;
#6633 = VERTEX_POINT ( 'NONE', #5034 ) ;
#6634 = CARTESIAN_POINT ( 'NONE',  ( -0.6785254037844372643, -1.175240473580835721, -1.541666666666677843 ) ) ;
#6635 = EDGE_CURVE ( 'NONE', #1521, #1521, #6450, .T. ) ;
#6636 = DIRECTION ( 'NONE',  ( -0.000000000000000000, -1.000000000000000000, 0.000000000000000000 ) ) ;
#6637 = AXIS2_PLACEMENT_3D ( 'NONE', #5616, #6722, #4374 ) ;
#6638 = CARTESIAN_POINT ( 'NONE',  ( 2.932876473991206545, -1.953743677833598147, 0.9172998287710606435 ) ) ;
#6639 = CARTESIAN_POINT ( 'NONE',  ( -0.5529378364870407569, 0.9577164262227704228, -0.4875000000000022649 ) ) ;
#6640 = DIRECTION ( 'NONE',  ( 0.000000000000000000, -0.7071067811865473507, 0.7071067811865477948 ) ) ;
#6641 = DIRECTION ( 'NONE',  ( 0.000000000000000000, 0.7071067811865474617, -0.7071067811865474617 ) ) ;
#6642 = CARTESIAN_POINT ( 'NONE',  ( -1.017788105676655563, 0.5876202367904134194, 1.895833333333315274 ) ) ;
#6643 = DIRECTION ( 'NONE',  ( -0.7071067811865521247, 0.4999999999999967804, 0.4999999999999967804 ) ) ;
#6644 = EDGE_LOOP ( 'NONE', ( #948, #4007, #1799, #6556 ) ) ;
#6645 = VECTOR ( 'NONE', #6200, 1000.000000000000000 ) ;
#6646 = CARTESIAN_POINT ( 'NONE',  ( 0.9999999999999995559, 0.3987098407370229802, 6.560679785773698924 ) ) ;
#6647 = CARTESIAN_POINT ( 'NONE',  ( -1.299038105676658006, 0.7499999999999971134, 4.145833333333309056 ) ) ;
#6648 = CARTESIAN_POINT ( 'NONE',  ( 0.000000000000000000, 0.9577164262227704228, -1.368750000000001465 ) ) ;
#6649 = CARTESIAN_POINT ( 'NONE',  ( -1.017788105676654009, 0.5876202367904157509, -2.666666666666675400 ) ) ;
#6650 = CARTESIAN_POINT ( 'NONE',  ( -1.471500672974076718, 3.397918514026686132E-15, 2.976562499999998224 ) ) ;
#6651 = CARTESIAN_POINT ( 'NONE',  ( -1.105875672974081736, 3.409896260465774179E-15, 2.287499999999996980 ) ) ;
#6652 = CARTESIAN_POINT ( 'NONE',  ( 1.763300807568873196, -3.398397444352954028E-15, 1.421874999999982236 ) ) ;
#6653 = CARTESIAN_POINT ( 'NONE',  ( -0.8294067547305613575, -0.4788582131113798268, 0.1312499999999981182 ) ) ;
#6654 = CARTESIAN_POINT ( 'NONE',  ( 1.181446144018880679E-16, -1.154700538379250796, 5.495000000000000107 ) ) ;
#6655 = DIRECTION ( 'NONE',  ( 0.000000000000000000, -1.000000000000000000, 0.000000000000000000 ) ) ;
#6656 = CARTESIAN_POINT ( 'NONE',  ( -0.7114484519741447466, 1.127777383111781218, -4.794617115006536423 ) ) ;
#6657 = DATE_TIME_ROLE ( 'classification_date' ) ;
#6658 = CARTESIAN_POINT ( 'NONE',  ( 0.8816504037844375974, 1.527063293868256677, 6.973958333333303727 ) ) ;
#6659 = CARTESIAN_POINT ( 'NONE',  ( 0.6785254037844365982, -1.175240473580835721, 7.041666666666636765 ) ) ;
#6660 = EDGE_LOOP ( 'NONE', ( #6969, #6001, #1062, #6370 ) ) ;
#6661 = FACE_OUTER_BOUND ( 'NONE', #2596, .T. ) ;
#6662 = EDGE_CURVE ( 'NONE', #3754, #3754, #1088, .T. ) ;
#6663 = EDGE_LOOP ( 'NONE', ( #1173, #4861, #247, #5417 ) ) ;
#6664 = CARTESIAN_POINT ( 'NONE',  ( 0.7216878364870333851, 1.250000000000003553, -0.3375000000000069611 ) ) ;
#6665 = CARTESIAN_POINT ( 'NONE',  ( -6.909876426349056308E-15, -1.175240473580835721, -0.4375000000000133782 ) ) ;
#6666 = DIRECTION ( 'NONE',  ( 0.000000000000000000, 1.000000000000000000, 0.000000000000000000 ) ) ;
#6667 = CARTESIAN_POINT ( 'NONE',  ( -1.836970198721029688E-16, -1.500000000000002887, 1.749999999999984235 ) ) ;
#6668 = CARTESIAN_POINT ( 'NONE',  ( -0.8816504037844365982, 1.527063293868257121, -1.442708333333343695 ) ) ;
#6669 = CARTESIAN_POINT ( 'NONE',  ( -0.6785254037844368202, 1.175240473580829503, -2.708333333333341919 ) ) ;
#6670 = DIRECTION ( 'NONE',  ( -3.064488108188088727E-16, 1.769283034190776153E-16, 1.000000000000000000 ) ) ;
#6671 = DIRECTION ( 'NONE',  ( 1.000000000000000000, -0.000000000000000000, 0.000000000000000000 ) ) ;
#6672 = CARTESIAN_POINT ( 'NONE',  ( -0.8294067547305613575, -0.4788582131113798268, -0.3750000000000024980 ) ) ;
#6673 = CARTESIAN_POINT ( 'NONE',  ( 2.800000000000001599, -4.490128060534575916, -5.740128060534574139 ) ) ;
#6674 = CARTESIAN_POINT ( 'NONE',  ( 0.5529378364870414231, 0.9577164262227698677, 3.093749999999998668 ) ) ;
#6675 = CARTESIAN_POINT ( 'NONE',  ( 0.6785254037844365982, -1.175240473580835721, 3.104166666666645646 ) ) ;
#6676 = CARTESIAN_POINT ( 'NONE',  ( -1.103625504730557427, 0.6371784822407273730, 2.967187499999996536 ) ) ;
#6677 = ORIENTED_EDGE ( 'NONE', *, *, #128, .F. ) ;
#6678 = FACE_OUTER_BOUND ( 'NONE', #5734, .T. ) ;
#6679 = APPROVAL ( #237, 'UNSPECIFIED' ) ;
#6680 = CARTESIAN_POINT ( 'NONE',  ( 1.732050807568876971, -3.392656912481952001E-15, 1.937499999999978906 ) ) ;
#6681 = CARTESIAN_POINT ( 'NONE',  ( -0.5529378364870412010, -0.9577164262227633174, 0.6187499999999982458 ) ) ;
#6682 = CARTESIAN_POINT ( 'NONE',  ( 1.357050807568874085, -8.393429697899798701E-15, -0.8750000000000121014 ) ) ;
#6683 = CARTESIAN_POINT ( 'NONE',  ( 1.471500672974076718, 3.026283303721284613E-15, 3.201562499999998757 ) ) ;
#6684 = CARTESIAN_POINT ( 'NONE',  ( -1.560637177523342561E-16, -1.274356964481444310, -2.732812500000003197 ) ) ;
#6685 = CARTESIAN_POINT ( 'NONE',  ( -0.8816504037844364872, 1.527063293868256899, 1.588541666666648755 ) ) ;
#6686 = CARTESIAN_POINT ( 'NONE',  ( -0.5529378364870407569, 0.9577164262227703118, 0.4687499999999981681 ) ) ;
#6687 = DIRECTION ( 'NONE',  ( 0.000000000000000000, -0.7071067811865474617, -0.7071067811865474617 ) ) ;
#6688 = CARTESIAN_POINT ( 'NONE',  ( 0.9999999999999995559, 0.5773502691896255090, 6.649999999999999467 ) ) ;
#6689 = CARTESIAN_POINT ( 'NONE',  ( -0.2847560225369448195, -1.434289119544609692, -4.673879294566247289 ) ) ;
#6690 = PERSON_AND_ORGANIZATION_ROLE ( 'classification_officer' ) ;
#6691 = CARTESIAN_POINT ( 'NONE',  ( -1.870113174931179184E-16, -1.527063293868263338, 7.265624999999971578 ) ) ;
#6692 = CARTESIAN_POINT ( 'NONE',  ( -1.172864355864553979E-16, -0.9577164262227637614, 2.849999999999997424 ) ) ;
#6693 = CARTESIAN_POINT ( 'NONE',  ( 0.6785254037844377084, 1.175240473580829059, 6.208333333333305504 ) ) ;
#6694 = ORIENTED_EDGE ( 'NONE', *, *, #2872, .F. ) ;
#6695 = DIRECTION ( 'NONE',  ( 0.000000000000000000, -0.7071067811865474617, 0.7071067811865474617 ) ) ;
#6696 = ORIENTED_EDGE ( 'NONE', *, *, #6165, .T. ) ;
#6697 = CARTESIAN_POINT ( 'NONE',  ( -1.530808498934192310E-16, -1.249999999999996669, -0.9750000000000069722 ) ) ;
#6698 = CARTESIAN_POINT ( 'NONE',  ( 0.6785254037844429265, 1.175240473580825729, -0.7291666666666792862 ) ) ;
#6699 = CARTESIAN_POINT ( 'NONE',  ( -0.1345470299149697235, 1.116310608058314058, 3.449999999999995737 ) ) ;
#6700 = CARTESIAN_POINT ( 'NONE',  ( -0.8660254037844383745, 1.499999999999996669, 0.5416666666666539731 ) ) ;
#6701 = EDGE_CURVE ( 'NONE', #5928, #7103, #2665, .T. ) ;
#6702 = CARTESIAN_POINT ( 'NONE',  ( 1.322475605676654675, -0.7635316469341338896, -1.151041666666677843 ) ) ;
#6703 = CARTESIAN_POINT ( 'NONE',  ( 1.357050807568873863, -3.323770530029912691E-15, -1.375000000000011324 ) ) ;
#6704 = PLANE ( 'NONE',  #2030 ) ;
#6705 = CARTESIAN_POINT ( 'NONE',  ( 0.1921965351351917484, -1.220647044731231423, -4.893049736635343372 ) ) ;
#6706 = EDGE_CURVE ( 'NONE', #3441, #441, #4243, .T. ) ;
#6707 = CARTESIAN_POINT ( 'NONE',  ( 0.8294067547305610244, -0.4788582131113804374, 0.2249999999999973410 ) ) ;
#6708 = VERTEX_POINT ( 'NONE', #2683 ) ;
#6709 = FACE_OUTER_BOUND ( 'NONE', #5289, .T. ) ;
#6710 = CARTESIAN_POINT ( 'NONE',  ( 0.6785254037844377084, 1.175240473580829059, 2.770833333333312609 ) ) ;
#6711 = CARTESIAN_POINT ( 'NONE',  ( -0.1553657924228371012, -0.9450302765529396964, -2.954783573777252315 ) ) ;
#6712 = CARTESIAN_POINT ( 'NONE',  ( -0.7216878364870322748, 1.250000000000003775, 2.043750000000002398 ) ) ;
#6713 = CARTESIAN_POINT ( 'NONE',  ( -1.836970198721029688E-16, -1.500000000000002887, 2.312499999999978684 ) ) ;
#6714 = CARTESIAN_POINT ( 'NONE',  ( 0.8294067547305616905, 0.4788582131113863216, -0.9937500000000015765 ) ) ;
#6715 = CARTESIAN_POINT ( 'NONE',  ( 0.6785254037844432595, 1.175240473580825729, -0.2916666666666805074 ) ) ;
#6716 = CARTESIAN_POINT ( 'NONE',  ( -0.8294067547305612464, 0.4788582131113872098, -2.643750000000001599 ) ) ;
#6717 = CARTESIAN_POINT ( 'NONE',  ( 1.471500672974076718, 3.316639421776481130E-15, -2.620312500000002931 ) ) ;
#6718 = CARTESIAN_POINT ( 'NONE',  ( -0.8816504037844370423, -1.527063293868262894, 2.255208333333313941 ) ) ;
#6719 = EDGE_CURVE ( 'NONE', #6917, #4102, #3366, .T. ) ;
#6720 = CARTESIAN_POINT ( 'NONE',  ( 0.5529378364870414231, 0.9577164262227702007, -0.9562500000000018208 ) ) ;
#6721 = CARTESIAN_POINT ( 'NONE',  ( 0.000000000000000000, -1.009405846569942978E-15, -5.000000000000000888 ) ) ;
#6722 = DIRECTION ( 'NONE',  ( -0.000000000000000000, 0.7071067811865476838, 0.7071067811865474617 ) ) ;
#6723 = CARTESIAN_POINT ( 'NONE',  ( -1.391587390700358418, 0.02266826837606984724, -4.744704851955057201 ) ) ;
#6724 = PERSON_AND_ORGANIZATION ( #6017, #2973 ) ;
#6725 = CARTESIAN_POINT ( 'NONE',  ( 0.5529378364870414231, 0.9577164262227698677, 2.587499999999996803 ) ) ;
#6726 = CARTESIAN_POINT ( 'NONE',  ( -0.6785254037844372643, -1.175240473580835721, 5.458333333333307280 ) ) ;
#6727 = ORIENTED_EDGE ( 'NONE', *, *, #2934, .T. ) ;
#6728 = DIRECTION ( 'NONE',  ( 1.000000000000000000, 0.000000000000000000, 0.000000000000000000 ) ) ;
#6729 = AXIS2_PLACEMENT_3D ( 'NONE', #4814, #4929, #3702 ) ;
#6730 = ORIENTED_EDGE ( 'NONE', *, *, #4635, .T. ) ;
#6731 = CARTESIAN_POINT ( 'NONE',  ( -0.7216878364870322748, 1.250000000000003775, 0.6374999999999928502 ) ) ;
#6732 = CARTESIAN_POINT ( 'NONE',  ( 1.727105381039023507E-15, 1.175240473580829725, -2.187500000000009326 ) ) ;
#6733 = CARTESIAN_POINT ( 'NONE',  ( -2.799999999999998490, 0.000000000000000000, 0.000000000000000000 ) ) ;
#6734 = CARTESIAN_POINT ( 'NONE',  ( 1.299038105676658450, 0.7499999999999957812, 0.4166666666666538621 ) ) ;
#6735 = CARTESIAN_POINT ( 'NONE',  ( 1.322475605676655785, 0.7635316469341261181, -0.06770833333334669302 ) ) ;
#6736 = LOCAL_TIME ( 13, 37, 30.00000000000000000, #2090 ) ;
#6737 = CARTESIAN_POINT ( 'NONE',  ( 0.000000000000000000, 1.175240473580829725, -0.7500000000000127676 ) ) ;
#6738 = VECTOR ( 'NONE', #5780, 1000.000000000000114 ) ;
#6739 = LINE ( 'NONE', #559, #1445 ) ;
#6740 = CC_DESIGN_APPROVAL ( #72, ( #1690 ) ) ;
#6741 = DIRECTION ( 'NONE',  ( 0.000000000000000000, 0.000000000000000000, -1.000000000000000000 ) ) ;
#6742 = CARTESIAN_POINT ( 'NONE',  ( -2.866682547644412882, 5.103952732046619367, -7.933317452355590937 ) ) ;
#6743 = CARTESIAN_POINT ( 'NONE',  ( 1.105875672974081736, 3.217585287229822583E-15, 0.7124999999999979128 ) ) ;
#6744 = DIRECTION ( 'NONE',  ( 0.000000000000000000, 0.000000000000000000, 1.000000000000000000 ) ) ;
#6745 = CARTESIAN_POINT ( 'NONE',  ( 0.000000000000000000, 1.175240473580829725, 2.812499999999980016 ) ) ;
#6746 = CARTESIAN_POINT ( 'NONE',  ( 3.000000000000000000, 0.5656854249492385689, 0.5656854249492385689 ) ) ;
#6747 = VECTOR ( 'NONE', #2097, 1000.000000000000114 ) ;
#6748 = AXIS2_PLACEMENT_3D ( 'NONE', #909, #2128, #3303 ) ;
#6749 = CARTESIAN_POINT ( 'NONE',  ( 0.8473157484120700245, 1.467593926302986240, 4.499999999999995559 ) ) ;
#6750 = CARTESIAN_POINT ( 'NONE',  ( -1.836970198721029688E-16, -1.500000000000002887, 2.812499999999978240 ) ) ;
#6751 = CARTESIAN_POINT ( 'NONE',  ( 1.105875672974081736, 3.326994838960764866E-15, -1.481250000000001510 ) ) ;
#6752 = CARTESIAN_POINT ( 'NONE',  ( -1.612401492960977238E-14, -1.175240473580835721, 0.9999999999999835687 ) ) ;
#6753 = CARTESIAN_POINT ( 'NONE',  ( -0.8294067547305613575, -0.4788582131113796603, -3.018750000000001599 ) ) ;
#6754 = CONICAL_SURFACE ( 'NONE', #2396, 9.299999999999998934, 0.7853981633974526089 ) ;
#6755 = CARTESIAN_POINT ( 'NONE',  ( 0.7357503364870390250, 1.274356964481451415, -2.995312500000002931 ) ) ;
#6756 = CARTESIAN_POINT ( 'NONE',  ( -1.870113174931178938E-16, -1.527063293868263116, 3.796874999999977351 ) ) ;
#6757 = CIRCLE ( 'NONE', #3233, 9.299999999999998934 ) ;
#6758 = CARTESIAN_POINT ( 'NONE',  ( 1.105875672974081736, 3.147450959197165726E-15, 2.118749999999998135 ) ) ;
#6759 = DIRECTION ( 'NONE',  ( -0.000000000000000000, 0.7071067811865476838, 0.7071067811865474617 ) ) ;
#6760 = EDGE_CURVE ( 'NONE', #5144, #518, #2193, .T. ) ;
#6761 = DIRECTION ( 'NONE',  ( 3.064488108188113379E-16, 1.769283034190819047E-16, 1.000000000000000000 ) ) ;
#6762 = CARTESIAN_POINT ( 'NONE',  ( -1.258960262859696977, 0.5444894228988974572, -4.764989232432019328 ) ) ;
#6763 = PERSON_AND_ORGANIZATION ( #6017, #2973 ) ;
#6764 = CARTESIAN_POINT ( 'NONE',  ( 1.322475605676654453, -0.7635316469341337786, -3.119791666666674956 ) ) ;
#6765 = EDGE_LOOP ( 'NONE', ( #677, #651, #34, #2455 ) ) ;
#6766 = CARTESIAN_POINT ( 'NONE',  ( -0.07813100402512587750, 1.109591582173288682, 6.604891043794038907 ) ) ;
#6767 = EDGE_LOOP ( 'NONE', ( #3817, #5493, #6058, #910 ) ) ;
#6768 = CARTESIAN_POINT ( 'NONE',  ( -1.530808498934192310E-16, -1.249999999999996891, 0.8249999999999930722 ) ) ;
#6769 = CARTESIAN_POINT ( 'NONE',  ( 5.614547390569788875E-15, 1.175240473580829725, -2.687500000000008438 ) ) ;
#6770 = FACE_BOUND ( 'NONE', #7064, .T. ) ;
#6771 = CARTESIAN_POINT ( 'NONE',  ( -1.299038105676658006, 0.7499999999999971134, -0.9166666666666766217 ) ) ;
#6772 = CARTESIAN_POINT ( 'NONE',  ( -1.763300807568873418, -2.966513306368321794E-15, 1.640624999999983347 ) ) ;
#6773 = CARTESIAN_POINT ( 'NONE',  ( 1.017788105676656008, 0.5876202367904124202, -0.8333333333333456938 ) ) ;
#6774 = FACE_OUTER_BOUND ( 'NONE', #2491, .T. ) ;
#6775 = B_SPLINE_CURVE_WITH_KNOTS ( 'NONE', 3,
 ( #4485, #6766, #3269, #6221, #6626, #516, #6146, #1099 ),
 .UNSPECIFIED., .F., .F.,
 ( 4, 2, 2, 4 ),
 ( 2.544396950730988368E-07, 0.0002984430161323455293, 0.0005966315925696180763, 0.001193008745444163387 ),
 .UNSPECIFIED. ) ;
#6776 = DIRECTION ( 'NONE',  ( 0.000000000000000000, 0.000000000000000000, -1.000000000000000000 ) ) ;
#6777 = DIRECTION ( 'NONE',  ( 1.000000000000000000, -0.000000000000000000, 0.000000000000000000 ) ) ;
#6778 = CARTESIAN_POINT ( 'NONE',  ( -0.8294067547305613575, -0.4788582131113799933, 2.774999999999997247 ) ) ;
#6779 = DIRECTION ( 'NONE',  ( 1.000000000000000000, 0.000000000000000000, 0.000000000000000000 ) ) ;
#6780 = CARTESIAN_POINT ( 'NONE',  ( -0.8294067547305612464, 0.4788582131113870988, -0.4500000000000025091 ) ) ;
#6781 = CARTESIAN_POINT ( 'NONE',  ( -1.017788105676655563, -0.5876202367904191926, 3.979166666666644758 ) ) ;
#6782 = DIRECTION ( 'NONE',  ( 0.000000000000000000, -4.440892098500626162E-15, -1.000000000000000000 ) ) ;
#6783 = LINE ( 'NONE', #6167, #6005 ) ;
#6784 = CARTESIAN_POINT ( 'NONE',  ( -0.8660254037844388186, -1.500000000000002665, 4.770833333333306392 ) ) ;
#6785 = CARTESIAN_POINT ( 'NONE',  ( 0.5529378364870414231, 0.9577164262227699787, 0.3937499999999982681 ) ) ;
#6786 = CARTESIAN_POINT ( 'NONE',  ( -1.017788105676648902, 0.5876202367904247437, 0.8333333333333170501 ) ) ;
#6787 = CARTESIAN_POINT ( 'NONE',  ( 0.000000000000000000, 1.274356964481451415, 2.414062499999998668 ) ) ;
#6788 = EDGE_CURVE ( 'NONE', #3959, #5278, #3952, .T. ) ;
#6789 = EDGE_CURVE ( 'NONE', #5278, #1691, #4961, .T. ) ;
#6790 = CARTESIAN_POINT ( 'NONE',  ( -1.172864355864553979E-16, -0.9577164262227637614, 2.849999999999997424 ) ) ;
#6791 = CARTESIAN_POINT ( 'NONE',  ( -0.8816504037844370423, -1.527063293868262894, 4.755208333333307280 ) ) ;
#6792 = B_SPLINE_CURVE_WITH_KNOTS ( 'NONE', 3,
 ( #1391, #870, #5961, #3627 ),
 .UNSPECIFIED., .F., .F.,
 ( 4, 4 ),
 ( 2.168404344971008868E-19, 0.0003165475275202226844 ),
 .UNSPECIFIED. ) ;
#6793 = CARTESIAN_POINT ( 'NONE',  ( 0.8294067547305616905, 0.4788582131113861551, 2.156249999999998224 ) ) ;
#6794 = CARTESIAN_POINT ( 'NONE',  ( 0.8660254037844393737, 1.499999999999996669, -1.479166666666680063 ) ) ;
#6795 = DIRECTION ( 'NONE',  ( -0.000000000000000000, -0.000000000000000000, 1.000000000000000000 ) ) ;
#6796 = DIRECTION ( 'NONE',  ( 1.000000000000000000, 0.000000000000000000, 0.000000000000000000 ) ) ;
#6797 = PERSON_AND_ORGANIZATION ( #6017, #2973 ) ;
#6798 = CARTESIAN_POINT ( 'NONE',  ( -0.5529378364870412010, -0.9577164262227632063, -3.037500000000002309 ) ) ;
#6799 = CARTESIAN_POINT ( 'NONE',  ( -1.322475605676654897, 0.7635316469341272283, -2.869791666666675400 ) ) ;
#6800 = ORIENTED_EDGE ( 'NONE', *, *, #4408, .F. ) ;
#6801 = CARTESIAN_POINT ( 'NONE',  ( -1.017788105676656230, -0.5876202367904185264, -4.520833333333337478 ) ) ;
#6802 = ORIENTED_EDGE ( 'NONE', *, *, #3787, .T. ) ;
#6803 = CARTESIAN_POINT ( 'NONE',  ( 0.7216878364870333851, 1.250000000000003553, 0.1124999999999930084 ) ) ;
#6804 = CARTESIAN_POINT ( 'NONE',  ( 0.6785254037844427044, 1.175240473580826173, -1.229166666666677843 ) ) ;
#6805 = CARTESIAN_POINT ( 'NONE',  ( -0.001084734683590674476, -1.392435372920445280, 4.880901804678347666 ) ) ;
#6806 = CARTESIAN_POINT ( 'NONE',  ( -1.836970198721029688E-16, -1.500000000000002887, -1.250000000000008882 ) ) ;
#6807 = CARTESIAN_POINT ( 'NONE',  ( 1.763300807568873418, -3.398397444352954817E-15, 3.390624999999978684 ) ) ;
#6808 = CARTESIAN_POINT ( 'NONE',  ( -0.6785254037844372643, -1.175240473580835721, 0.9583333333333171611 ) ) ;
#6809 = ORIENTED_EDGE ( 'NONE', *, *, #863, .F. ) ;
#6810 = DIRECTION ( 'NONE',  ( 0.000000000000000000, 0.000000000000000000, -1.000000000000000000 ) ) ;
#6811 = APPROVAL ( #2230, 'UNSPECIFIED' ) ;
#6812 = DIRECTION ( 'NONE',  ( 1.000000000000000000, 0.000000000000000000, 0.000000000000000000 ) ) ;
#6813 = PLANE ( 'NONE',  #6877 ) ;
#6814 = CARTESIAN_POINT ( 'NONE',  ( -1.322475605676655119, -0.7635316469341328904, -4.817708333333336590 ) ) ;
#6815 =( NAMED_UNIT ( * ) SI_UNIT ( $, .STERADIAN. ) SOLID_ANGLE_UNIT ( ) );
#6816 = CARTESIAN_POINT ( 'NONE',  ( 0.5529378364870405349, -0.9577164262227636504, -2.062500000000002220 ) ) ;
#6817 = CARTESIAN_POINT ( 'NONE',  ( -0.6785254037844372643, -1.175240473580835721, 4.520833333333309056 ) ) ;
#6818 = CARTESIAN_POINT ( 'NONE',  ( 0.000000000000000000, 0.9577164262227705338, -2.268750000000001599 ) ) ;
#6819 = CIRCLE ( 'NONE', #4116, 2.449999999999999734 ) ;
#6820 = CARTESIAN_POINT ( 'NONE',  ( -0.7216878364870328300, -1.249999999999996891, 2.193750000000003197 ) ) ;
#6821 = AXIS2_PLACEMENT_3D ( 'NONE', #774, #3566, #5264 ) ;
#6822 = CARTESIAN_POINT ( 'NONE',  ( -1.105875672974081736, 3.384647902374017206E-15, 2.793749999999997957 ) ) ;
#6823 = CARTESIAN_POINT ( 'NONE',  ( 1.017788105676660892, 0.5876202367904038715, 1.666666666666648755 ) ) ;
#6824 = CARTESIAN_POINT ( 'NONE',  ( -0.5529378364870407569, 0.9577164262227704228, -1.781250000000001776 ) ) ;
#6825 = CARTESIAN_POINT ( 'NONE',  ( -1.017788105676655563, 0.5876202367904134194, -4.604166666666670515 ) ) ;
#6826 = CARTESIAN_POINT ( 'NONE',  ( -1.560637177523342561E-16, -1.274356964481444310, -1.382812500000002887 ) ) ;
#6827 = CARTESIAN_POINT ( 'NONE',  ( 1.322475605676655563, 0.7635316469341260071, 3.963541666666642982 ) ) ;
#6828 = CARTESIAN_POINT ( 'NONE',  ( -1.105875672974081736, 3.429533872314917483E-15, 1.893749999999997824 ) ) ;
#6829 = CARTESIAN_POINT ( 'NONE',  ( 0.8660254037844379305, -1.500000000000003331, -1.145833333333347914 ) ) ;
#6830 = LINE ( 'NONE', #1757, #3319 ) ;
#6831 = CARTESIAN_POINT ( 'NONE',  ( -1.471500672974076718, 3.644791348701634703E-15, -1.973437500000000844 ) ) ;
#6832 = PERSON_AND_ORGANIZATION_ROLE ( 'creator' ) ;
#6833 = DIRECTION ( 'NONE',  ( 0.000000000000000000, -1.000000000000000000, 0.000000000000000000 ) ) ;
#6834 = CARTESIAN_POINT ( 'NONE',  ( 0.8816504037844374864, 1.527063293868256677, -4.994791666666670515 ) ) ;
#6835 =( BOUNDED_SURFACE ( )  B_SPLINE_SURFACE ( 1, 2, ( 
 ( #5194, #161, #88, #2320, #6814, #2392, #6890, #4011, #6271, #5714, #3062, #3166, #6523, #1402, #1478, #4757, #7068, #1368, #4826, #270, #6446, #5303, #3712, #5972, #2498, #2600, #917, #3200, #412, #1439, #844, #4866, #2065, #4310, #6483, #5408, #372, #7111, #6999, #1957, #6959, #2024, #4718, #3675, #3604, #3747, #881, #3640, #5862, #6560, #953, #4270, #6415, #1515, #1919, #4162, #3132, #6008, #4195, #811, #5936, #5896, #3096, #5340, #306, #2534, #4792, #7033, #5446, #338, #1991, #4229, #5373, #2567, #4459, #6117, #2173, #4492, #5047, #3932, #2795, #1625, #1071, #6598, #1107, #6668, #524, #5630, #1144, #447, #2207, #3240, #6702, #3378, #3821, #6046, #3309, #7187, #998, #6632, #6081, #2759, #2677, #6, #1590, #3784, #5557, #1661, #5483, #3857, #2642, #2242, #6194, #1033, #4348, #7147, #2134, #4938, #6735, #1698, #5595, #2099, #7225, #4905, #5013, #4387, #1552, #3274, #7264, #5518, #3893, #6152, #485, #2716, #3347, #4975, #556, #4426, #2417, #5151, #6915, #3413, #4117, #693, #6882, #5187, #4005, #3521, #4675, #4532, #1214, #153, #2314, #1287, #5705, #2903, #1873, #6365, #2940, #6772, #1770, #3450, #658, #4082, #4642, #115, #4600, #2349, #1321, #6842, #5665, #2383, #729, #1807, #2866, #2832, #2972, #5741, #5777, #588, #6331, #4045, #1841, #190, #5224, #6264, #1736, #3559, #6227, #6298, #5079, #42, #2279, #3964, #1179, #1254, #621, #3485, #5117, #82, #4566, #6807, #836, #3704, #4710, #1360, #6990, #5853, #769, #6951, #1948, #298, #5816, #6473, #2525, #364, #4782, #3087, #5364, #2451, #3596, #801, #2015, #3629, #1909, #6403, #4301, #3014, #7025, #1983, #5330, #2559, #4152, #5888, #329, #4219, #4187, #1430, #3124, #3664, #5925, #872, #4816, #7059, #2489, #4257, #6510, #1469, #5964, #907, #3052, #5295, #6438, #263, #5258, #4746, #1393, #3157, #226, #5399, #2591, #4852, #7097, #2056, #6552, #1505, #1542, #6036, #7252, #1580, #7138, #4339, #2332, #5999, #4964, #2706, #6072, #512, #2631, #3813, #3299, #7212, #2125, #4417, #1058, #2162, #473, #6658, #1023, #2743, #439, #5003, #2196, #3984, #6691, #944, #3266, #2883, #1613, #6587, #5133 ),
 ( #6244, #5509, #5547, #3846, #6106, #5684, #1196, #96, #3428, #4449, #1649, #401, #640, #4583, #6825, #3738, #3192, #3776, #5435, #986, #4896, #2091, #4931, #3229, #5473, #2668, #7176, #4377, #6623, #1893, #1825, #1928, #711, #2921, #2435, #5835, #135, #2996, #2506, #1377, #3072, #5758, #3467, #6281, #1271, #2367, #4170, #4100, #4021, #818, #1339, #5870, #4618, #4765, #675, #2954, #5243, #5202, #1235, #785, #3611, #1856, #4693, #208, #3580, #6934, #1304, #5311, #6423, #279, #1788, #750, #4133, #5723, #244, #5794, #6384, #5169, #6862, #4066, #3033, #6313, #5276, #3503, #169, #2401, #2472, #4660, #6900, #6348, #3539, #4728, #6967, #7158, #5947, #852, #382, #3756, #5348, #925, #456, #6606, #1006, #3685, #1411, #4203, #6491, #313, #2106, #2034, #1963, #6056, #6569, #3792, #2542, #2685, #5905, #889, #3174, #3141, #6455, #6016, #1559, #7078, #2612, #5418, #3211, #7120, #4800, #5456, #1523, #5381, #965, #7042, #2074, #3648, #4319, #1999, #1449, #4238, #422, #2650, #346, #4914, #4358, #5491, #7006, #3720, #2576, #3249, #3106, #4836, #1487, #4279, #6533, #5981, #4877, #4985, #7195, #2251, #632, #1669, #1598, #3975, #1117, #1633, #6090, #2839, #1189, #4501, #6642, #6201, #4946, #2142, #3354, #3386, #492, #4396, #6163, #3830, #1042, #3315, #3282, #2181, #6126, #1078, #5088, #563, #6235, #3864, #54, #6710, #6745, #5566, #596, #1744, #5529, #533, #1708, #6675, #5639, #2767, #7271, #3421, #5675, #17, #2723, #5021, #2215, #4465, #1152, #3939, #3900, #5603, #2804, #7234, #5054, #4434, #2289, #4539, #6781, #5162, #5127, #5271, #743, #780, #2877, #1333, #3495, #4128, #2464, #2430, #6307, #6817, #239, #1227, #4094, #5864, #4721, #6961, #3026, #90, #5751, #4014, #703, #6893, #6273, #1265, #1884, #5196, #1921, #1781, #5717, #4058, #2913, #2323, #3460, #2949, #4654, #4575, #3532, #1851, #4164, #6340, #163, #4688, #668, #125, #2361, #6377, #2395, #4611, #6855, #1370, #1817, #1297, #5788, #2988, #6928, #5238, #202, #3574, #5829, #6417, #3606, #5411, #4273, #4830, #1481, #5939, #4870, #4795, #7114, #2068, #956, #3750, #5305, #5376, #7149, #2027, #1404 ) ),
 .UNSPECIFIED., .F., .F., .F. ) 
 B_SPLINE_SURFACE_WITH_KNOTS ( ( 2, 2 ),
 ( 3, 2, 2, 2, 2, 2, 2, 2, 2, 2, 2, 2, 2, 2, 2, 2, 2, 2, 2, 2, 2, 2, 2, 2, 2, 2, 2, 2, 2, 2, 2, 2, 2, 2, 2, 2, 2, 2, 2, 2, 2, 2, 2, 2, 2, 2, 2, 2, 2, 2, 2, 2, 2, 2, 2, 2, 2, 2, 2, 2, 2, 2, 2, 2, 2, 2, 2, 2, 2, 2, 2, 2, 2, 2, 2, 2, 2, 2, 2, 2, 2, 2, 2, 2, 2, 2, 2, 2, 2, 2, 2, 2, 2, 2, 2, 2, 2, 2, 2, 2, 2, 2, 2, 2, 2, 2, 2, 2, 2, 2, 2, 2, 2, 2, 2, 2, 2, 2, 2, 2, 2, 2, 2, 2, 2, 2, 2, 2, 2, 2, 2, 2, 2, 2, 2, 2, 2, 2, 2, 2, 2, 2, 2, 2, 2, 2, 2, 2, 2, 2, 3 ),
 ( 0.000000000000000000, 1.000000000000000000 ),
 ( 0.000000000000000000, 0.006666666666666667095, 0.01333333333333333419, 0.02000000000000000042, 0.02666666666666666838, 0.03333333333333333287, 0.04000000000000000083, 0.04666666666666666879, 0.05333333333333333676, 0.05999999999999999778, 0.06666666666666666574, 0.07333333333333333370, 0.08000000000000000167, 0.08666666666666666963, 0.09333333333333333759, 0.1000000000000000056, 0.1066666666666666735, 0.1133333333333333276, 0.1199999999999999956, 0.1266666666666666774, 0.1333333333333333315, 0.1400000000000000133, 0.1466666666666666674, 0.1533333333333333215, 0.1600000000000000033, 0.1666666666666666574, 0.1733333333333333393, 0.1799999999999999933, 0.1866666666666666752, 0.1933333333333333293, 0.2000000000000000111, 0.2066666666666666652, 0.2133333333333333470, 0.2200000000000000011, 0.2266666666666666552, 0.2333333333333333370, 0.2399999999999999911, 0.2466666666666666730, 0.2533333333333333548, 0.2600000000000000089, 0.2666666666666666630, 0.2733333333333333171, 0.2800000000000000266, 0.2866666666666666807, 0.2933333333333333348, 0.2999999999999999889, 0.3066666666666666430, 0.3133333333333333526, 0.3200000000000000067, 0.3266666666666666607, 0.3333333333333333148, 0.3400000000000000244, 0.3466666666666666785, 0.3533333333333333326, 0.3599999999999999867, 0.3666666666666666408, 0.3733333333333333504, 0.3800000000000000044, 0.3866666666666666585, 0.3933333333333333126, 0.4000000000000000222, 0.4066666666666666763, 0.4133333333333333304, 0.4199999999999999845, 0.4266666666666666941, 0.4333333333333333481, 0.4400000000000000022, 0.4466666666666666563, 0.4533333333333333104, 0.4600000000000000200, 0.4666666666666666741, 0.4733333333333333282, 0.4799999999999999822, 0.4866666666666666918, 0.4933333333333333459, 0.5000000000000000000, 0.5066666666666667096, 0.5133333333333333082, 0.5200000000000000178, 0.5266666666666666163, 0.5333333333333333259, 0.5400000000000000355, 0.5466666666666666341, 0.5533333333333333437, 0.5600000000000000533, 0.5666666666666666519, 0.5733333333333333615, 0.5799999999999999600, 0.5866666666666666696, 0.5933333333333333792, 0.5999999999999999778, 0.6066666666666666874, 0.6133333333333332860, 0.6199999999999999956, 0.6266666666666667052, 0.6333333333333333037, 0.6400000000000000133, 0.6466666666666666119, 0.6533333333333333215, 0.6600000000000000311, 0.6666666666666666297, 0.6733333333333333393, 0.6800000000000000488, 0.6866666666666666474, 0.6933333333333333570, 0.6999999999999999556, 0.7066666666666666652, 0.7133333333333333748, 0.7199999999999999734, 0.7266666666666666829, 0.7333333333333332815, 0.7399999999999999911, 0.7466666666666667007, 0.7533333333333332993, 0.7600000000000000089, 0.7666666666666667185, 0.7733333333333333171, 0.7800000000000000266, 0.7866666666666666252, 0.7933333333333333348, 0.8000000000000000444, 0.8066666666666666430, 0.8133333333333333526, 0.8199999999999999512, 0.8266666666666666607, 0.8333333333333333703, 0.8399999999999999689, 0.8466666666666666785, 0.8533333333333333881, 0.8599999999999999867, 0.8666666666666666963, 0.8733333333333332948, 0.8800000000000000044, 0.8866666666666667140, 0.8933333333333333126, 0.9000000000000000222, 0.9066666666666666208, 0.9133333333333333304, 0.9200000000000000400, 0.9266666666666666385, 0.9333333333333333481, 0.9399999999999999467, 0.9466666666666666563, 0.9533333333333333659, 0.9599999999999999645, 0.9666666666666666741, 0.9733333333333333837, 0.9799999999999999822, 0.9866666666666666918, 0.9933333333333332904, 1.000000000000000000 ),
 .UNSPECIFIED. ) 
 GEOMETRIC_REPRESENTATION_ITEM ( )  RATIONAL_B_SPLINE_SURFACE ( (
 ( 1.000000000000000000, 0.8660254037844387076, 1.000000000000000000, 0.8660254037844387076, 1.000000000000000000, 0.8660254037844387076, 1.000000000000000000, 0.8660254037844387076, 1.000000000000000000, 0.8660254037844387076, 1.000000000000000000, 0.8660254037844387076, 1.000000000000000000, 0.8660254037844387076, 1.000000000000000000, 0.8660254037844387076, 1.000000000000000000, 0.8660254037844387076, 1.000000000000000000, 0.8660254037844387076, 1.000000000000000000, 0.8660254037844387076, 1.000000000000000000, 0.8660254037844387076, 1.000000000000000000, 0.8660254037844387076, 1.000000000000000000, 0.8660254037844387076, 1.000000000000000000, 0.8660254037844387076, 1.000000000000000000, 0.8660254037844387076, 1.000000000000000000, 0.8660254037844387076, 1.000000000000000000, 0.8660254037844387076, 1.000000000000000000, 0.8660254037844387076, 1.000000000000000000, 0.8660254037844387076, 1.000000000000000000, 0.8660254037844387076, 1.000000000000000000, 0.8660254037844387076, 1.000000000000000000, 0.8660254037844387076, 1.000000000000000000, 0.8660254037844387076, 1.000000000000000000, 0.8660254037844387076, 1.000000000000000000, 0.8660254037844387076, 1.000000000000000000, 0.8660254037844387076, 1.000000000000000000, 0.8660254037844387076, 1.000000000000000000, 0.8660254037844387076, 1.000000000000000000, 0.8660254037844387076, 1.000000000000000000, 0.8660254037844387076, 1.000000000000000000, 0.8660254037844387076, 1.000000000000000000, 0.8660254037844387076, 1.000000000000000000, 0.8660254037844387076, 1.000000000000000000, 0.8660254037844387076, 1.000000000000000000, 0.8660254037844387076, 1.000000000000000000, 0.8660254037844387076, 1.000000000000000000, 0.8660254037844387076, 1.000000000000000000, 0.8660254037844387076, 1.000000000000000000, 0.8660254037844387076, 1.000000000000000000, 0.8660254037844387076, 1.000000000000000000, 0.8660254037844387076, 1.000000000000000000, 0.8660254037844387076, 1.000000000000000000, 0.8660254037844387076, 1.000000000000000000, 0.8660254037844387076, 1.000000000000000000, 0.8660254037844387076, 1.000000000000000000, 0.8660254037844387076, 1.000000000000000000, 0.8660254037844387076, 1.000000000000000000, 0.8660254037844387076, 1.000000000000000000, 0.8660254037844387076, 1.000000000000000000, 0.8660254037844387076, 1.000000000000000000, 0.8660254037844387076, 1.000000000000000000, 0.8660254037844387076, 1.000000000000000000, 0.8660254037844387076, 1.000000000000000000, 0.8660254037844387076, 1.000000000000000000, 0.8660254037844387076, 1.000000000000000000, 0.8660254037844387076, 1.000000000000000000, 0.8660254037844387076, 1.000000000000000000, 0.8660254037844387076, 1.000000000000000000, 0.8660254037844387076, 1.000000000000000000, 0.8660254037844387076, 1.000000000000000000, 0.8660254037844387076, 1.000000000000000000, 0.8660254037844387076, 1.000000000000000000, 0.8660254037844387076, 1.000000000000000000, 0.8660254037844387076, 1.000000000000000000, 0.8660254037844387076, 1.000000000000000000, 0.8660254037844387076, 1.000000000000000000, 0.8660254037844387076, 1.000000000000000000, 0.8660254037844387076, 1.000000000000000000, 0.8660254037844387076, 1.000000000000000000, 0.8660254037844387076, 1.000000000000000000, 0.8660254037844387076, 1.000000000000000000, 0.8660254037844387076, 1.000000000000000000, 0.8660254037844387076, 1.000000000000000000, 0.8660254037844387076, 1.000000000000000000, 0.8660254037844387076, 1.000000000000000000, 0.8660254037844387076, 1.000000000000000000, 0.8660254037844387076, 1.000000000000000000, 0.8660254037844387076, 1.000000000000000000, 0.8660254037844387076, 1.000000000000000000, 0.8660254037844387076, 1.000000000000000000, 0.8660254037844387076, 1.000000000000000000, 0.8660254037844387076, 1.000000000000000000, 0.8660254037844387076, 1.000000000000000000, 0.8660254037844387076, 1.000000000000000000, 0.8660254037844387076, 1.000000000000000000, 0.8660254037844387076, 1.000000000000000000, 0.8660254037844387076, 1.000000000000000000, 0.8660254037844387076, 1.000000000000000000, 0.8660254037844387076, 1.000000000000000000, 0.8660254037844387076, 1.000000000000000000, 0.8660254037844387076, 1.000000000000000000, 0.8660254037844387076, 1.000000000000000000, 0.8660254037844387076, 1.000000000000000000, 0.8660254037844387076, 1.000000000000000000, 0.8660254037844387076, 1.000000000000000000, 0.8660254037844387076, 1.000000000000000000, 0.8660254037844387076, 1.000000000000000000, 0.8660254037844387076, 1.000000000000000000, 0.8660254037844387076, 1.000000000000000000, 0.8660254037844387076, 1.000000000000000000, 0.8660254037844387076, 1.000000000000000000, 0.8660254037844387076, 1.000000000000000000, 0.8660254037844387076, 1.000000000000000000, 0.8660254037844387076, 1.000000000000000000, 0.8660254037844387076, 1.000000000000000000, 0.8660254037844387076, 1.000000000000000000, 0.8660254037844387076, 1.000000000000000000, 0.8660254037844387076, 1.000000000000000000, 0.8660254037844387076, 1.000000000000000000, 0.8660254037844387076, 1.000000000000000000, 0.8660254037844387076, 1.000000000000000000, 0.8660254037844387076, 1.000000000000000000, 0.8660254037844387076, 1.000000000000000000, 0.8660254037844387076, 1.000000000000000000, 0.8660254037844387076, 1.000000000000000000, 0.8660254037844387076, 1.000000000000000000, 0.8660254037844387076, 1.000000000000000000, 0.8660254037844387076, 1.000000000000000000, 0.8660254037844387076, 1.000000000000000000, 0.8660254037844387076, 1.000000000000000000, 0.8660254037844387076, 1.000000000000000000, 0.8660254037844387076, 1.000000000000000000, 0.8660254037844387076, 1.000000000000000000, 0.8660254037844387076, 1.000000000000000000, 0.8660254037844387076, 1.000000000000000000, 0.8660254037844387076, 1.000000000000000000, 0.8660254037844387076, 1.000000000000000000, 0.8660254037844387076, 1.000000000000000000, 0.8660254037844387076, 1.000000000000000000, 0.8660254037844387076, 1.000000000000000000, 0.8660254037844387076, 1.000000000000000000, 0.8660254037844387076, 1.000000000000000000, 0.8660254037844387076, 1.000000000000000000, 0.8660254037844387076, 1.000000000000000000, 0.8660254037844387076, 1.000000000000000000, 0.8660254037844387076, 1.000000000000000000, 0.8660254037844387076, 1.000000000000000000, 0.8660254037844387076, 1.000000000000000000, 0.8660254037844387076, 1.000000000000000000, 0.8660254037844387076, 1.000000000000000000, 0.8660254037844387076, 1.000000000000000000, 0.8660254037844387076, 1.000000000000000000, 0.8660254037844387076, 1.000000000000000000, 0.8660254037844387076, 1.000000000000000000, 0.8660254037844387076, 1.000000000000000000, 0.8660254037844387076, 1.000000000000000000, 0.8660254037844387076, 1.000000000000000000, 0.8660254037844387076, 1.000000000000000000, 0.8660254037844387076, 1.000000000000000000),
 ( 1.000000000000000000, 0.8660254037844387076, 1.000000000000000000, 0.8660254037844387076, 1.000000000000000000, 0.8660254037844387076, 1.000000000000000000, 0.8660254037844387076, 1.000000000000000000, 0.8660254037844387076, 1.000000000000000000, 0.8660254037844387076, 1.000000000000000000, 0.8660254037844387076, 1.000000000000000000, 0.8660254037844387076, 1.000000000000000000, 0.8660254037844387076, 1.000000000000000000, 0.8660254037844387076, 1.000000000000000000, 0.8660254037844387076, 1.000000000000000000, 0.8660254037844387076, 1.000000000000000000, 0.8660254037844387076, 1.000000000000000000, 0.8660254037844387076, 1.000000000000000000, 0.8660254037844387076, 1.000000000000000000, 0.8660254037844387076, 1.000000000000000000, 0.8660254037844387076, 1.000000000000000000, 0.8660254037844387076, 1.000000000000000000, 0.8660254037844387076, 1.000000000000000000, 0.8660254037844387076, 1.000000000000000000, 0.8660254037844387076, 1.000000000000000000, 0.8660254037844387076, 1.000000000000000000, 0.8660254037844387076, 1.000000000000000000, 0.8660254037844387076, 1.000000000000000000, 0.8660254037844387076, 1.000000000000000000, 0.8660254037844387076, 1.000000000000000000, 0.8660254037844387076, 1.000000000000000000, 0.8660254037844387076, 1.000000000000000000, 0.8660254037844387076, 1.000000000000000000, 0.8660254037844387076, 1.000000000000000000, 0.8660254037844387076, 1.000000000000000000, 0.8660254037844387076, 1.000000000000000000, 0.8660254037844387076, 1.000000000000000000, 0.8660254037844387076, 1.000000000000000000, 0.8660254037844387076, 1.000000000000000000, 0.8660254037844387076, 1.000000000000000000, 0.8660254037844387076, 1.000000000000000000, 0.8660254037844387076, 1.000000000000000000, 0.8660254037844387076, 1.000000000000000000, 0.8660254037844387076, 1.000000000000000000, 0.8660254037844387076, 1.000000000000000000, 0.8660254037844387076, 1.000000000000000000, 0.8660254037844387076, 1.000000000000000000, 0.8660254037844387076, 1.000000000000000000, 0.8660254037844387076, 1.000000000000000000, 0.8660254037844387076, 1.000000000000000000, 0.8660254037844387076, 1.000000000000000000, 0.8660254037844387076, 1.000000000000000000, 0.8660254037844387076, 1.000000000000000000, 0.8660254037844387076, 1.000000000000000000, 0.8660254037844387076, 1.000000000000000000, 0.8660254037844387076, 1.000000000000000000, 0.8660254037844387076, 1.000000000000000000, 0.8660254037844387076, 1.000000000000000000, 0.8660254037844387076, 1.000000000000000000, 0.8660254037844387076, 1.000000000000000000, 0.8660254037844387076, 1.000000000000000000, 0.8660254037844387076, 1.000000000000000000, 0.8660254037844387076, 1.000000000000000000, 0.8660254037844387076, 1.000000000000000000, 0.8660254037844387076, 1.000000000000000000, 0.8660254037844387076, 1.000000000000000000, 0.8660254037844387076, 1.000000000000000000, 0.8660254037844387076, 1.000000000000000000, 0.8660254037844387076, 1.000000000000000000, 0.8660254037844387076, 1.000000000000000000, 0.8660254037844387076, 1.000000000000000000, 0.8660254037844387076, 1.000000000000000000, 0.8660254037844387076, 1.000000000000000000, 0.8660254037844387076, 1.000000000000000000, 0.8660254037844387076, 1.000000000000000000, 0.8660254037844387076, 1.000000000000000000, 0.8660254037844387076, 1.000000000000000000, 0.8660254037844387076, 1.000000000000000000, 0.8660254037844387076, 1.000000000000000000, 0.8660254037844387076, 1.000000000000000000, 0.8660254037844387076, 1.000000000000000000, 0.8660254037844387076, 1.000000000000000000, 0.8660254037844387076, 1.000000000000000000, 0.8660254037844387076, 1.000000000000000000, 0.8660254037844387076, 1.000000000000000000, 0.8660254037844387076, 1.000000000000000000, 0.8660254037844387076, 1.000000000000000000, 0.8660254037844387076, 1.000000000000000000, 0.8660254037844387076, 1.000000000000000000, 0.8660254037844387076, 1.000000000000000000, 0.8660254037844387076, 1.000000000000000000, 0.8660254037844387076, 1.000000000000000000, 0.8660254037844387076, 1.000000000000000000, 0.8660254037844387076, 1.000000000000000000, 0.8660254037844387076, 1.000000000000000000, 0.8660254037844387076, 1.000000000000000000, 0.8660254037844387076, 1.000000000000000000, 0.8660254037844387076, 1.000000000000000000, 0.8660254037844387076, 1.000000000000000000, 0.8660254037844387076, 1.000000000000000000, 0.8660254037844387076, 1.000000000000000000, 0.8660254037844387076, 1.000000000000000000, 0.8660254037844387076, 1.000000000000000000, 0.8660254037844387076, 1.000000000000000000, 0.8660254037844387076, 1.000000000000000000, 0.8660254037844387076, 1.000000000000000000, 0.8660254037844387076, 1.000000000000000000, 0.8660254037844387076, 1.000000000000000000, 0.8660254037844387076, 1.000000000000000000, 0.8660254037844387076, 1.000000000000000000, 0.8660254037844387076, 1.000000000000000000, 0.8660254037844387076, 1.000000000000000000, 0.8660254037844387076, 1.000000000000000000, 0.8660254037844387076, 1.000000000000000000, 0.8660254037844387076, 1.000000000000000000, 0.8660254037844387076, 1.000000000000000000, 0.8660254037844387076, 1.000000000000000000, 0.8660254037844387076, 1.000000000000000000, 0.8660254037844387076, 1.000000000000000000, 0.8660254037844387076, 1.000000000000000000, 0.8660254037844387076, 1.000000000000000000, 0.8660254037844387076, 1.000000000000000000, 0.8660254037844387076, 1.000000000000000000, 0.8660254037844387076, 1.000000000000000000, 0.8660254037844387076, 1.000000000000000000, 0.8660254037844387076, 1.000000000000000000, 0.8660254037844387076, 1.000000000000000000, 0.8660254037844387076, 1.000000000000000000, 0.8660254037844387076, 1.000000000000000000, 0.8660254037844387076, 1.000000000000000000, 0.8660254037844387076, 1.000000000000000000, 0.8660254037844387076, 1.000000000000000000, 0.8660254037844387076, 1.000000000000000000, 0.8660254037844387076, 1.000000000000000000, 0.8660254037844387076, 1.000000000000000000, 0.8660254037844387076, 1.000000000000000000, 0.8660254037844387076, 1.000000000000000000, 0.8660254037844387076, 1.000000000000000000, 0.8660254037844387076, 1.000000000000000000, 0.8660254037844387076, 1.000000000000000000, 0.8660254037844387076, 1.000000000000000000, 0.8660254037844387076, 1.000000000000000000, 0.8660254037844387076, 1.000000000000000000, 0.8660254037844387076, 1.000000000000000000, 0.8660254037844387076, 1.000000000000000000, 0.8660254037844387076, 1.000000000000000000, 0.8660254037844387076, 1.000000000000000000, 0.8660254037844387076, 1.000000000000000000, 0.8660254037844387076, 1.000000000000000000, 0.8660254037844387076, 1.000000000000000000, 0.8660254037844387076, 1.000000000000000000, 0.8660254037844387076, 1.000000000000000000, 0.8660254037844387076, 1.000000000000000000, 0.8660254037844387076, 1.000000000000000000) ) ) 
 REPRESENTATION_ITEM ( '' )  SURFACE ( )  );
#6836 = ORIENTED_EDGE ( 'NONE', *, *, #1861, .T. ) ;
#6837 = CARTESIAN_POINT ( 'NONE',  ( -1.357050807568874085, -1.453704117202790524E-15, -4.562500000000003553 ) ) ;
#6838 = CARTESIAN_POINT ( 'NONE',  ( 0.7216878364870333851, 1.250000000000003553, 1.462499999999992806 ) ) ;
#6839 = CARTESIAN_POINT ( 'NONE',  ( -0.6785254037844391517, -1.175240473580834388, 0.02083333333331889581 ) ) ;
#6840 = CARTESIAN_POINT ( 'NONE',  ( -1.284279980927960363, 0.2305436854352344300, 4.792497167929306912 ) ) ;
#6841 = CARTESIAN_POINT ( 'NONE',  ( 1.299038105676658450, 0.7499999999999957812, -2.083333333333340587 ) ) ;
#6842 = CARTESIAN_POINT ( 'NONE',  ( -0.8816504037844365982, 1.527063293868257121, 2.057291666666649199 ) ) ;
#6843 = CARTESIAN_POINT ( 'NONE',  ( -0.6785254037844372643, -1.175240473580835721, 1.958333333333314608 ) ) ;
#6844 = VERTEX_POINT ( 'NONE', #1610 ) ;
#6845 = CARTESIAN_POINT ( 'NONE',  ( 0.8757865865276044381, -0.8919068644529891676, -2.662500000000000977 ) ) ;
#6846 = ORIENTED_EDGE ( 'NONE', *, *, #7161, .T. ) ;
#6847 = DIRECTION ( 'NONE',  ( 0.4999999999999999445, 0.8660254037844387076, 0.000000000000000000 ) ) ;
#6848 = FACE_OUTER_BOUND ( 'NONE', #2529, .T. ) ;
#6849 = CONICAL_SURFACE ( 'NONE', #5570, 9.299999999999998934, 0.7853981633974526089 ) ;
#6850 = AXIS2_PLACEMENT_3D ( 'NONE', #7101, #1986, #4304 ) ;
#6851 = CARTESIAN_POINT ( 'NONE',  ( 0.5529378364870414231, 0.9577164262227699787, 2.137499999999997069 ) ) ;
#6852 = EDGE_CURVE ( 'NONE', #2652, #6887, #866, .T. ) ;
#6853 =( NAMED_UNIT ( * ) PLANE_ANGLE_UNIT ( ) SI_UNIT ( $, .RADIAN. ) );
#6854 = CARTESIAN_POINT ( 'NONE',  ( 0.000000000000000000, 0.9577164262227705338, -2.325000000000002398 ) ) ;
#6855 = CARTESIAN_POINT ( 'NONE',  ( 1.017788105676655341, -0.5876202367904199697, 6.145833333333307280 ) ) ;
#6856 = CARTESIAN_POINT ( 'NONE',  ( 0.5529378364870405349, -0.9577164262227636504, -2.456250000000002043 ) ) ;
#6857 = LOCAL_TIME ( 13, 37, 30.00000000000000000, #1095 ) ;
#6858 = CARTESIAN_POINT ( 'NONE',  ( -1.210307295689805107, 0.3125000000000541234, 2.999999999999999556 ) ) ;
#6859 = CARTESIAN_POINT ( 'NONE',  ( -0.5529378364870412010, -0.9577164262227635394, 2.868749999999998135 ) ) ;
#6860 = CARTESIAN_POINT ( 'NONE',  ( 1.017788105676656674, 0.5876202367904111989, 1.166666666666650087 ) ) ;
#6861 = CARTESIAN_POINT ( 'NONE',  ( -0.8294067547305613575, -0.4788582131113797158, -1.668750000000001510 ) ) ;
#6862 = CARTESIAN_POINT ( 'NONE',  ( -1.439254484199186421E-16, -1.175240473580835721, -1.937500000000009992 ) ) ;
#6863 = CIRCLE ( 'NONE', #1106, 0.7946314968241676713 ) ;
#6864 = CARTESIAN_POINT ( 'NONE',  ( -1.471500672974076718, 3.553616722259182603E-15, -0.1453125000000030642 ) ) ;
#6865 = CARTESIAN_POINT ( 'NONE',  ( -1.763300807568873196, -2.966513306368321794E-15, 2.671874999999979572 ) ) ;
#6866 = VECTOR ( 'NONE', #6655, 1000.000000000000000 ) ;
#6867 = CARTESIAN_POINT ( 'NONE',  ( -0.8294067547305613575, -0.4788582131113798823, 1.481249999999998179 ) ) ;
#6868 = AXIS2_PLACEMENT_3D ( 'NONE', #56, #6128, #4540 ) ;
#6869 = CARTESIAN_POINT ( 'NONE',  ( 0.8660254037844379305, -1.500000000000003331, -2.145833333333345028 ) ) ;
#6870 = DIRECTION ( 'NONE',  ( 1.000000000000000000, 0.000000000000000000, -0.000000000000000000 ) ) ;
#6871 = CARTESIAN_POINT ( 'NONE',  ( 0.7357503364870378038, -1.274356964481444754, -0.9234375000000010214 ) ) ;
#6872 = DATE_AND_TIME ( #4630, #1334 ) ;
#6873 = CARTESIAN_POINT ( 'NONE',  ( 0.8294067547305610244, -0.4788582131113802709, -2.925000000000002043 ) ) ;
#6874 = CARTESIAN_POINT ( 'NONE',  ( -1.322475605676654897, -0.7635316469341327794, -4.286458333333339255 ) ) ;
#6875 = ADVANCED_FACE ( 'NONE', ( #5544 ), #6906, .T. ) ;
#6876 = CARTESIAN_POINT ( 'NONE',  ( -1.439254484199186421E-16, -1.175240473580835721, -4.937500000000003553 ) ) ;
#6877 = AXIS2_PLACEMENT_3D ( 'NONE', #1777, #4010, #1223 ) ;
#6878 = CARTESIAN_POINT ( 'NONE',  ( -1.082531754730548856, -0.6249999999999966693, 1.199999999999992850 ) ) ;
#6879 = CARTESIAN_POINT ( 'NONE',  ( 1.122909478113957775E-14, 1.175240473580829725, -0.1875000000000140443 ) ) ;
#6880 = PLANE ( 'NONE',  #5809 ) ;
#6881 = CARTESIAN_POINT ( 'NONE',  ( 0.000000000000000000, 1.499999999999996669, -2.500000000000006661 ) ) ;
#6882 = CARTESIAN_POINT ( 'NONE',  ( 0.000000000000000000, 1.527063293868257343, 1.015624999999984457 ) ) ;
#6883 = CARTESIAN_POINT ( 'NONE',  ( -0.6785254037844368202, 1.175240473580829503, -0.2083333333333468318 ) ) ;
#6884 = ADVANCED_FACE ( 'NONE', ( #2927 ), #2442, .T. ) ;
#6885 = ORIENTED_EDGE ( 'NONE', *, *, #1260, .T. ) ;
#6886 = FACE_OUTER_BOUND ( 'NONE', #1914, .T. ) ;
#6887 = VERTEX_POINT ( 'NONE', #3436 ) ;
#6888 = FACE_OUTER_BOUND ( 'NONE', #6590, .T. ) ;
#6889 = DIRECTION ( 'NONE',  ( 0.000000000000000000, 0.7071067811865474617, -0.7071067811865474617 ) ) ;
#6890 = CARTESIAN_POINT ( 'NONE',  ( -1.870113174931179184E-16, -1.527063293868263338, -4.734375000000003553 ) ) ;
#6891 = DIRECTION ( 'NONE',  ( 0.000000000000000000, 0.000000000000000000, 1.000000000000000000 ) ) ;
#6892 = CARTESIAN_POINT ( 'NONE',  ( 0.8294067547305610244, -0.4788582131113803264, -2.025000000000002576 ) ) ;
#6893 = CARTESIAN_POINT ( 'NONE',  ( -0.6785254037844372643, -1.175240473580835721, 5.020833333333307280 ) ) ;
#6894 = EDGE_LOOP ( 'NONE', ( #4906, #2752, #5745, #4647 ) ) ;
#6895 = ADVANCED_FACE ( 'NONE', ( #6391 ), #1831, .T. ) ;
#6896 = CARTESIAN_POINT ( 'NONE',  ( -1.443375672974064994, 3.596079189358453346E-15, -1.031249999999997335 ) ) ;
#6897 = CARTESIAN_POINT ( 'NONE',  ( 0.000000000000000000, 0.9577164262227703118, 0.8812499999999983125 ) ) ;
#6898 = CARTESIAN_POINT ( 'NONE',  ( -0.6785254037844490327, -1.175240473580828837, 2.458333333333313941 ) ) ;
#6899 = CARTESIAN_POINT ( 'NONE',  ( -1.172864355864553979E-16, -0.9577164262227635394, -1.143750000000001599 ) ) ;
#6900 = CARTESIAN_POINT ( 'NONE',  ( -1.017788105676655563, -0.5876202367904191926, -1.520833333333344140 ) ) ;
#6901 = CARTESIAN_POINT ( 'NONE',  ( -1.103625504730557649, -0.6371784822407201565, -1.457812500000002842 ) ) ;
#6902 = CARTESIAN_POINT ( 'NONE',  ( -1.322475605676654897, -0.7635316469341327794, 4.713541666666642094 ) ) ;
#6903 = CC_DESIGN_PERSON_AND_ORGANIZATION_ASSIGNMENT ( #3006, #1278, ( #1690 ) ) ;
#6904 = CARTESIAN_POINT ( 'NONE',  ( -0.8294067547305612464, 0.4788582131113869877, 2.306249999999998579 ) ) ;
#6905 = CARTESIAN_POINT ( 'NONE',  ( 1.299038105676657562, -0.7500000000000035527, -3.604166666666675845 ) ) ;
#6906 = CYLINDRICAL_SURFACE ( 'NONE', #6983, 1.175240473580832612 ) ;
#6907 = CARTESIAN_POINT ( 'NONE',  ( 0.7357503364870390250, 1.274356964481451415, -1.673437500000000799 ) ) ;
#6908 = CALENDAR_DATE ( 2025, 8, 10 ) ;
#6909 = CARTESIAN_POINT ( 'NONE',  ( 0.8294067547305610244, -0.4788582131113803264, -2.475000000000002309 ) ) ;
#6910 = CARTESIAN_POINT ( 'NONE',  ( 0.8816504037844374864, 1.527063293868256677, -3.994791666666672736 ) ) ;
#6911 = CARTESIAN_POINT ( 'NONE',  ( 0.000000000000000000, 1.250000000000003997, 1.499999999999992895 ) ) ;
#6912 = CARTESIAN_POINT ( 'NONE',  ( 0.6785254037844432595, 1.175240473580825729, -0.2291666666666804797 ) ) ;
#6913 = CARTESIAN_POINT ( 'NONE',  ( 3.000000000000000000, -4.490128060534575916, -4.490128060534575916 ) ) ;
#6914 = CARTESIAN_POINT ( 'NONE',  ( 1.299038105676657562, -0.7500000000000035527, -4.166666666666669627 ) ) ;
#6915 = CARTESIAN_POINT ( 'NONE',  ( 1.322475605676654675, -0.7635316469341338896, 0.8489583333333179382 ) ) ;
#6916 = CARTESIAN_POINT ( 'NONE',  ( 1.017788105676655341, -0.5876202367904199697, 0.08333333333331895132 ) ) ;
#6917 = VERTEX_POINT ( 'NONE', #5249 ) ;
#6918 = CARTESIAN_POINT ( 'NONE',  ( 0.6399481609276364003, -1.071127216685825223, -2.673645093612412538 ) ) ;
#6919 = ORIENTED_EDGE ( 'NONE', *, *, #1172, .T. ) ;
#6920 = ADVANCED_FACE ( 'NONE', ( #5139 ), #6849, .T. ) ;
#6921 = EDGE_CURVE ( 'NONE', #3092, #5335, #4031, .T. ) ;
#6922 = FACE_OUTER_BOUND ( 'NONE', #1911, .T. ) ;
#6923 = FACE_OUTER_BOUND ( 'NONE', #2453, .T. ) ;
#6924 = CARTESIAN_POINT ( 'NONE',  ( 1.299038105676657562, -0.7500000000000035527, 4.833333333333310833 ) ) ;
#6925 = CARTESIAN_POINT ( 'NONE',  ( 1.105875672974081736, 3.127813347348022816E-15, 2.512499999999997513 ) ) ;
#6926 = APPROVAL_ROLE ( '' ) ;
#6927 = CARTESIAN_POINT ( 'NONE',  ( 0.5529378364870405349, -0.9577164262227636504, -2.512500000000001954 ) ) ;
#6928 = CARTESIAN_POINT ( 'NONE',  ( -1.017788105676655563, 0.5876202367904134194, 6.395833333333305504 ) ) ;
#6929 = EDGE_CURVE ( 'NONE', #1547, #6113, #6830, .T. ) ;
#6930 = CARTESIAN_POINT ( 'NONE',  ( -1.443375672974064994, 3.506307249476653973E-15, 0.7687500000000027089 ) ) ;
#6931 = CARTESIAN_POINT ( 'NONE',  ( 0.8294067547305616905, 0.4788582131113862106, 1.256249999999997868 ) ) ;
#6932 = CARTESIAN_POINT ( 'NONE',  ( 0.6785254037844455910, 1.175240473580824618, 3.708333333333311277 ) ) ;
#6933 = CARTESIAN_POINT ( 'NONE',  ( -0.5529378364870407569, 0.9577164262227704228, -0.4312500000000014655 ) ) ;
#6934 = CARTESIAN_POINT ( 'NONE',  ( -0.6785254037844372643, -1.175240473580835721, -2.479166666666675400 ) ) ;
#6935 = CARTESIAN_POINT ( 'NONE',  ( -1.103625504730557427, 0.6371784822407275950, -1.082812500000003064 ) ) ;
#6936 = CARTESIAN_POINT ( 'NONE',  ( 0.8816504037844374864, 1.527063293868256677, 6.005208333333305504 ) ) ;
#6937 = AXIS2_PLACEMENT_3D ( 'NONE', #5874, #856, #1381 ) ;
#6938 = DIRECTION ( 'NONE',  ( 0.000000000000000000, -0.7071067811865474617, -0.7071067811865474617 ) ) ;
#6939 = DIRECTION ( 'NONE',  ( -1.000000000000000000, 0.000000000000000000, -0.000000000000000000 ) ) ;
#6940 = CARTESIAN_POINT ( 'NONE',  ( 0.000000000000000000, 1.499999999999996669, -3.437500000000009326 ) ) ;
#6941 = CARTESIAN_POINT ( 'NONE',  ( 3.000000000000000000, 0.9024128347050694998, -2.033783684603546416 ) ) ;
#6942 = CARTESIAN_POINT ( 'NONE',  ( 0.7357503364870390250, 1.274356964481451415, -2.123437500000000533 ) ) ;
#6943 = APPROVAL_STATUS ( 'not_yet_approved' ) ;
#6944 = EDGE_CURVE ( 'NONE', #4768, #2634, #3798, .T. ) ;
#6945 = CARTESIAN_POINT ( 'NONE',  ( 0.000000000000000000, 0.9577164262227704228, -1.425000000000002265 ) ) ;
#6946 = CARTESIAN_POINT ( 'NONE',  ( -0.8816504037844370423, -1.527063293868262894, -0.7447916666666799523 ) ) ;
#6947 = DIRECTION ( 'NONE',  ( 0.000000000000000000, 0.000000000000000000, -1.000000000000000000 ) ) ;
#6948 = CARTESIAN_POINT ( 'NONE',  ( -1.017788105676648680, 0.5876202367904252988, 1.895833333333315274 ) ) ;
#6949 = CARTESIAN_POINT ( 'NONE',  ( 1.052494388841613171, -0.9626890424780775168, 4.923516123185655680 ) ) ;
#6950 = CARTESIAN_POINT ( 'NONE',  ( -0.8660254037844383745, 1.499999999999996669, -2.458333333333339699 ) ) ;
#6951 = CARTESIAN_POINT ( 'NONE',  ( -0.8816504037844372643, -1.527063293868263116, 3.723958333333311721 ) ) ;
#6952 = CARTESIAN_POINT ( 'NONE',  ( 1.357050807568873863, -3.323770530029912691E-15, 1.624999999999982236 ) ) ;
#6953 = ORIENTED_EDGE ( 'NONE', *, *, #6342, .F. ) ;
#6954 = CARTESIAN_POINT ( 'NONE',  ( 0.5900010605845464884, 0.8745518197269502858, -2.867891380489888231 ) ) ;
#6955 = ORIENTED_EDGE ( 'NONE', *, *, #5235, .T. ) ;
#6956 = FACE_OUTER_BOUND ( 'NONE', #6993, .T. ) ;
#6957 = DIRECTION ( 'NONE',  ( 0.000000000000000000, -1.000000000000000000, 3.690901012716637274E-16 ) ) ;
#6958 = CARTESIAN_POINT ( 'NONE',  ( -1.299038105676658006, -0.7500000000000026645, 4.166666666666646535 ) ) ;
#6959 = CARTESIAN_POINT ( 'NONE',  ( -1.322475605676655119, -0.7635316469341328904, -3.317708333333339699 ) ) ;
#6960 = CARTESIAN_POINT ( 'NONE',  ( 0.8294067547305616905, 0.4788582131113862661, -0.1500000000000025757 ) ) ;
#6961 = CARTESIAN_POINT ( 'NONE',  ( 0.6785254037844377084, 1.175240473580829059, 4.770833333333309056 ) ) ;
#6962 = CARTESIAN_POINT ( 'NONE',  ( 0.7216878364870332740, 1.250000000000003553, 0.1687500000000029532 ) ) ;
#6963 = AXIS2_PLACEMENT_3D ( 'NONE', #2709, #1584, #5622 ) ;
#6964 = CARTESIAN_POINT ( 'NONE',  ( 0.5529378364870405349, -0.9577164262227637614, 1.593749999999998224 ) ) ;
#6965 = CARTESIAN_POINT ( 'NONE',  ( 1.357050807568874085, -1.171724555343890190E-14, 4.124999999999977796 ) ) ;
#6966 = CARTESIAN_POINT ( 'NONE',  ( 0.8294067547305616905, 0.4788582131113862106, 0.8062499999999979128 ) ) ;
#6967 = CARTESIAN_POINT ( 'NONE',  ( 1.017788105676655341, -0.5876202367904199697, -1.354166666666678065 ) ) ;
#6968 = CARTESIAN_POINT ( 'NONE',  ( -1.103625504730557649, -0.6371784822407201565, -0.5578125000000031530 ) ) ;
#6969 = ORIENTED_EDGE ( 'NONE', *, *, #3051, .T. ) ;
#6970 = CC_DESIGN_APPROVAL ( #1546, ( #2083 ) ) ;
#6971 = CARTESIAN_POINT ( 'NONE',  ( 2.049999999999995826, -1.317840917787128197, -8.000000000000003553 ) ) ;
#6972 = EDGE_CURVE ( 'NONE', #6111, #3054, #5657, .T. ) ;
#6973 = CYLINDRICAL_SURFACE ( 'NONE', #3286, 0.7946314968241677823 ) ;
#6974 = ADVANCED_BREP_SHAPE_REPRESENTATION ( '', ( #1548, #4261 ), #1567 ) ;
#6975 = DIRECTION ( 'NONE',  ( 0.000000000000000000, -1.000000000000000000, 5.195471269110015593E-17 ) ) ;
#6976 = VECTOR ( 'NONE', #7056, 1000.000000000000000 ) ;
#6977 = CARTESIAN_POINT ( 'NONE',  ( -0.8660254037844388186, -1.500000000000002665, 0.2708333333333163284 ) ) ;
#6978 = CARTESIAN_POINT ( 'NONE',  ( 0.6785254037844348218, -1.175240473580836831, -2.958333333333341031 ) ) ;
#6979 = CARTESIAN_POINT ( 'NONE',  ( 1.471500672974076718, 3.250713153425784031E-15, -1.298437500000001243 ) ) ;
#6980 = CARTESIAN_POINT ( 'NONE',  ( -1.105875672974081736, 3.589440140229373319E-15, -1.312500000000002220 ) ) ;
#6981 = CARTESIAN_POINT ( 'NONE',  ( -1.322475605676654897, -0.7635316469341327794, -1.786458333333344362 ) ) ;
#6982 = VECTOR ( 'NONE', #5921, 1000.000000000000000 ) ;
#6983 = AXIS2_PLACEMENT_3D ( 'NONE', #2372, #1311, #3474 ) ;
#6984 = ORIENTED_EDGE ( 'NONE', *, *, #3318, .T. ) ;
#6985 = ADVANCED_FACE ( 'NONE', ( #142, #1276 ), #6288, .F. ) ;
#6986 = CARTESIAN_POINT ( 'NONE',  ( 2.933617925833901463, 6.084137779122256617, -7.121630199436578934 ) ) ;
#6987 = CARTESIAN_POINT ( 'NONE',  ( -0.6785254037844403729, -1.175240473580833500, 2.020833333333314386 ) ) ;
#6988 = FACE_OUTER_BOUND ( 'NONE', #6660, .T. ) ;
#6989 = CARTESIAN_POINT ( 'NONE',  ( 0.000000000000000000, 1.499999999999996669, -4.500000000000002665 ) ) ;
#6990 = CARTESIAN_POINT ( 'NONE',  ( -1.322475605676655119, 0.7635316469341273393, 3.598958333333311721 ) ) ;
#6991 = CARTESIAN_POINT ( 'NONE',  ( -0.6785254037844372643, -1.175240473580835721, 2.458333333333313941 ) ) ;
#6992 = CIRCLE ( 'NONE', #3806, 9.300000000000000711 ) ;
#6993 = EDGE_LOOP ( 'NONE', ( #6919, #481, #7102, #4879 ) ) ;
#6994 = CARTESIAN_POINT ( 'NONE',  ( -2.799999999999998490, 0.9433296209488570838, -1.791857758372713105 ) ) ;
#6995 = VERTEX_POINT ( 'NONE', #5765 ) ;
#6996 = CARTESIAN_POINT ( 'NONE',  ( -0.1282622939423959108, 1.098861567201494749, 3.000000000000001332 ) ) ;
#6997 = CARTESIAN_POINT ( 'NONE',  ( 2.800000000000001155, 0.000000000000000000, 0.000000000000000000 ) ) ;
#6998 = CARTESIAN_POINT ( 'NONE',  ( 1.299038105676657562, -0.7500000000000035527, 4.895833333333305504 ) ) ;
#6999 = CARTESIAN_POINT ( 'NONE',  ( -1.322475605676655119, 0.7635316469341273393, -3.401041666666672736 ) ) ;
#7000 = CARTESIAN_POINT ( 'NONE',  ( 0.5529378364870414231, 0.9577164262227699787, 0.3374999999999975242 ) ) ;
#7001 = CARTESIAN_POINT ( 'NONE',  ( -0.6785254037844372643, -1.175240473580835721, -4.041666666666672292 ) ) ;
#7002 = CARTESIAN_POINT ( 'NONE',  ( -1.443375672974064994, 3.573636204388003404E-15, -0.5812499999999968248 ) ) ;
#7003 = CARTESIAN_POINT ( 'NONE',  ( 0.5529378364870405349, -0.9577164262227636504, -1.162500000000002531 ) ) ;
#7004 = CARTESIAN_POINT ( 'NONE',  ( 0.6785254037844536956, 1.175240473580820177, 3.208333333333313053 ) ) ;
#7005 = CARTESIAN_POINT ( 'NONE',  ( -1.172864355864553979E-16, -0.9577164262227636504, 1.556249999999997691 ) ) ;
#7006 = CARTESIAN_POINT ( 'NONE',  ( -1.017788105676655563, 0.5876202367904134194, 0.8958333333333170501 ) ) ;
#7007 = CARTESIAN_POINT ( 'NONE',  ( 1.471500672974076718, 3.092209572071980923E-15, 1.879687499999996625 ) ) ;
#7008 = VERTEX_POINT ( 'NONE', #646 ) ;
#7009 = VERTEX_POINT ( 'NONE', #6941 ) ;
#7010 = CARTESIAN_POINT ( 'NONE',  ( 1.763300807568873196, -3.398397444352954028E-15, 6.421874999999972466 ) ) ;
#7011 = DIRECTION ( 'NONE',  ( 0.000000000000000000, -0.7071067811865474617, 0.7071067811865474617 ) ) ;
#7012 = DIRECTION ( 'NONE',  ( 0.000000000000000000, -1.776356839400250465E-15, -1.000000000000000000 ) ) ;
#7013 = EDGE_CURVE ( 'NONE', #1064, #3996, #3889, .T. ) ;
#7014 = EDGE_CURVE ( 'NONE', #1773, #407, #2889, .T. ) ;
#7015 = CARTESIAN_POINT ( 'NONE',  ( -1.836970198721029688E-16, -1.500000000000002887, -0.1875000000000159317 ) ) ;
#7016 = CARTESIAN_POINT ( 'NONE',  ( -4.317763452597558768E-16, -1.175240473580835721, -4.500000000000004441 ) ) ;
#7017 = CARTESIAN_POINT ( 'NONE',  ( 0.7357503364870378038, -1.274356964481444976, -0.02343750000000088818 ) ) ;
#7018 = COORDINATED_UNIVERSAL_TIME_OFFSET ( 6, 0, .BEHIND. ) ;
#7019 = CARTESIAN_POINT ( 'NONE',  ( -0.8294067547305612464, 0.4788582131113872098, -2.700000000000002398 ) ) ;
#7020 = CARTESIAN_POINT ( 'NONE',  ( 0.000000000000000000, 1.527063293868257121, -1.953125000000010436 ) ) ;
#7021 = FACE_OUTER_BOUND ( 'NONE', #3242, .T. ) ;
#7022 = CYLINDRICAL_SURFACE ( 'NONE', #2621, 2.024999999999999911 ) ;
#7023 = DIRECTION ( 'NONE',  ( -0.7071067811865430208, 0.7071067811865520136, 0.000000000000000000 ) ) ;
#7024 = DIRECTION ( 'NONE',  ( -1.000000000000000000, 0.000000000000000000, 0.000000000000000000 ) ) ;
#7025 = CARTESIAN_POINT ( 'NONE',  ( 0.000000000000000000, 1.527063293868257343, 4.515624999999976019 ) ) ;
#7026 = CARTESIAN_POINT ( 'NONE',  ( 1.017788105676656008, 0.5876202367904124202, 4.166666666666642982 ) ) ;
#7027 = ORIENTED_EDGE ( 'NONE', *, *, #5866, .T. ) ;
#7028 = LINE ( 'NONE', #5967, #7087 ) ;
#7029 = EDGE_LOOP ( 'NONE', ( #4436, #4085, #2307, #4189 ) ) ;
#7030 = CARTESIAN_POINT ( 'NONE',  ( 1.162453265119515189, -0.1728946996164963390, 4.675240473580834610 ) ) ;
#7031 = DIRECTION ( 'NONE',  ( 0.000000000000000000, 0.000000000000000000, -1.000000000000000000 ) ) ;
#7032 = CARTESIAN_POINT ( 'NONE',  ( 0.000000000000000000, 1.499999999999996669, 3.499999999999980460 ) ) ;
#7033 = CARTESIAN_POINT ( 'NONE',  ( 0.8816504037844361541, -1.527063293868264005, -2.192708333333342363 ) ) ;
#7034 = EDGE_LOOP ( 'NONE', ( #3001, #1511, #1896, #2421, #3873, #1619 ) ) ;
#7035 = CARTESIAN_POINT ( 'NONE',  ( -0.5529378364870412010, -0.9577164262227633174, 1.012499999999997735 ) ) ;
#7036 = CARTESIAN_POINT ( 'NONE',  ( 1.017788105676655341, -0.5876202367904199697, -3.916666666666672292 ) ) ;
#7037 = CC_DESIGN_PERSON_AND_ORGANIZATION_ASSIGNMENT ( #5286, #3116, ( #4942 ) ) ;
#7038 = CARTESIAN_POINT ( 'NONE',  ( 1.082531754730548634, -0.6249999999999973355, -0.3937499999999971023 ) ) ;
#7039 = CARTESIAN_POINT ( 'NONE',  ( -0.8294067547305613575, -0.4788582131113797158, -2.625000000000002220 ) ) ;
#7040 = CARTESIAN_POINT ( 'NONE',  ( -1.785112031064879668E-14, -1.175240473580835721, 3.999999999999977351 ) ) ;
#7041 = CARTESIAN_POINT ( 'NONE',  ( 0.000000000000000000, 0.9577164262227703118, 1.781249999999998224 ) ) ;
#7042 = CARTESIAN_POINT ( 'NONE',  ( -0.6785254037844368202, 1.175240473580829503, 0.3541666666666519747 ) ) ;
#7043 = CARTESIAN_POINT ( 'NONE',  ( -0.7357503364870385809, -1.274356964481444532, 0.3796874999999967359 ) ) ;
#7044 = EDGE_LOOP ( 'NONE', ( #3778, #6425, #3016, #4191 ) ) ;
#7045 = ORIENTED_EDGE ( 'NONE', *, *, #5848, .T. ) ;
#7046 = CARTESIAN_POINT ( 'NONE',  ( 2.866945116622130918, 7.125276886143637078, -6.182074056858115618 ) ) ;
#7047 = CARTESIAN_POINT ( 'NONE',  ( -0.8660254037844383745, 1.499999999999996669, 0.6041666666666486440 ) ) ;
#7048 = CARTESIAN_POINT ( 'NONE',  ( -2.807273695284894438E-15, -1.175240473580835721, -4.000000000000005329 ) ) ;
#7049 = CARTESIAN_POINT ( 'NONE',  ( -1.103625504730557427, 0.6371784822407274840, 0.6890624999999991340 ) ) ;
#7050 = DATE_AND_TIME ( #1941, #5736 ) ;
#7051 = CARTESIAN_POINT ( 'NONE',  ( -0.8294067547305612464, 0.4788582131113870988, 0.4499999999999977351 ) ) ;
#7052 = CARTESIAN_POINT ( 'NONE',  ( -1.763300807568873196, -2.966513306368321794E-15, -2.328125000000009770 ) ) ;
#7053 = AXIS2_PLACEMENT_3D ( 'NONE', #2245, #2763, #4009 ) ;
#7054 = LINE ( 'NONE', #6505, #6982 ) ;
#7055 = CARTESIAN_POINT ( 'NONE',  ( -0.6785254037844495878, -1.175240473580828393, 3.520833333333311721 ) ) ;
#7056 = DIRECTION ( 'NONE',  ( -1.000000000000000000, -0.000000000000000000, -0.000000000000000000 ) ) ;
#7057 = DIRECTION ( 'NONE',  ( 0.000000000000000000, 0.000000000000000000, -1.000000000000000000 ) ) ;
#7058 = COORDINATED_UNIVERSAL_TIME_OFFSET ( 6, 0, .BEHIND. ) ;
#7059 = CARTESIAN_POINT ( 'NONE',  ( -1.763300807568873418, -2.966513306368321794E-15, 5.140624999999975131 ) ) ;
#7060 = CARTESIAN_POINT ( 'NONE',  ( -1.017788105676655563, 0.5876202367904134194, 2.333333333333313941 ) ) ;
#7061 = ORIENTED_EDGE ( 'NONE', *, *, #1438, .F. ) ;
#7062 = CARTESIAN_POINT ( 'NONE',  ( -3.031310039874818660E-16, 1.154700538379251018, 5.495000000000000107 ) ) ;
#7063 = EDGE_CURVE ( 'NONE', #5527, #5527, #3668, .T. ) ;
#7064 = EDGE_LOOP ( 'NONE', ( #7069, #6694 ) ) ;
#7065 = DIRECTION ( 'NONE',  ( 0.000000000000000000, -3.538566068381623796E-16, -1.000000000000000000 ) ) ;
#7066 = CARTESIAN_POINT ( 'NONE',  ( 2.800000000000001155, 5.123475382979792769, -8.000000000000003553 ) ) ;
#7067 = CARTESIAN_POINT ( 'NONE',  ( -1.732050807568876971, -2.968426816991988742E-15, 0.6249999999999867883 ) ) ;
#7068 = CARTESIAN_POINT ( 'NONE',  ( -1.322475605676655119, -0.7635316469341328904, -4.317708333333337478 ) ) ;
#7069 = ORIENTED_EDGE ( 'NONE', *, *, #3252, .F. ) ;
#7070 = CARTESIAN_POINT ( 'NONE',  ( -0.5529378364870412010, -0.9577164262227633174, 1.462499999999997469 ) ) ;
#7071 = CARTESIAN_POINT ( 'NONE',  ( -1.017788105676655563, 0.5876202367904134194, -4.666666666666670515 ) ) ;
#7072 =( BOUNDED_CURVE ( )  B_SPLINE_CURVE ( 2, ( #28, #4478, #4999, #1681, #3916, #607, #543, #2852, #1091, #5103, #3295, #68, #3809, #6069, #1019, #3262, #3842, #2739, #6102, #5542, #7248, #2192, #1756, #1793, #5727, #5764, #6905, #680, #1241, #3473, #6940, #6318, #6354, #716, #4070, #6390, #1898, #3041, #2959, #1200, #3990, #1863, #2926, #5175, #4030, #6287, #4140, #3545, #1350, #5210, #141, #102, #3435, #3003, #4552, #1275, #2371, #1310, #4627, #3508, #176, #6869, #5690, #2406, #5803, #2888, #4664, #5283, #3586, #5842, #1830, #6250, #757, #645, #2441, #5248, #4105, #6794, #791, #214, #253, #4699, #5137, #2337, #4587, #6829, #4734, #5354, #3619, #3113, #6496, #5876, #5912, #1493, #4805, #387, #1383, #5317, #3655, #2514, #2005, #4772, #2619, #287, #4209, #3078, #4288, #3726, #7015, #4885, #5987, #972, #5462, #1456, #859, #5423, #1972, #931, #1937, #6977, #7125, #6461, #4178, #6539, #827, #2079, #3181, #7047, #6429, #1529, #2043, #6575, #1418, #2477, #319, #2549, #5952, #4246, #3692, #4325, #3764, #896, #3146, #5387, #6022, #351, #3216, #2581, #4841, #7083, #461, #7239, #2185, #2807, #3834, #428, #1082, #4438, #2254, #6680, #2729, #3906, #6205, #3389, #1638, #6095, #3357, #2692, #6713, #7164, #6169, #5606, #1121, #6062, #4952, #2655, #5025, #4919, #3868, #4364, #6750, #4402, #1565, #565, #3942, #7274, #2113, #1672, #6611, #5059, #535, #2770, #4991, #6131, #2219, #3799, #499, #1046, #1012, #7199, #1602, #1155, #5535, #21, #3255, #3322, #5571, #4506, #4470, #1713, #5496, #2148, #6647, #3287, #6240, #5233, #1437, #3060, #1880, #4683, #2984, #4228, #59, #5267, #5784, #5644, #3603, #6784, #5302, #4124, #6998, #3979, #2426, #6373, #5861 ),
 .UNSPECIFIED., .F., .F. ) 
 B_SPLINE_CURVE_WITH_KNOTS ( ( 3, 2, 2, 2, 2, 2, 2, 2, 2, 2, 2, 2, 2, 2, 2, 2, 2, 2, 2, 2, 2, 2, 2, 2, 2, 2, 2, 2, 2, 2, 2, 2, 2, 2, 2, 2, 2, 2, 2, 2, 2, 2, 2, 2, 2, 2, 2, 2, 2, 2, 2, 2, 2, 2, 2, 2, 2, 2, 2, 2, 2, 2, 2, 2, 2, 2, 2, 2, 2, 2, 2, 2, 2, 2, 2, 2, 2, 2, 2, 2, 2, 2, 2, 2, 2, 2, 2, 2, 2, 2, 2, 2, 2, 2, 2, 2, 2, 2, 2, 2, 2, 2, 2, 2, 2, 2, 2, 2, 2, 2, 2, 2, 2, 2, 2, 2, 2, 3 ),
 ( 0.06491344201787149770, 0.06666666666666666574, 0.07333333333333333370, 0.08000000000000000167, 0.08666666666666666963, 0.09333333333333333759, 0.1000000000000000056, 0.1066666666666666735, 0.1133333333333333276, 0.1199999999999999956, 0.1266666666666666774, 0.1333333333333333315, 0.1400000000000000133, 0.1466666666666666674, 0.1533333333333333215, 0.1600000000000000033, 0.1666666666666666574, 0.1733333333333333393, 0.1799999999999999933, 0.1866666666666666752, 0.1933333333333333293, 0.2000000000000000111, 0.2066666666666666652, 0.2133333333333333470, 0.2200000000000000011, 0.2266666666666666552, 0.2333333333333333370, 0.2399999999999999911, 0.2466666666666667007, 0.2533333333333332993, 0.2600000000000000089, 0.2666666666666666075, 0.2733333333333333171, 0.2800000000000000266, 0.2866666666666666807, 0.2933333333333333348, 0.2999999999999999889, 0.3066666666666666430, 0.3133333333333333526, 0.3200000000000000622, 0.3266666666666666607, 0.3333333333333333703, 0.3400000000000000799, 0.3466666666666666785, 0.3533333333333333881, 0.3599999999999999867, 0.3666666666666666963, 0.3733333333333334059, 0.3800000000000000044, 0.3866666666666667140, 0.3933333333333333126, 0.4000000000000000222, 0.4066666666666667318, 0.4133333333333333304, 0.4200000000000000400, 0.4266666666666667496, 0.4333333333333333481, 0.4400000000000000577, 0.4466666666666666563, 0.4533333333333333659, 0.4600000000000000755, 0.4666666666666666741, 0.4733333333333333837, 0.4799999999999999822, 0.4866666666666666918, 0.4933333333333334014, 0.5000000000000000000, 0.5066666666666667096, 0.5133333333333333082, 0.5200000000000000178, 0.5266666666666666163, 0.5333333333333333259, 0.5400000000000000355, 0.5466666666666666341, 0.5533333333333333437, 0.5600000000000000533, 0.5666666666666666519, 0.5733333333333333615, 0.5799999999999999600, 0.5866666666666666696, 0.5933333333333333792, 0.5999999999999999778, 0.6066666666666666874, 0.6133333333333332860, 0.6199999999999999956, 0.6266666666666667052, 0.6333333333333333037, 0.6400000000000000133, 0.6466666666666666119, 0.6533333333333333215, 0.6600000000000000311, 0.6666666666666666297, 0.6733333333333333393, 0.6800000000000000488, 0.6866666666666666474, 0.6933333333333333570, 0.6999999999999999556, 0.7066666666666666652, 0.7133333333333333748, 0.7199999999999999734, 0.7266666666666666829, 0.7333333333333333925, 0.7399999999999999911, 0.7466666666666667007, 0.7533333333333332993, 0.7599999999999998979, 0.7666666666666668295, 0.7733333333333333171, 0.7800000000000000266, 0.7866666666666665142, 0.7933333333333334458, 0.8000000000000000444, 0.8066666666666666430, 0.8133333333333333526, 0.8199999999999999512, 0.8266666666666666607, 0.8333333333333333703, 0.8350865579821312723 ),
 .UNSPECIFIED. ) 
 CURVE ( )  GEOMETRIC_REPRESENTATION_ITEM ( )  RATIONAL_B_SPLINE_CURVE ( ( 0.9480652107226217318, 0.9647668653403747019, 1.000000000000000000, 0.8660254037844387076, 1.000000000000000000, 0.8660254037844387076, 1.000000000000000000, 0.8660254037844387076, 1.000000000000000000, 0.8660254037844387076, 1.000000000000000000, 0.8660254037844387076, 1.000000000000000000, 0.8660254037844387076, 1.000000000000000000, 0.8660254037844387076, 1.000000000000000000, 0.8660254037844387076, 1.000000000000000000, 0.8660254037844387076, 1.000000000000000000, 0.8660254037844387076, 1.000000000000000000, 0.8660254037844387076, 1.000000000000000000, 0.8660254037844387076, 1.000000000000000000, 0.8660254037844387076, 1.000000000000000000, 0.8660254037844387076, 1.000000000000000000, 0.8660254037844387076, 1.000000000000000000, 0.8660254037844387076, 1.000000000000000000, 0.8660254037844387076, 1.000000000000000000, 0.8660254037844387076, 1.000000000000000000, 0.8660254037844387076, 1.000000000000000000, 0.8660254037844387076, 1.000000000000000000, 0.8660254037844387076, 1.000000000000000000, 0.8660254037844387076, 1.000000000000000000, 0.8660254037844387076, 1.000000000000000000, 0.8660254037844387076, 1.000000000000000000, 0.8660254037844387076, 1.000000000000000000, 0.8660254037844387076, 1.000000000000000000, 0.8660254037844387076, 1.000000000000000000, 0.8660254037844387076, 1.000000000000000000, 0.8660254037844387076, 1.000000000000000000, 0.8660254037844387076, 1.000000000000000000, 0.8660254037844387076, 1.000000000000000000, 0.8660254037844387076, 1.000000000000000000, 0.8660254037844387076, 1.000000000000000000, 0.8660254037844387076, 1.000000000000000000, 0.8660254037844387076, 1.000000000000000000, 0.8660254037844387076, 1.000000000000000000, 0.8660254037844387076, 1.000000000000000000, 0.8660254037844387076, 1.000000000000000000, 0.8660254037844387076, 1.000000000000000000, 0.8660254037844387076, 1.000000000000000000, 0.8660254037844387076, 1.000000000000000000, 0.8660254037844387076, 1.000000000000000000, 0.8660254037844387076, 1.000000000000000000, 0.8660254037844387076, 1.000000000000000000, 0.8660254037844387076, 1.000000000000000000, 0.8660254037844387076, 1.000000000000000000, 0.8660254037844387076, 1.000000000000000000, 0.8660254037844387076, 1.000000000000000000, 0.8660254037844387076, 1.000000000000000000, 0.8660254037844387076, 1.000000000000000000, 0.8660254037844387076, 1.000000000000000000, 0.8660254037844387076, 1.000000000000000000, 0.8660254037844387076, 1.000000000000000000, 0.8660254037844387076, 1.000000000000000000, 0.8660254037844387076, 1.000000000000000000, 0.8660254037844387076, 1.000000000000000000, 0.8660254037844387076, 1.000000000000000000, 0.8660254037844387076, 1.000000000000000000, 0.8660254037844387076, 1.000000000000000000, 0.8660254037844387076, 1.000000000000000000, 0.8660254037844387076, 1.000000000000000000, 0.8660254037844387076, 1.000000000000000000, 0.8660254037844387076, 1.000000000000000000, 0.8660254037844387076, 1.000000000000000000, 0.8660254037844387076, 1.000000000000000000, 0.8660254037844387076, 1.000000000000000000, 0.8660254037844387076, 1.000000000000000000, 0.8660254037844387076, 1.000000000000000000, 0.8660254037844387076, 1.000000000000000000, 0.8660254037844387076, 1.000000000000000000, 0.8660254037844387076, 1.000000000000000000, 0.8660254037844387076, 1.000000000000000000, 0.8660254037844387076, 1.000000000000000000, 0.8660254037844387076, 1.000000000000000000, 0.8660254037844387076, 1.000000000000000000, 0.8660254037844387076, 1.000000000000000000, 0.8660254037844387076, 1.000000000000000000, 0.8660254037844387076, 1.000000000000000000, 0.8660254037844387076, 1.000000000000000000, 0.8660254037844387076, 1.000000000000000000, 0.8660254037844387076, 1.000000000000000000, 0.8660254037844387076, 1.000000000000000000, 0.8660254037844387076, 1.000000000000000000, 0.8660254037844387076, 1.000000000000000000, 0.8660254037844387076, 1.000000000000000000, 0.8660254037844387076, 1.000000000000000000, 0.8660254037844387076, 1.000000000000000000, 0.8660254037844387076, 1.000000000000000000, 0.8660254037844387076, 1.000000000000000000, 0.8660254037844387076, 1.000000000000000000, 0.8660254037844387076, 1.000000000000000000, 0.8660254037844387076, 1.000000000000000000, 0.8660254037844387076, 1.000000000000000000, 0.8660254037844387076, 1.000000000000000000, 0.8660254037844387076, 1.000000000000000000, 0.8660254037844387076, 1.000000000000000000, 0.8660254037844387076, 1.000000000000000000, 0.8660254037844387076, 1.000000000000000000, 0.8660254037844387076, 1.000000000000000000, 0.8660254037844387076, 1.000000000000000000, 0.8660254037844387076, 1.000000000000000000, 0.8660254037844387076, 1.000000000000000000, 0.8660254037844387076, 1.000000000000000000, 0.8660254037844387076, 1.000000000000000000, 0.8660254037844387076, 1.000000000000000000, 0.8660254037844387076, 1.000000000000000000, 0.8660254037844387076, 1.000000000000000000, 0.8660254037844387076, 1.000000000000000000, 0.8660254037844387076, 1.000000000000000000, 0.8660254037844387076, 1.000000000000000000, 0.8660254037844387076, 1.000000000000000000, 0.8660254037844387076, 1.000000000000000000, 0.8660254037844387076, 1.000000000000000000, 0.8660254037844387076, 1.000000000000000000, 0.8660254037844387076, 1.000000000000000000, 0.9647668653403216332, 0.9480652107225713277 ) ) 
 REPRESENTATION_ITEM ( '' )  );
#7073 = CARTESIAN_POINT ( 'NONE',  ( -1.082531754730548634, 0.6250000000000039968, -2.418749999999997069 ) ) ;
#7074 = EDGE_CURVE ( 'NONE', #5156, #3441, #2338, .T. ) ;
#7075 = CARTESIAN_POINT ( 'NONE',  ( -1.105875672974081736, 3.656769095140723933E-15, -2.662500000000001865 ) ) ;
#7076 = CARTESIAN_POINT ( 'NONE',  ( 1.017788105676646015, -0.5876202367904358459, 3.583333333333311721 ) ) ;
#7077 = CARTESIAN_POINT ( 'NONE',  ( -0.5529378364870412010, -0.9577164262227633174, 1.968749999999998446 ) ) ;
#7078 = CARTESIAN_POINT ( 'NONE',  ( -1.357050807568873863, -2.991388944476002371E-15, -0.06250000000001393330 ) ) ;
#7079 = CARTESIAN_POINT ( 'NONE',  ( -1.103625504730557649, -0.6371784822407202675, 1.692187499999996625 ) ) ;
#7080 = ORIENTED_EDGE ( 'NONE', *, *, #6175, .T. ) ;
#7081 = DIRECTION ( 'NONE',  ( 1.877893248421450761E-16, 1.000000000000000000, 0.000000000000000000 ) ) ;
#7082 = CARTESIAN_POINT ( 'NONE',  ( 2.800000000000001155, 7.128367289874323554, -6.279839152450467310 ) ) ;
#7083 = CARTESIAN_POINT ( 'NONE',  ( 0.8660254037844393737, 1.499999999999996669, 1.520833333333313053 ) ) ;
#7084 = CARTESIAN_POINT ( 'NONE',  ( 5.614547390569788875E-15, 1.175240473580829725, -2.750000000000008438 ) ) ;
#7085 = CARTESIAN_POINT ( 'NONE',  ( 1.103625504730557871, 0.6371784822407265958, 0.08906249999999886480 ) ) ;
#7086 = SECURITY_CLASSIFICATION_LEVEL ( 'unclassified' ) ;
#7087 = VECTOR ( 'NONE', #1509, 1000.000000000000114 ) ;
#7088 = CARTESIAN_POINT ( 'NONE',  ( -0.8294067547305612464, 0.4788582131113869877, 1.799999999999997824 ) ) ;
#7089 = CARTESIAN_POINT ( 'NONE',  ( -1.763300807568873196, -2.966513306368321794E-15, -0.8281250000000128786 ) ) ;
#7090 = CC_DESIGN_APPROVAL ( #378, ( #395 ) ) ;
#7091 = CARTESIAN_POINT ( 'NONE',  ( -2.799999999999998490, -5.123475382979804316, 7.999999999999996447 ) ) ;
#7092 = CARTESIAN_POINT ( 'NONE',  ( -0.6785254037844576924, -1.175240473580823730, 3.020833333333313053 ) ) ;
#7093 = DIRECTION ( 'NONE',  ( -1.000000000000000000, -0.000000000000000000, -0.000000000000000000 ) ) ;
#7094 = DIRECTION ( 'NONE',  ( -0.000000000000000000, -0.000000000000000000, 1.000000000000000000 ) ) ;
#7095 = AXIS2_PLACEMENT_3D ( 'NONE', #5958, #3188, #293 ) ;
#7096 = COORDINATED_UNIVERSAL_TIME_OFFSET ( 6, 0, .BEHIND. ) ;
#7097 = CARTESIAN_POINT ( 'NONE',  ( 1.322475605676655785, 0.7635316469341261181, 5.932291666666641206 ) ) ;
#7098 = CARTESIAN_POINT ( 'NONE',  ( 1.017788105676655341, -0.5876202367904199697, 4.583333333333309056 ) ) ;
#7099 = AXIS2_PLACEMENT_3D ( 'NONE', #1734, #4424, #80 ) ;
#7100 = ORIENTED_EDGE ( 'NONE', *, *, #6392, .T. ) ;
#7101 = CARTESIAN_POINT ( 'NONE',  ( -0.9093266739736605153, -0.5250000000000000222, 3.449999999999996181 ) ) ;
#7102 = ORIENTED_EDGE ( 'NONE', *, *, #6383, .F. ) ;
#7103 = VERTEX_POINT ( 'NONE', #5211 ) ;
#7104 = CARTESIAN_POINT ( 'NONE',  ( 0.7216878364870333851, 1.250000000000003775, -1.687500000000006883 ) ) ;
#7105 = AXIS2_PLACEMENT_3D ( 'NONE', #6421, #5309, #277 ) ;
#7106 = DIRECTION ( 'NONE',  ( 0.000000000000000000, 0.000000000000000000, -1.000000000000000000 ) ) ;
#7107 = CARTESIAN_POINT ( 'NONE',  ( -1.836970198721029688E-16, -1.500000000000002887, 2.749999999999982681 ) ) ;
#7108 = ADVANCED_FACE ( 'NONE', ( #2960 ), #1201, .T. ) ;
#7109 = EDGE_CURVE ( 'NONE', #6535, #2671, #682, .T. ) ;
#7110 = AXIS2_PLACEMENT_3D ( 'NONE', #513, #4521, #3369 ) ;
#7111 = CARTESIAN_POINT ( 'NONE',  ( -0.8816504037844365982, 1.527063293868257121, -3.442708333333339255 ) ) ;
#7112 = ORIENTED_EDGE ( 'NONE', *, *, #6789, .F. ) ;
#7113 = CARTESIAN_POINT ( 'NONE',  ( -1.172864355864553979E-16, -0.9577164262227636504, 1.949999999999997735 ) ) ;
#7114 = CARTESIAN_POINT ( 'NONE',  ( -1.017788105676655563, -0.5876202367904191926, 6.979166666666636765 ) ) ;
#7115 = AXIS2_PLACEMENT_3D ( 'NONE', #736, #4716, #6957 ) ;
#7116 = DIRECTION ( 'NONE',  ( 0.000000000000000000, -0.7071067811865473507, 0.7071067811865477948 ) ) ;
#7117 = CARTESIAN_POINT ( 'NONE',  ( 0.5529378364870414231, 0.9577164262227702007, -2.362500000000002043 ) ) ;
#7118 = DIRECTION ( 'NONE',  ( -0.000000000000000000, 0.7071067811865476838, 0.7071067811865474617 ) ) ;
#7119 = CARTESIAN_POINT ( 'NONE',  ( 1.105875672974081736, 3.192336929138065216E-15, 1.218749999999998446 ) ) ;
#7120 = CARTESIAN_POINT ( 'NONE',  ( 0.6785254037844365982, -1.175240473580835721, 0.1041666666666525992 ) ) ;
#7121 = CARTESIAN_POINT ( 'NONE',  ( -0.7357503364870382478, 1.274356964481451415, 0.2296874999999968248 ) ) ;
#7122 = EDGE_LOOP ( 'NONE', ( #3822 ) ) ;
#7123 = CARTESIAN_POINT ( 'NONE',  ( 1.034026860050032193, -0.4416341581190578180, 4.499999999999996447 ) ) ;
#7124 = DIRECTION ( 'NONE',  ( 1.000000000000000000, 0.000000000000000000, 0.000000000000000000 ) ) ;
#7125 = CARTESIAN_POINT ( 'NONE',  ( -1.836970198721029688E-16, -1.500000000000002887, 0.3124999999999827915 ) ) ;
#7126 = CARTESIAN_POINT ( 'NONE',  ( -2.799999999999998490, -5.123475382979804316, 7.999999999999996447 ) ) ;
#7127 = CARTESIAN_POINT ( 'NONE',  ( -1.103625504730557649, -0.6371784822407202675, 1.664062499999998890 ) ) ;
#7128 = APPROVAL_STATUS ( 'not_yet_approved' ) ;
#7129 = CARTESIAN_POINT ( 'NONE',  ( -1.172864355864553979E-16, -0.9577164262227636504, 1.499999999999996891 ) ) ;
#7130 = CARTESIAN_POINT ( 'NONE',  ( 0.000000000000000000, 1.527063293868257121, 1.046874999999982681 ) ) ;
#7131 = CC_DESIGN_DATE_AND_TIME_ASSIGNMENT ( #4702, #5845, ( #2762 ) ) ;
#7132 = B_SPLINE_CURVE_WITH_KNOTS ( 'NONE', 3,
 ( #5929, #5438, #4260, #406 ),
 .UNSPECIFIED., .F., .F.,
 ( 4, 4 ),
 ( 0.000000000000000000, 0.0002889088506456985125 ),
 .UNSPECIFIED. ) ;
#7133 = FACE_OUTER_BOUND ( 'NONE', #4857, .T. ) ;
#7134 = CARTESIAN_POINT ( 'NONE',  ( 1.357050807568874085, -1.105248238233108284E-14, 3.187499999999978684 ) ) ;
#7135 = DIRECTION ( 'NONE',  ( -3.064488108188113379E-16, -1.769283034190819047E-16, -1.000000000000000000 ) ) ;
#7136 = FACE_OUTER_BOUND ( 'NONE', #787, .T. ) ;
#7137 = PERSON_AND_ORGANIZATION ( #6017, #2973 ) ;
#7138 = CARTESIAN_POINT ( 'NONE',  ( -1.870113174931179184E-16, -1.527063293868263338, 6.265624999999972466 ) ) ;
#7139 = CARTESIAN_POINT ( 'NONE',  ( -1.017788105676655563, 0.5876202367904134194, 5.833333333333306392 ) ) ;
#7140 = ORIENTED_EDGE ( 'NONE', *, *, #7013, .T. ) ;
#7141 = FACE_OUTER_BOUND ( 'NONE', #1345, .T. ) ;
#7142 = APPLICATION_CONTEXT ( 'configuration controlled 3d designs of mechanical parts and assemblies' ) ;
#7143 = ORIENTED_EDGE ( 'NONE', *, *, #4542, .T. ) ;
#7144 = CARTESIAN_POINT ( 'NONE',  ( 0.7216878364870319418, -1.249999999999996891, -1.837500000000007017 ) ) ;
#7145 = CARTESIAN_POINT ( 'NONE',  ( -3.000000000000000000, 0.9024128347050763832, -2.033783684603538422 ) ) ;
#7146 = CARTESIAN_POINT ( 'NONE',  ( 0.8660254037844393737, 1.499999999999996447, 1.958333333333317050 ) ) ;
#7147 = CARTESIAN_POINT ( 'NONE',  ( 0.8816504037844361541, -1.527063293868264005, -0.1927083333333459159 ) ) ;
#7148 = ORIENTED_EDGE ( 'NONE', *, *, #4602, .T. ) ;
#7149 = CARTESIAN_POINT ( 'NONE',  ( 1.017788105676656008, 0.5876202367904124202, 7.229166666666637653 ) ) ;
#7150 = CARTESIAN_POINT ( 'NONE',  ( -2.799999999999998490, -5.020458146424486401, 4.171930009000630157 ) ) ;
#7151 = EDGE_CURVE ( 'NONE', #1691, #3462, #2661, .T. ) ;
#7152 = CC_DESIGN_SECURITY_CLASSIFICATION ( #2796, ( #7290 ) ) ;
#7153 = DIRECTION ( 'NONE',  ( 1.000000000000000000, -0.000000000000000000, -0.000000000000000000 ) ) ;
#7154 = CARTESIAN_POINT ( 'NONE',  ( -0.8294067547305612464, 0.4788582131113871543, -1.350000000000002309 ) ) ;
#7155 =( NAMED_UNIT ( * ) PLANE_ANGLE_UNIT ( ) SI_UNIT ( $, .RADIAN. ) );
#7156 = CARTESIAN_POINT ( 'NONE',  ( 0.5616510825356250125, -0.7757375938701589480, -2.954783573777229666 ) ) ;
#7157 = VERTEX_POINT ( 'NONE', #4210 ) ;
#7158 = CARTESIAN_POINT ( 'NONE',  ( 1.357050807568873863, -3.323770530029912691E-15, -1.312500000000011324 ) ) ;
#7159 = CARTESIAN_POINT ( 'NONE',  ( -0.7357503364870382478, 1.274356964481451415, 1.579687499999996803 ) ) ;
#7160 = EDGE_LOOP ( 'NONE', ( #5668, #1136, #4935, #2895 ) ) ;
#7161 = EDGE_CURVE ( 'NONE', #2020, #6571, #288, .T. ) ;
#7162 = LINE ( 'NONE', #3724, #5173 ) ;
#7163 = CARTESIAN_POINT ( 'NONE',  ( 2.866682547644414658, -5.103952732046619367, -7.933317452355589161 ) ) ;
#7164 = CARTESIAN_POINT ( 'NONE',  ( 0.8660254037844379305, -1.500000000000003331, 2.354166666666644758 ) ) ;
#7165 = CARTESIAN_POINT ( 'NONE',  ( -1.017788105676658228, -0.5876202367904146406, -0.5833333333333462489 ) ) ;
#7166 = CARTESIAN_POINT ( 'NONE',  ( -1.103625504730557427, 0.6371784822407274840, 1.589062499999998490 ) ) ;
#7167 = CARTESIAN_POINT ( 'NONE',  ( -1.105875672974081736, 3.522111185318024282E-15, 0.03749999999999760469 ) ) ;
#7168 = CARTESIAN_POINT ( 'NONE',  ( -1.322475605676654897, 0.7635316469341272283, 0.1302083333333181325 ) ) ;
#7169 = CARTESIAN_POINT ( 'NONE',  ( 1.105875672974081736, 3.326994838960764866E-15, -1.481250000000001732 ) ) ;
#7170 = DIRECTION ( 'NONE',  ( 0.000000000000000000, 0.000000000000000000, -1.000000000000000000 ) ) ;
#7171 = CARTESIAN_POINT ( 'NONE',  ( -1.017788105676659116, -0.5876202367904128643, 2.979166666666645646 ) ) ;
#7172 = EDGE_CURVE ( 'NONE', #1138, #2634, #2484, .T. ) ;
#7173 = DIRECTION ( 'NONE',  ( 0.000000000000000000, -1.000000000000000000, 0.000000000000000000 ) ) ;
#7174 = DIRECTION ( 'NONE',  ( -0.4999999999999997224, -0.8660254037844388186, 0.000000000000000000 ) ) ;
#7175 = PERSON_AND_ORGANIZATION_ROLE ( 'design_owner' ) ;
#7176 = CARTESIAN_POINT ( 'NONE',  ( -1.017788105676655563, 0.5876202367904134194, -4.104166666666671404 ) ) ;
#7177 = CARTESIAN_POINT ( 'NONE',  ( 0.6785254037844377084, 1.175240473580829059, 4.708333333333309056 ) ) ;
#7178 = AXIS2_PLACEMENT_3D ( 'NONE', #6060, #426, #2579 ) ;
#7179 = ORIENTED_EDGE ( 'NONE', *, *, #5041, .T. ) ;
#7180 = FACE_OUTER_BOUND ( 'NONE', #3317, .T. ) ;
#7181 = ORIENTED_EDGE ( 'NONE', *, *, #938, .T. ) ;
#7182 = VERTEX_POINT ( 'NONE', #4691 ) ;
#7183 = CARTESIAN_POINT ( 'NONE',  ( 0.7216878364870333851, 1.250000000000003775, -2.137500000000006839 ) ) ;
#7184 = AXIS2_PLACEMENT_3D ( 'NONE', #3660, #3771, #2555 ) ;
#7185 = CARTESIAN_POINT ( 'NONE',  ( 3.000000000000000000, 5.064582904840233546, -7.800000000000002487 ) ) ;
#7186 = CARTESIAN_POINT ( 'NONE',  ( -0.8660254037844383745, 1.499999999999996669, 1.541666666666651198 ) ) ;
#7187 = CARTESIAN_POINT ( 'NONE',  ( -0.8816504037844365982, 1.527063293868257121, -0.9427083333333448056 ) ) ;
#7188 = EDGE_LOOP ( 'NONE', ( #5333, #5383, #3213, #1306 ) ) ;
#7189 = CARTESIAN_POINT ( 'NONE',  ( -1.017788105676655563, -0.5876202367904191926, -2.083333333333343251 ) ) ;
#7190 = CARTESIAN_POINT ( 'NONE',  ( 0.000000000000000000, 1.527063293868257121, 6.046874999999972466 ) ) ;
#7191 = CARTESIAN_POINT ( 'NONE',  ( -2.799999999999998490, 0.000000000000000000, 0.000000000000000000 ) ) ;
#7192 = CARTESIAN_POINT ( 'NONE',  ( 0.8294067547305616905, 0.4788582131113862106, 1.199999999999997069 ) ) ;
#7193 = CARTESIAN_POINT ( 'NONE',  ( -0.8473157484121005556, 1.467593926302968921, 4.499999999999995559 ) ) ;
#7194 = CARTESIAN_POINT ( 'NONE',  ( 1.034026860050032859, 0.4416341581190612597, 3.449999999999995737 ) ) ;
#7195 = CARTESIAN_POINT ( 'NONE',  ( -1.017788105676655563, 0.5876202367904134194, 1.395833333333316606 ) ) ;
#7196 = CARTESIAN_POINT ( 'NONE',  ( -0.9093266739736591830, 0.5250000000000019096, 4.499999999999996447 ) ) ;
#7197 = ORIENTED_EDGE ( 'NONE', *, *, #1059, .F. ) ;
#7198 = DIRECTION ( 'NONE',  ( 1.877893248421450761E-16, 1.000000000000000000, 0.000000000000000000 ) ) ;
#7199 = CARTESIAN_POINT ( 'NONE',  ( -0.8660254037844383745, 1.499999999999996669, 3.604166666666642538 ) ) ;
#7200 = CARTESIAN_POINT ( 'NONE',  ( 1.105875672974081736, 3.237222899078965494E-15, 0.3187499999999983125 ) ) ;
#7201 = CARTESIAN_POINT ( 'NONE',  ( 1.017788105676651789, -0.5876202367904256318, -2.416666666666675400 ) ) ;
#7202 = CARTESIAN_POINT ( 'NONE',  ( 1.471500672974076718, 3.048726288691734555E-15, 2.751562499999998579 ) ) ;
#7203 = CARTESIAN_POINT ( 'NONE',  ( 0.5529378364870414231, 0.9577164262227699787, 2.137499999999997069 ) ) ;
#7204 = CARTESIAN_POINT ( 'NONE',  ( 0.8816504037844374864, 1.527063293868256677, 2.505208333333312165 ) ) ;
#7205 = CARTESIAN_POINT ( 'NONE',  ( -0.8294067547305612464, 0.4788582131113870988, 0.05624999999999814176 ) ) ;
#7206 = CARTESIAN_POINT ( 'NONE',  ( -0.5529378364870412010, -0.9577164262227633174, -1.631250000000001421 ) ) ;
#7207 = AXIS2_PLACEMENT_3D ( 'NONE', #4678, #3489, #6301 ) ;
#7208 = FACE_OUTER_BOUND ( 'NONE', #1344, .T. ) ;
#7209 = FACE_OUTER_BOUND ( 'NONE', #4240, .T. ) ;
#7210 = DIRECTION ( 'NONE',  ( -1.000000000000000000, 0.000000000000000000, -0.000000000000000000 ) ) ;
#7211 = DATE_AND_TIME ( #1022, #6857 ) ;
#7212 = CARTESIAN_POINT ( 'NONE',  ( -0.8816504037844372643, -1.527063293868263116, 6.723958333333306392 ) ) ;
#7213 = CARTESIAN_POINT ( 'NONE',  ( 1.017788105676656008, 0.5876202367904124202, 7.166666666666636765 ) ) ;
#7214 = ORIENTED_EDGE ( 'NONE', *, *, #681, .F. ) ;
#7215 = CARTESIAN_POINT ( 'NONE',  ( 3.000000000000000000, 0.000000000000000000, 0.000000000000000000 ) ) ;
#7216 = CC_DESIGN_APPROVAL ( #3300, ( #2262 ) ) ;
#7217 = EDGE_CURVE ( 'NONE', #2671, #448, #5337, .T. ) ;
#7218 = EDGE_LOOP ( 'NONE', ( #2544, #731, #875, #148 ) ) ;
#7219 = CARTESIAN_POINT ( 'NONE',  ( 1.443375672974064994, 3.166809035508216199E-15, 0.4874999999999928835 ) ) ;
#7220 = ORIENTED_EDGE ( 'NONE', *, *, #764, .F. ) ;
#7221 = CARTESIAN_POINT ( 'NONE',  ( 1.357050807568874085, -8.393429697899798701E-15, -0.8125000000000118794 ) ) ;
#7222 = DIRECTION ( 'NONE',  ( -3.064488108188088727E-16, 1.769283034190776153E-16, 1.000000000000000000 ) ) ;
#7223 = CARTESIAN_POINT ( 'NONE',  ( -0.8660254037844383745, 1.499999999999996669, 1.041666666666652752 ) ) ;
#7224 = AXIS2_PLACEMENT_3D ( 'NONE', #2598, #6480, #4863 ) ;
#7225 = CARTESIAN_POINT ( 'NONE',  ( -1.322475605676655119, 0.7635316469341273393, 0.09895833333331982562 ) ) ;
#7226 = CARTESIAN_POINT ( 'NONE',  ( -1.017788105676655563, 0.5876202367904134194, -1.666666666666677399 ) ) ;
#7227 = CARTESIAN_POINT ( 'NONE',  ( -3.031310039874818660E-16, 1.154700538379251018, 5.495000000000000107 ) ) ;
#7228 = B_SPLINE_CURVE_WITH_KNOTS ( 'NONE', 3,
 ( #547, #1686, #73, #576 ),
 .UNSPECIFIED., .F., .F.,
 ( 4, 4 ),
 ( 0.000000000000000000, 0.0002889088506456982414 ),
 .UNSPECIFIED. ) ;
#7229 = AXIS2_PLACEMENT_3D ( 'NONE', #1093, #1020, #7173 ) ;
#7230 = CARTESIAN_POINT ( 'NONE',  ( -1.082531754730548634, 0.6250000000000038858, -1.518749999999996714 ) ) ;
#7231 = CARTESIAN_POINT ( 'NONE',  ( -0.5529378364870412010, -0.9577164262227633174, 0.1124999999999975880 ) ) ;
#7232 = CARTESIAN_POINT ( 'NONE',  ( 0.000000000000000000, 0.9125000000000036415, -2.999999999999999112 ) ) ;
#7233 = CARTESIAN_POINT ( 'NONE',  ( -0.8294067547305613575, -0.4788582131113799933, 2.831249999999998046 ) ) ;
#7234 = CARTESIAN_POINT ( 'NONE',  ( 0.6785254037844377084, 1.175240473580829059, 3.770833333333312165 ) ) ;
#7235 = DIRECTION ( 'NONE',  ( 0.000000000000000000, 0.000000000000000000, 1.000000000000000000 ) ) ;
#7236 = ORIENTED_EDGE ( 'NONE', *, *, #6343, .F. ) ;
#7237 = AXIS2_PLACEMENT_3D ( 'NONE', #2741, #7210, #574 ) ;
#7238 = CARTESIAN_POINT ( 'NONE',  ( 0.9999999999999993339, 0.2034012310318557282, 6.495312263244133355 ) ) ;
#7239 = CARTESIAN_POINT ( 'NONE',  ( -0.8660254037844383745, 1.499999999999996669, 1.604166666666646979 ) ) ;
#7240 = CARTESIAN_POINT ( 'NONE',  ( -0.5529378364870407569, 0.9577164262227703118, 0.4687499999999981681 ) ) ;
#7241 = CARTESIAN_POINT ( 'NONE',  ( 1.017788105676651789, -0.5876202367904258539, -1.916666666666676733 ) ) ;
#7242 = CARTESIAN_POINT ( 'NONE',  ( 1.471500672974076718, 3.071169273662184497E-15, 2.301562499999998845 ) ) ;
#7243 = CARTESIAN_POINT ( 'NONE',  ( 0.8294067547305616905, 0.4788582131113861551, 2.099999999999997868 ) ) ;
#7244 = CARTESIAN_POINT ( 'NONE',  ( -0.8816504037844370423, -1.527063293868262894, 1.255208333333315718 ) ) ;
#7245 = EDGE_CURVE ( 'NONE', #3852, #1067, #5978, .T. ) ;
#7246 = ADVANCED_FACE ( 'NONE', ( #2574 ), #1111, .F. ) ;
#7247 = CARTESIAN_POINT ( 'NONE',  ( -0.8294067547305613575, -0.4788582131113798268, -0.3187500000000017542 ) ) ;
#7248 = CARTESIAN_POINT ( 'NONE',  ( -1.299038105676658006, 0.7499999999999971134, -3.854166666666674956 ) ) ;
#7249 = DIRECTION ( 'NONE',  ( -1.000000000000000000, -0.000000000000000000, -0.000000000000000000 ) ) ;
#7250 = CARTESIAN_POINT ( 'NONE',  ( 3.818474536777034493E-15, -1.049999999999999156, 4.499999999999996447 ) ) ;
#7251 = COORDINATED_UNIVERSAL_TIME_OFFSET ( 6, 0, .BEHIND. ) ;
#7252 = CARTESIAN_POINT ( 'NONE',  ( -1.322475605676655119, -0.7635316469341328904, 6.182291666666639429 ) ) ;
#7253 = CARTESIAN_POINT ( 'NONE',  ( 1.105875672974081736, 3.127813347348022816E-15, 2.512499999999997513 ) ) ;
#7254 = CARTESIAN_POINT ( 'NONE',  ( -1.017788105676655563, 0.5876202367904134194, 4.833333333333309056 ) ) ;
#7255 = EDGE_LOOP ( 'NONE', ( #4788 ) ) ;
#7256 = CARTESIAN_POINT ( 'NONE',  ( -3.000000000000000000, -5.020458146424486401, 4.171930009000630157 ) ) ;
#7257 = EDGE_LOOP ( 'NONE', ( #3832 ) ) ;
#7258 = CARTESIAN_POINT ( 'NONE',  ( -1.530808498934192310E-16, -1.249999999999996891, -0.5250000000000071276 ) ) ;
#7259 = CARTESIAN_POINT ( 'NONE',  ( 1.357050807568874085, -7.063903355684157421E-15, -2.812500000000007994 ) ) ;
#7260 = CARTESIAN_POINT ( 'NONE',  ( 3.000000000000000000, 5.123475382979792769, -7.800000000000002487 ) ) ;
#7261 = EDGE_LOOP ( 'NONE', ( #4526 ) ) ;
#7263 = CARTESIAN_POINT ( 'NONE',  ( -1.299038105676658006, -0.7500000000000026645, -1.833333333333341031 ) ) ;
#7262 = PRODUCT_DEFINITION_SHAPE ( 'NONE', 'NONE',  #7288 ) ;
#7264 = CARTESIAN_POINT ( 'NONE',  ( 1.322475605676654675, -0.7635316469341338896, 0.3489583333333191595 ) ) ;
#7265 = CARTESIAN_POINT ( 'NONE',  ( 1.357050807568873863, -3.323770530029912691E-15, -2.375000000000009326 ) ) ;
#7266 = LINE ( 'NONE', #45, #50 ) ;
#7267 = LINE ( 'NONE', #4462, #1061 ) ;
#7268 = CARTESIAN_POINT ( 'NONE',  ( -0.8294067547305613575, -0.4788582131113798268, 0.07499999999999737432 ) ) ;
#7269 = EDGE_CURVE ( 'NONE', #6708, #6708, #5932, .T. ) ;
#7270 = LINE ( 'NONE', #2214, #3575 ) ;
#7271 = CARTESIAN_POINT ( 'NONE',  ( 1.017788105676656008, 0.5876202367904124202, 3.229166666666645646 ) ) ;
#7272 = CARTESIAN_POINT ( 'NONE',  ( -2.866169322782477380, 0.9310142720214914513, -1.873119963137370059 ) ) ;
#7273 = CARTESIAN_POINT ( 'NONE',  ( -1.082531754730548634, 0.6250000000000035527, 2.981250000000002398 ) ) ;
#7274 = CARTESIAN_POINT ( 'NONE',  ( 0.8660254037844393737, 1.499999999999996669, 3.020833333333310833 ) ) ;
#7275 = CARTESIAN_POINT ( 'NONE',  ( -0.8294067547305612464, 0.4788582131113870988, -0.3937500000000017097 ) ) ;
#7276 = CARTESIAN_POINT ( 'NONE',  ( -0.6785254037844474784, -1.175240473580829725, -0.5416666666666798413 ) ) ;
#7277 = CARTESIAN_POINT ( 'NONE',  ( 0.000000000000000000, 1.274356964481451415, 3.314062499999998579 ) ) ;
#7278 = CARTESIAN_POINT ( 'NONE',  ( -1.471500672974076718, 3.710717617052331407E-15, -3.295312500000002753 ) ) ;
#7279 = CARTESIAN_POINT ( 'NONE',  ( 0.8816504037844360431, -1.527063293868263560, 0.8385416666666499763 ) ) ;
#7280 = CARTESIAN_POINT ( 'NONE',  ( 0.5529378364870405349, -0.9577164262227636504, -0.2062500000000015432 ) ) ;
#7281 = CARTESIAN_POINT ( 'NONE',  ( 3.000000000000000000, 0.000000000000000000, 0.000000000000000000 ) ) ;
#7282 = DIRECTION ( 'NONE',  ( 1.000000000000000000, -0.000000000000000000, -0.000000000000000000 ) ) ;
#7283 = CARTESIAN_POINT ( 'NONE',  ( -2.799999999999998490, 5.123475382979792769, -8.000000000000003553 ) ) ;
#7284 = APPROVAL_DATE_TIME ( #5036, #6362 ) ;
#7285 = CARTESIAN_POINT ( 'NONE',  ( 0.8294067547305610244, -0.4788582131113806040, 2.924999999999997158 ) ) ;
#7286 = ORIENTED_EDGE ( 'NONE', *, *, #6788, .T. ) ;
#7287 = NEXT_ASSEMBLY_USAGE_OCCURRENCE ( 'NAUO1', ' ', ' ', #2083, #2762, $ ) ;
#7288 = NEXT_ASSEMBLY_USAGE_OCCURRENCE ( 'NAUO2', ' ', ' ', #2083, #1371, $ ) ;
#7289 = NEXT_ASSEMBLY_USAGE_OCCURRENCE ( 'NAUO3', ' ', ' ', #2083, #1371, $ ) ;
#7290 = NEXT_ASSEMBLY_USAGE_OCCURRENCE ( 'NAUO4', ' ', ' ', #2083, #690, $ ) ;
ENDSEC;
END-ISO-10303-21;
