ISO-10303-21;
HEADER;
FILE_DESCRIPTION (( 'STEP AP203' ),
    '1' );
FILE_NAME ('RR FlexWheel-1.25.STEP',
    '2026-05-08T17:48:20',
    ( '' ),
    ( '' ),
    'SwSTEP 2.0',
    'SolidWorks 2026',
    '' );
FILE_SCHEMA (( 'CONFIG_CONTROL_DESIGN' ));
ENDSEC;

DATA;
#1 = CARTESIAN_POINT ( 'NONE',  ( -5.239544451416086268, 9.799871121919094819, -8.399871121919083805 ) ) ;
#2 = ADVANCED_FACE ( 'NONE', ( #354, #676 ), #1094, .F. ) ;
#3 = PLANE ( 'NONE',  #622 ) ;
#4 = CARTESIAN_POINT ( 'NONE',  ( 8.599999999999997868, 10.00000000000000000, -5.296225070746163333 ) ) ;
#5 = EDGE_CURVE ( 'NONE', #1126, #83, #99, .T. ) ;
#6 = LINE ( 'NONE', #664, #696 ) ;
#7 = ORIENTED_EDGE ( 'NONE', *, *, #136, .T. ) ;
#8 = AXIS2_PLACEMENT_3D ( 'NONE', #60, #931, #1352 ) ;
#9 = DIRECTION ( 'NONE',  ( 0.000000000000000000, 0.000000000000000000, 1.000000000000000000 ) ) ;
#10 = ORIENTED_EDGE ( 'NONE', *, *, #1051, .T. ) ;
#11 = PLANE ( 'NONE',  #186 ) ;
#12 = VECTOR ( 'NONE', #611, 1000.000000000000000 ) ;
#13 = ADVANCED_FACE ( 'NONE', ( #786 ), #555, .T. ) ;
#14 = CARTESIAN_POINT ( 'NONE',  ( 5.572252686302011426, 0.000000000000000000, -9.600000000000004974 ) ) ;
#15 = AXIS2_PLACEMENT_3D ( 'NONE', #750, #844, #643 ) ;
#16 = ORIENTED_EDGE ( 'NONE', *, *, #1240, .T. ) ;
#17 = APPLICATION_PROTOCOL_DEFINITION ( 'international standard', 'config_control_design', 1994, #19 ) ;
#18 = CARTESIAN_POINT ( 'NONE',  ( 5.123475382979799875, 9.400000000000000355, -8.000000000000000000 ) ) ;
#19 = APPLICATION_CONTEXT ( 'configuration controlled 3d designs of mechanical parts and assemblies' ) ;
#20 = DIRECTION ( 'NONE',  ( -1.556572874235575978E-16, 0.000000000000000000, 1.000000000000000000 ) ) ;
#21 = FACE_OUTER_BOUND ( 'NONE', #1370, .T. ) ;
#22 = DIRECTION ( 'NONE',  ( 0.000000000000000000, 0.000000000000000000, 1.000000000000000000 ) ) ;
#23 = ORIENTED_EDGE ( 'NONE', *, *, #756, .F. ) ;
#24 = APPROVAL_DATE_TIME ( #561, #389 ) ;
#25 = ORIENTED_EDGE ( 'NONE', *, *, #894, .T. ) ;
#26 = CARTESIAN_POINT ( 'NONE',  ( -5.123475382979799875, 4.000000000000000000, 8.000000000000000000 ) ) ;
#27 = VERTEX_POINT ( 'NONE', #429 ) ;
#28 = DIRECTION ( 'NONE',  ( 0.000000000000000000, 1.000000000000000000, 0.000000000000000000 ) ) ;
#29 = CYLINDRICAL_SURFACE ( 'NONE', #1056, 11.10000000000000142 ) ;
#30 = ADVANCED_FACE ( 'NONE', ( #1103 ), #541, .F. ) ;
#31 = ORIENTED_EDGE ( 'NONE', *, *, #1283, .T. ) ;
#32 = CALENDAR_DATE ( 2026, 8, 5 ) ;
#33 = ADVANCED_FACE ( 'NONE', ( #864, #441, #770, #1284, #981, #449 ), #1306, .F. ) ;
#34 = VECTOR ( 'NONE', #957, 1000.000000000000000 ) ;
#35 = ADVANCED_FACE ( 'NONE', ( #1004 ), #3, .F. ) ;
#36 = FACE_OUTER_BOUND ( 'NONE', #960, .T. ) ;
#37 = DIRECTION ( 'NONE',  ( -0.000000000000000000, -0.000000000000000000, 1.000000000000000000 ) ) ;
#38 = VECTOR ( 'NONE', #712, 1000.000000000000000 ) ;
#39 = AXIS2_PLACEMENT_3D ( 'NONE', #1369, #411, #425 ) ;
#40 = VERTEX_POINT ( 'NONE', #655 ) ;
#41 = CIRCLE ( 'NONE', #557, 1.499999999999999556 ) ;
#42 = ADVANCED_FACE ( 'NONE', ( #668 ), #256, .F. ) ;
#43 = CARTESIAN_POINT ( 'NONE',  ( 5.296225070746160668, 10.00000000000000000, 8.599999999999999645 ) ) ;
#44 = DIRECTION ( 'NONE',  ( 0.000000000000000000, 1.000000000000000000, 0.000000000000000000 ) ) ;
#45 = CARTESIAN_POINT ( 'NONE',  ( 0.000000000000000000, 10.00000000000000000, 0.000000000000000000 ) ) ;
#46 = FACE_OUTER_BOUND ( 'NONE', #705, .T. ) ;
#47 = EDGE_CURVE ( 'NONE', #1327, #1327, #598, .T. ) ;
#48 = CARTESIAN_POINT ( 'NONE',  ( 8.599999999999997868, 10.00000000000000000, 5.123475382979802539 ) ) ;
#49 = DIRECTION ( 'NONE',  ( 0.000000000000000000, 0.000000000000000000, 1.000000000000000000 ) ) ;
#50 = ORIENTED_EDGE ( 'NONE', *, *, #296, .F. ) ;
#51 = CARTESIAN_POINT ( 'NONE',  ( 5.239544451416086268, 9.799871121919094819, 8.399871121919083805 ) ) ;
#52 = PRODUCT_DEFINITION_FORMATION_WITH_SPECIFIED_SOURCE ( 'ANY', '', #807, .NOT_KNOWN. ) ;
#53 = CARTESIAN_POINT ( 'NONE',  ( 4.490128060534576804, 4.000000000000000000, 4.490128060534575916 ) ) ;
#54 = ADVANCED_FACE ( 'NONE', ( #586, #912 ), #907, .F. ) ;
#55 = CARTESIAN_POINT ( 'NONE',  ( -5.296225070746160668, 10.00000000000000000, 8.599999999999988987 ) ) ;
#56 = CIRCLE ( 'NONE', #400, 11.09999999999999964 ) ;
#57 = ORIENTED_EDGE ( 'NONE', *, *, #938, .T. ) ;
#58 = FACE_OUTER_BOUND ( 'NONE', #1212, .T. ) ;
#59 = VERTEX_POINT ( 'NONE', #492 ) ;
#60 = CARTESIAN_POINT ( 'NONE',  ( 0.000000000000000000, 1.000000000000000888, 0.000000000000000000 ) ) ;
#61 = APPLICATION_CONTEXT ( 'configuration controlled 3d designs of mechanical parts and assemblies' ) ;
#62 = CYLINDRICAL_SURFACE ( 'NONE', #510, 1.499999999999999556 ) ;
#63 = ORIENTED_EDGE ( 'NONE', *, *, #707, .T. ) ;
#64 = DIRECTION ( 'NONE',  ( 0.000000000000000000, 0.000000000000000000, 1.000000000000000000 ) ) ;
#65 = ORIENTED_EDGE ( 'NONE', *, *, #653, .F. ) ;
#66 = DIRECTION ( 'NONE',  ( 0.000000000000000000, 1.000000000000000000, 0.000000000000000000 ) ) ;
#67 = DIRECTION ( 'NONE',  ( -0.000000000000000000, -1.000000000000000000, -0.000000000000000000 ) ) ;
#68 = EDGE_CURVE ( 'NONE', #1199, #1361, #163, .T. ) ;
#69 = ORIENTED_EDGE ( 'NONE', *, *, #261, .F. ) ;
#70 = EDGE_CURVE ( 'NONE', #1255, #840, #375, .T. ) ;
#71 = FACE_OUTER_BOUND ( 'NONE', #560, .T. ) ;
#72 = EDGE_LOOP ( 'NONE', ( #1238, #826, #742, #118 ) ) ;
#73 = DIRECTION ( 'NONE',  ( 0.000000000000000000, 1.000000000000000000, 0.000000000000000000 ) ) ;
#74 = VECTOR ( 'NONE', #28, 1000.000000000000000 ) ;
#75 = DIRECTION ( 'NONE',  ( -0.000000000000000000, 1.000000000000000000, -0.000000000000000000 ) ) ;
#76 = VERTEX_POINT ( 'NONE', #794 ) ;
#77 = AXIS2_PLACEMENT_3D ( 'NONE', #1393, #752, #545 ) ;
#78 = CARTESIAN_POINT ( 'NONE',  ( 0.000000000000000000, 10.00000000000000000, 0.000000000000000000 ) ) ;
#79 = VERTEX_POINT ( 'NONE', #1217 ) ;
#80 = CARTESIAN_POINT ( 'NONE',  ( 0.000000000000000000, 0.000000000000000000, 0.000000000000000000 ) ) ;
#81 = CIRCLE ( 'NONE', #1388, 9.500000000000000000 ) ;
#82 = DIRECTION ( 'NONE',  ( 0.000000000000000000, 0.000000000000000000, 1.000000000000000000 ) ) ;
#83 = VERTEX_POINT ( 'NONE', #366 ) ;
#84 = DIRECTION ( 'NONE',  ( 1.776356839400250465E-15, 0.000000000000000000, 1.000000000000000000 ) ) ;
#85 = ORIENTED_EDGE ( 'NONE', *, *, #1277, .F. ) ;
#86 = DIRECTION ( 'NONE',  ( 1.556572874235575978E-16, 0.000000000000000000, -1.000000000000000000 ) ) ;
#87 = EDGE_CURVE ( 'NONE', #745, #694, #1246, .T. ) ;
#88 = LINE ( 'NONE', #867, #285 ) ;
#89 = EDGE_LOOP ( 'NONE', ( #390, #672, #1250, #895 ) ) ;
#90 = DIRECTION ( 'NONE',  ( 0.000000000000000000, 1.000000000000000000, 0.000000000000000000 ) ) ;
#91 = EDGE_LOOP ( 'NONE', ( #290 ) ) ;
#92 = PLANE ( 'NONE',  #526 ) ;
#93 = CARTESIAN_POINT ( 'NONE',  ( 7.999999999999998224, 9.400000000000000355, 5.123475382979802539 ) ) ;
#94 = ADVANCED_FACE ( 'NONE', ( #491 ), #1033, .F. ) ;
#95 = EDGE_LOOP ( 'NONE', ( #585 ) ) ;
#96 = CARTESIAN_POINT ( 'NONE',  ( -5.123475382979799875, 9.400000000000000355, 8.000000000000000000 ) ) ;
#97 = AXIS2_PLACEMENT_3D ( 'NONE', #569, #408, #858 ) ;
#98 = VECTOR ( 'NONE', #174, 1000.000000000000000 ) ;
#99 = LINE ( 'NONE', #108, #971 ) ;
#100 = CARTESIAN_POINT ( 'NONE',  ( -5.572252686302013203, 37.15290039756342821, -9.599999999999999645 ) ) ;
#101 = VECTOR ( 'NONE', #315, 1000.000000000000000 ) ;
#102 = CIRCLE ( 'NONE', #534, 11.10000000000000142 ) ;
#103 = CARTESIAN_POINT ( 'NONE',  ( -9.600000000000003197, 10.00000000000000178, 5.572252686302007874 ) ) ;
#104 = EDGE_CURVE ( 'NONE', #1027, #1148, #701, .T. ) ;
#105 = ORIENTED_EDGE ( 'NONE', *, *, #261, .T. ) ;
#106 = ADVANCED_FACE ( 'NONE', ( #58 ), #1350, .F. ) ;
#107 = CARTESIAN_POINT ( 'NONE',  ( -4.490128060534575027, 0.000000000000000000, 4.490128060534576804 ) ) ;
#108 = CARTESIAN_POINT ( 'NONE',  ( -5.572252686302015867, 10.00000000000000178, 9.599999999999999645 ) ) ;
#109 = DIRECTION ( 'NONE',  ( 0.000000000000000000, 1.000000000000000000, 0.000000000000000000 ) ) ;
#110 = CYLINDRICAL_SURFACE ( 'NONE', #1295, 9.500000000000000000 ) ;
#111 = ORIENTED_EDGE ( 'NONE', *, *, #788, .T. ) ;
#112 = EDGE_CURVE ( 'NONE', #524, #338, #876, .T. ) ;
#113 = FACE_OUTER_BOUND ( 'NONE', #956, .T. ) ;
#114 = ADVANCED_FACE ( 'NONE', ( #1276, #71 ), #991, .T. ) ;
#115 = ORIENTED_EDGE ( 'NONE', *, *, #5, .F. ) ;
#116 = CARTESIAN_POINT ( 'NONE',  ( -5.572252686302016755, -38.46660889654818760, 9.599999999999999645 ) ) ;
#117 = DIRECTION ( 'NONE',  ( 0.000000000000000000, 0.000000000000000000, 1.000000000000000000 ) ) ;
#118 = ORIENTED_EDGE ( 'NONE', *, *, #175, .F. ) ;
#119 = LOCAL_TIME ( 12, 48, 20.00000000000000000, #349 ) ;
#120 = APPLICATION_PROTOCOL_DEFINITION ( 'international standard', 'config_control_design', 1994, #61 ) ;
#121 = DIRECTION ( 'NONE',  ( -1.000000000000000000, 0.000000000000000000, 0.000000000000000000 ) ) ;
#122 = AXIS2_PLACEMENT_3D ( 'NONE', #929, #823, #1028 ) ;
#123 = VERTEX_POINT ( 'NONE', #178 ) ;
#124 = CARTESIAN_POINT ( 'NONE',  ( 9.599999999999999645, 10.00000000000000178, 5.572252686302016755 ) ) ;
#125 = CARTESIAN_POINT ( 'NONE',  ( -5.572252686302013203, 0.000000000000000000, -9.599999999999999645 ) ) ;
#126 = VECTOR ( 'NONE', #1198, 1000.000000000000000 ) ;
#127 = ORIENTED_EDGE ( 'NONE', *, *, #47, .F. ) ;
#128 = AXIS2_PLACEMENT_3D ( 'NONE', #479, #66, #167 ) ;
#129 = CALENDAR_DATE ( 2026, 8, 5 ) ;
#130 = ORIENTED_EDGE ( 'NONE', *, *, #909, .T. ) ;
#131 = CARTESIAN_POINT ( 'NONE',  ( 5.572252686302010538, 10.00000000000000178, -9.600000000000003197 ) ) ;
#132 = DIRECTION ( 'NONE',  ( 1.000000000000000000, -0.000000000000000000, 1.556572874235575978E-16 ) ) ;
#133 = DIRECTION ( 'NONE',  ( 0.000000000000000000, 0.000000000000000000, 1.000000000000000000 ) ) ;
#134 = EDGE_CURVE ( 'NONE', #1235, #1235, #808, .T. ) ;
#135 = DIRECTION ( 'NONE',  ( 0.000000000000000000, 0.000000000000000000, -1.000000000000000000 ) ) ;
#136 = EDGE_CURVE ( 'NONE', #1361, #751, #465, .T. ) ;
#137 = EDGE_LOOP ( 'NONE', ( #115, #748, #205, #954 ) ) ;
#138 = ORIENTED_EDGE ( 'NONE', *, *, #1194, .T. ) ;
#139 = DIRECTION ( 'NONE',  ( -4.669718622706729412E-16, 0.000000000000000000, -1.000000000000000000 ) ) ;
#140 = CARTESIAN_POINT ( 'NONE',  ( 5.572252686302010538, 0.000000000000000000, -9.600000000000003197 ) ) ;
#141 = DIRECTION ( 'NONE',  ( -0.000000000000000000, -1.000000000000000000, -0.000000000000000000 ) ) ;
#142 = EDGE_LOOP ( 'NONE', ( #900, #868, #710, #197 ) ) ;
#143 = EDGE_CURVE ( 'NONE', #683, #683, #922, .T. ) ;
#144 = ORIENTED_EDGE ( 'NONE', *, *, #320, .T. ) ;
#145 = LOCAL_TIME ( 12, 48, 20.00000000000000000, #568 ) ;
#146 = VERTEX_POINT ( 'NONE', #1134 ) ;
#147 = DIRECTION ( 'NONE',  ( 1.000000000000000000, -0.000000000000000000, 1.556572874235575731E-16 ) ) ;
#148 = VECTOR ( 'NONE', #827, 1000.000000000000000 ) ;
#149 = AXIS2_PLACEMENT_3D ( 'NONE', #204, #324, #974 ) ;
#150 = EDGE_LOOP ( 'NONE', ( #593 ) ) ;
#151 = VECTOR ( 'NONE', #812, 1000.000000000000000 ) ;
#152 = ADVANCED_FACE ( 'NONE', ( #740, #1365 ), #302, .T. ) ;
#153 = CARTESIAN_POINT ( 'NONE',  ( 7.999999999999998224, 4.000000000000000000, -5.123475382979802539 ) ) ;
#154 = DIRECTION ( 'NONE',  ( 0.000000000000000000, 1.000000000000000000, 0.000000000000000000 ) ) ;
#155 = CARTESIAN_POINT ( 'NONE',  ( -4.490128060534575027, 0.000000000000000000, 4.490128060534576804 ) ) ;
#156 = ORIENTED_EDGE ( 'NONE', *, *, #1187, .F. ) ;
#157 = CARTESIAN_POINT ( 'NONE',  ( 0.000000000000000000, 0.000000000000000000, 0.000000000000000000 ) ) ;
#158 = CARTESIAN_POINT ( 'NONE',  ( 9.599999999999999645, 0.000000000000000000, 5.572252686302017644 ) ) ;
#159 = EDGE_CURVE ( 'NONE', #862, #79, #1256, .T. ) ;
#160 = DIRECTION ( 'NONE',  ( 0.000000000000000000, 1.000000000000000000, 0.000000000000000000 ) ) ;
#161 = CARTESIAN_POINT ( 'NONE',  ( 7.999999999999998224, 4.000000000000000000, 0.000000000000000000 ) ) ;
#162 = ORIENTED_EDGE ( 'NONE', *, *, #874, .T. ) ;
#163 = LINE ( 'NONE', #1020, #1385 ) ;
#164 = VERTEX_POINT ( 'NONE', #692 ) ;
#165 = AXIS2_PLACEMENT_3D ( 'NONE', #1387, #1155, #851 ) ;
#166 = AXIS2_PLACEMENT_3D ( 'NONE', #1183, #216, #649 ) ;
#167 = DIRECTION ( 'NONE',  ( 0.000000000000000000, 0.000000000000000000, 1.000000000000000000 ) ) ;
#168 = CARTESIAN_POINT ( 'NONE',  ( 5.572252686302012314, 37.15290039756342821, 9.600000000000001421 ) ) ;
#169 = VECTOR ( 'NONE', #1343, 1000.000000000000000 ) ;
#170 = ORIENTED_EDGE ( 'NONE', *, *, #1304, .F. ) ;
#171 = CARTESIAN_POINT ( 'NONE',  ( 5.572252686302010538, 37.15290039756342821, -9.600000000000003197 ) ) ;
#172 = CARTESIAN_POINT ( 'NONE',  ( 0.000000000000000000, 10.00000000000000000, 0.000000000000000000 ) ) ;
#173 = EDGE_CURVE ( 'NONE', #646, #1397, #828, .T. ) ;
#174 = DIRECTION ( 'NONE',  ( -0.000000000000000000, 1.000000000000000000, -0.000000000000000000 ) ) ;
#175 = EDGE_CURVE ( 'NONE', #1196, #420, #937, .T. ) ;
#176 = ORIENTED_EDGE ( 'NONE', *, *, #539, .F. ) ;
#177 = CC_DESIGN_PERSON_AND_ORGANIZATION_ASSIGNMENT ( #222, #891, ( #573 ) ) ;
#178 = CARTESIAN_POINT ( 'NONE',  ( 8.599999999999997868, 10.00000000000000000, -5.296225070746163333 ) ) ;
#179 = EDGE_LOOP ( 'NONE', ( #776, #446, #138, #1287 ) ) ;
#180 = DIRECTION ( 'NONE',  ( 0.000000000000000000, 0.000000000000000000, 1.000000000000000000 ) ) ;
#181 = CYLINDRICAL_SURFACE ( 'NONE', #191, 11.09999999999999964 ) ;
#182 = EDGE_CURVE ( 'NONE', #694, #260, #198, .T. ) ;
#183 = ORIENTED_EDGE ( 'NONE', *, *, #1059, .F. ) ;
#184 = CARTESIAN_POINT ( 'NONE',  ( -5.572252686302013203, -38.46660889654818760, -9.599999999999999645 ) ) ;
#185 = EDGE_LOOP ( 'NONE', ( #1157, #1275, #818, #948 ) ) ;
#186 = AXIS2_PLACEMENT_3D ( 'NONE', #116, #663, #1104 ) ;
#187 = DIRECTION ( 'NONE',  ( 0.000000000000000000, 1.000000000000000000, 0.000000000000000000 ) ) ;
#188 = CARTESIAN_POINT ( 'NONE',  ( 9.600000000000001421, 10.00000000000000178, -5.572252686302012314 ) ) ;
#189 = B_SPLINE_CURVE_WITH_KNOTS ( 'NONE', 3,
 ( #442, #882, #565, #1204 ),
 .UNSPECIFIED., .F., .F.,
 ( 4, 4 ),
 ( 0.000000000000000000, 0.0008659344401416200435 ),
 .UNSPECIFIED. ) ;
#190 = ORIENTED_EDGE ( 'NONE', *, *, #68, .F. ) ;
#191 = AXIS2_PLACEMENT_3D ( 'NONE', #378, #1036, #1244 ) ;
#192 = CARTESIAN_POINT ( 'NONE',  ( 9.599999999999999645, 37.15290039756342821, 5.572252686302016755 ) ) ;
#193 = EDGE_CURVE ( 'NONE', #524, #773, #331, .T. ) ;
#194 = ORIENTED_EDGE ( 'NONE', *, *, #104, .F. ) ;
#195 = CARTESIAN_POINT ( 'NONE',  ( -5.572252686302016755, 10.00000000000000000, 9.600000000000001421 ) ) ;
#196 = DIRECTION ( 'NONE',  ( 0.000000000000000000, 1.000000000000000000, 0.000000000000000000 ) ) ;
#197 = ORIENTED_EDGE ( 'NONE', *, *, #1078, .T. ) ;
#198 = LINE ( 'NONE', #184, #1118 ) ;
#199 = EDGE_CURVE ( 'NONE', #413, #338, #525, .T. ) ;
#200 = ORIENTED_EDGE ( 'NONE', *, *, #1175, .F. ) ;
#201 = CARTESIAN_POINT ( 'NONE',  ( 0.000000000000000000, 0.000000000000000000, 0.000000000000000000 ) ) ;
#202 = CARTESIAN_POINT ( 'NONE',  ( 8.599999999999997868, 10.00000000000000000, 5.296225070746163333 ) ) ;
#203 = ORIENTED_EDGE ( 'NONE', *, *, #199, .T. ) ;
#204 = CARTESIAN_POINT ( 'NONE',  ( 0.000000000000000000, 4.000000000000000000, 8.000000000000000000 ) ) ;
#205 = ORIENTED_EDGE ( 'NONE', *, *, #741, .T. ) ;
#206 = CARTESIAN_POINT ( 'NONE',  ( -5.572252686302016755, 10.00000000000000178, 9.599999999999999645 ) ) ;
#207 = EDGE_CURVE ( 'NONE', #236, #1329, #1292, .T. ) ;
#208 = VECTOR ( 'NONE', #1258, 1000.000000000000000 ) ;
#209 = DIRECTION ( 'NONE',  ( 1.556572874235575978E-16, 0.000000000000000000, -1.000000000000000000 ) ) ;
#210 = EDGE_CURVE ( 'NONE', #338, #727, #1065, .T. ) ;
#211 = ORIENTED_EDGE ( 'NONE', *, *, #405, .F. ) ;
#212 = CARTESIAN_POINT ( 'NONE',  ( -5.181989809824538717, 9.599864816992033312, -8.199864816992032956 ) ) ;
#213 = AXIS2_PLACEMENT_3D ( 'NONE', #1169, #1376, #618 ) ;
#214 = VECTOR ( 'NONE', #853, 1000.000000000000000 ) ;
#215 = EDGE_LOOP ( 'NONE', ( #725 ) ) ;
#216 = DIRECTION ( 'NONE',  ( -0.000000000000000000, 1.000000000000000000, -0.000000000000000000 ) ) ;
#217 = AXIS2_PLACEMENT_3D ( 'NONE', #276, #1346, #369 ) ;
#218 = PLANE ( 'NONE',  #1249 ) ;
#219 = ADVANCED_FACE ( 'NONE', ( #414, #961 ), #1141, .T. ) ;
#220 = EDGE_LOOP ( 'NONE', ( #439, #762, #1367, #380 ) ) ;
#221 = EDGE_CURVE ( 'NONE', #262, #260, #836, .T. ) ;
#222 = PERSON_AND_ORGANIZATION ( #699, #1071 ) ;
#223 = CARTESIAN_POINT ( 'NONE',  ( 5.572252686302011426, 10.00000000000000000, -9.600000000000004974 ) ) ;
#224 = DIRECTION ( 'NONE',  ( 0.000000000000000000, 0.000000000000000000, -1.000000000000000000 ) ) ;
#225 = CARTESIAN_POINT ( 'NONE',  ( 8.399871121919082029, 9.799871121919094819, -5.239544451416088933 ) ) ;
#226 = CARTESIAN_POINT ( 'NONE',  ( 0.000000000000000000, 37.15290039756342821, 0.000000000000000000 ) ) ;
#227 = VERTEX_POINT ( 'NONE', #1050 ) ;
#228 = DIRECTION ( 'NONE',  ( 1.556572874235575731E-16, 0.000000000000000000, -1.000000000000000000 ) ) ;
#229 = ORIENTED_EDGE ( 'NONE', *, *, #87, .F. ) ;
#230 = CARTESIAN_POINT ( 'NONE',  ( -5.572252686302013203, 37.15290039756342821, -9.599999999999999645 ) ) ;
#231 = CARTESIAN_POINT ( 'NONE',  ( 7.999999999999998224, 4.000000000000000000, -5.123475382979802539 ) ) ;
#232 = VERTEX_POINT ( 'NONE', #513 ) ;
#233 = CIRCLE ( 'NONE', #1070, 11.09999999999999964 ) ;
#234 = CC_DESIGN_APPROVAL ( #389, ( #52 ) ) ;
#235 = APPROVAL_STATUS ( 'not_yet_approved' ) ;
#236 = VERTEX_POINT ( 'NONE', #955 ) ;
#237 = CARTESIAN_POINT ( 'NONE',  ( 9.600000000000001421, 0.000000000000000000, -5.572252686302012314 ) ) ;
#238 = CLOSED_SHELL ( 'NONE', ( #687, #30, #514, #1042, #1135, #679, #1178, #576, #33, #601, #268, #1340, #13, #428, #615, #644, #805, #395, #434, #445, #2, #387, #796, #531, #340, #35, #1144, #412, #767, #1328, #464, #1260 ) ) ;
#239 = ORIENTED_EDGE ( 'NONE', *, *, #724, .F. ) ;
#240 = CARTESIAN_POINT ( 'NONE',  ( -5.296225070746160668, 10.00000000000000000, 8.599999999999988987 ) ) ;
#241 = EDGE_CURVE ( 'NONE', #401, #1255, #394, .T. ) ;
#242 = AXIS2_PLACEMENT_3D ( 'NONE', #321, #650, #1265 ) ;
#243 = CARTESIAN_POINT ( 'NONE',  ( -5.572252686302013203, 0.000000000000000000, -9.599999999999999645 ) ) ;
#244 = CIRCLE ( 'NONE', #789, 11.10000000000000142 ) ;
#245 = EDGE_LOOP ( 'NONE', ( #278, #1391, #890, #877 ) ) ;
#246 = VECTOR ( 'NONE', #1035, 1000.000000000000000 ) ;
#247 = CALENDAR_DATE ( 2026, 8, 5 ) ;
#248 = ORIENTED_EDGE ( 'NONE', *, *, #112, .T. ) ;
#249 = FACE_OUTER_BOUND ( 'NONE', #284, .T. ) ;
#250 = ORIENTED_EDGE ( 'NONE', *, *, #280, .F. ) ;
#251 = CARTESIAN_POINT ( 'NONE',  ( 0.000000000000000000, 0.000000000000000000, 0.000000000000000000 ) ) ;
#252 = EDGE_CURVE ( 'NONE', #1329, #1349, #297, .T. ) ;
#253 = LINE ( 'NONE', #1014, #1167 ) ;
#254 = ORIENTED_EDGE ( 'NONE', *, *, #5, .T. ) ;
#255 = APPROVAL_STATUS ( 'not_yet_approved' ) ;
#256 = PLANE ( 'NONE',  #852 ) ;
#257 = DIRECTION ( 'NONE',  ( 0.000000000000000000, 1.000000000000000000, 0.000000000000000000 ) ) ;
#258 = ORIENTED_EDGE ( 'NONE', *, *, #681, .T. ) ;
#259 = DIRECTION ( 'NONE',  ( 0.000000000000000000, 1.000000000000000000, 0.000000000000000000 ) ) ;
#260 = VERTEX_POINT ( 'NONE', #553 ) ;
#261 = EDGE_CURVE ( 'NONE', #432, #403, #554, .T. ) ;
#262 = VERTEX_POINT ( 'NONE', #223 ) ;
#263 = AXIS2_PLACEMENT_3D ( 'NONE', #1230, #272, #703 ) ;
#264 = VERTEX_POINT ( 'NONE', #1351 ) ;
#265 = ORIENTED_EDGE ( 'NONE', *, *, #112, .F. ) ;
#266 = DIRECTION ( 'NONE',  ( 0.000000000000000000, 0.000000000000000000, 1.000000000000000000 ) ) ;
#267 = VECTOR ( 'NONE', #455, 1000.000000000000000 ) ;
#268 = ADVANCED_FACE ( 'NONE', ( #440 ), #886, .F. ) ;
#269 = ORIENTED_EDGE ( 'NONE', *, *, #1105, .T. ) ;
#270 = VECTOR ( 'NONE', #384, 1000.000000000000000 ) ;
#271 = VERTEX_POINT ( 'NONE', #376 ) ;
#272 = DIRECTION ( 'NONE',  ( 0.000000000000000000, 1.000000000000000000, -0.000000000000000000 ) ) ;
#273 = LINE ( 'NONE', #1041, #532 ) ;
#274 = ORIENTED_EDGE ( 'NONE', *, *, #1240, .F. ) ;
#275 = CARTESIAN_POINT ( 'NONE',  ( -4.490128060534576804, 0.000000000000000000, -2.990128060534574583 ) ) ;
#276 = CARTESIAN_POINT ( 'NONE',  ( 4.490128060534576804, 0.000000000000000000, 4.490128060534575916 ) ) ;
#277 = CARTESIAN_POINT ( 'NONE',  ( -5.123475382979799875, 9.400000000000000355, 8.000000000000000000 ) ) ;
#278 = ORIENTED_EDGE ( 'NONE', *, *, #829, .T. ) ;
#279 = AXIS2_PLACEMENT_3D ( 'NONE', #908, #1114, #361 ) ;
#280 = EDGE_CURVE ( 'NONE', #401, #478, #1174, .T. ) ;
#281 = ORIENTED_EDGE ( 'NONE', *, *, #453, .T. ) ;
#282 = DIRECTION ( 'NONE',  ( 0.000000000000000000, 1.000000000000000000, -0.000000000000000000 ) ) ;
#283 = FACE_OUTER_BOUND ( 'NONE', #1057, .T. ) ;
#284 = EDGE_LOOP ( 'NONE', ( #562, #850, #665, #1193, #50, #689, #760, #111 ) ) ;
#285 = VECTOR ( 'NONE', #1063, 1000.000000000000000 ) ;
#286 = DIRECTION ( 'NONE',  ( -0.000000000000000000, 1.000000000000000000, -0.000000000000000000 ) ) ;
#287 = ORIENTED_EDGE ( 'NONE', *, *, #175, .T. ) ;
#288 = CARTESIAN_POINT ( 'NONE',  ( -9.600000000000003197, 10.00000000000000178, -5.572252686302006985 ) ) ;
#289 = CARTESIAN_POINT ( 'NONE',  ( -8.000000000000001776, 9.400000000000000355, 5.123475382979797210 ) ) ;
#290 = ORIENTED_EDGE ( 'NONE', *, *, #1159, .F. ) ;
#291 = CARTESIAN_POINT ( 'NONE',  ( 0.000000000000000000, 4.000000000000000000, 0.000000000000000000 ) ) ;
#292 = ORIENTED_EDGE ( 'NONE', *, *, #143, .F. ) ;
#293 = CARTESIAN_POINT ( 'NONE',  ( 5.296225070746160668, 10.00000000000000000, -8.599999999999988987 ) ) ;
#294 = DIRECTION ( 'NONE',  ( -0.000000000000000000, 1.000000000000000000, -0.000000000000000000 ) ) ;
#295 = ORIENTED_EDGE ( 'NONE', *, *, #1392, .T. ) ;
#296 = EDGE_CURVE ( 'NONE', #227, #40, #1181, .T. ) ;
#297 = LINE ( 'NONE', #1371, #832 ) ;
#298 = ORIENTED_EDGE ( 'NONE', *, *, #1152, .F. ) ;
#299 = AXIS2_PLACEMENT_3D ( 'NONE', #1046, #404, #838 ) ;
#300 = FACE_OUTER_BOUND ( 'NONE', #179, .T. ) ;
#301 = DIRECTION ( 'NONE',  ( 0.000000000000000000, 1.000000000000000000, 0.000000000000000000 ) ) ;
#302 = CONICAL_SURFACE ( 'NONE', #645, 14.87500000000000000, 0.7853981633974447263 ) ;
#303 = ORIENTED_EDGE ( 'NONE', *, *, #909, .F. ) ;
#304 = EDGE_CURVE ( 'NONE', #1329, #432, #1273, .T. ) ;
#305 = CARTESIAN_POINT ( 'NONE',  ( 0.000000000000000000, 10.00000000000000000, 0.000000000000000000 ) ) ;
#306 = VECTOR ( 'NONE', #1325, 1000.000000000000000 ) ;
#307 = ORIENTED_EDGE ( 'NONE', *, *, #935, .F. ) ;
#308 = CARTESIAN_POINT ( 'NONE',  ( 0.000000000000000000, 10.00000000000000000, -8.599999999999999645 ) ) ;
#309 = CIRCLE ( 'NONE', #490, 10.09999999999999964 ) ;
#310 = DIRECTION ( 'NONE',  ( 1.000000000000000000, -0.000000000000000000, 0.000000000000000000 ) ) ;
#311 = EDGE_LOOP ( 'NONE', ( #254, #1188, #269, #648, #1336, #501, #966, #1302 ) ) ;
#312 = LINE ( 'NONE', #341, #485 ) ;
#313 = ORIENTED_EDGE ( 'NONE', *, *, #707, .F. ) ;
#314 = DIRECTION ( 'NONE',  ( -1.000000000000000000, 0.000000000000000000, 0.000000000000000000 ) ) ;
#315 = DIRECTION ( 'NONE',  ( -0.000000000000000000, -1.000000000000000000, -0.000000000000000000 ) ) ;
#316 = ORIENTED_EDGE ( 'NONE', *, *, #1364, .T. ) ;
#317 = CARTESIAN_POINT ( 'NONE',  ( -5.123475382979799875, 9.400000000000000355, -8.000000000000000000 ) ) ;
#318 = DIRECTION ( 'NONE',  ( -0.000000000000000000, 1.000000000000000000, -0.000000000000000000 ) ) ;
#319 = FACE_OUTER_BOUND ( 'NONE', #1064, .T. ) ;
#320 = EDGE_CURVE ( 'NONE', #1397, #1215, #1072, .T. ) ;
#321 = CARTESIAN_POINT ( 'NONE',  ( 0.000000000000000000, 10.00000000000000000, 0.000000000000000000 ) ) ;
#322 = APPROVAL ( #360, 'UNSPECIFIED' ) ;
#323 = ORIENTED_EDGE ( 'NONE', *, *, #296, .T. ) ;
#324 = DIRECTION ( 'NONE',  ( 0.000000000000000000, 0.000000000000000000, 1.000000000000000000 ) ) ;
#325 = AXIS2_PLACEMENT_3D ( 'NONE', #427, #869, #1087 ) ;
#326 = B_SPLINE_CURVE_WITH_KNOTS ( 'NONE', 3,
 ( #4, #225, #656, #1089 ),
 .UNSPECIFIED., .F., .F.,
 ( 4, 4 ),
 ( 7.561484326770510175E-18, 0.0008659344401416086594 ),
 .UNSPECIFIED. ) ;
#327 = VERTEX_POINT ( 'NONE', #879 ) ;
#328 = CARTESIAN_POINT ( 'NONE',  ( -5.296225070746160668, 10.00000000000000000, -8.599999999999999645 ) ) ;
#329 = AXIS2_PLACEMENT_3D ( 'NONE', #803, #1330, #266 ) ;
#330 = DIRECTION ( 'NONE',  ( 1.000000000000000000, 0.000000000000000000, 0.000000000000000000 ) ) ;
#331 = B_SPLINE_CURVE_WITH_KNOTS ( 'NONE', 3,
 ( #402, #732, #1058, #1355 ),
 .UNSPECIFIED., .F., .F.,
 ( 4, 4 ),
 ( 0.000000000000000000, 0.0008659344401416087678 ),
 .UNSPECIFIED. ) ;
#332 = EDGE_LOOP ( 'NONE', ( #781, #1281, #527, #997 ) ) ;
#333 = DIRECTION ( 'NONE',  ( 0.000000000000000000, 0.000000000000000000, 1.000000000000000000 ) ) ;
#334 = CARTESIAN_POINT ( 'NONE',  ( -8.000000000000001776, 9.400000000000000355, -5.123475382979797210 ) ) ;
#335 = CARTESIAN_POINT ( 'NONE',  ( -8.000000000000001776, 4.000000000000000000, 0.000000000000000000 ) ) ;
#336 = DIRECTION ( 'NONE',  ( 0.000000000000000000, 0.000000000000000000, 1.000000000000000000 ) ) ;
#337 = DIRECTION ( 'NONE',  ( 0.000000000000000000, 0.000000000000000000, -1.000000000000000000 ) ) ;
#338 = VERTEX_POINT ( 'NONE', #96 ) ;
#339 = CARTESIAN_POINT ( 'NONE',  ( 0.000000000000000000, 0.000000000000000000, 0.000000000000000000 ) ) ;
#340 = ADVANCED_FACE ( 'NONE', ( #995 ), #1247, .F. ) ;
#341 = CARTESIAN_POINT ( 'NONE',  ( -5.123475382979799875, 4.000000000000000000, -8.000000000000000000 ) ) ;
#342 = CC_DESIGN_PERSON_AND_ORGANIZATION_ASSIGNMENT ( #454, #1209, ( #52 ) ) ;
#343 = VERTEX_POINT ( 'NONE', #18 ) ;
#344 = DIRECTION ( 'NONE',  ( -1.000000000000000000, 0.000000000000000000, 0.000000000000000000 ) ) ;
#345 = CARTESIAN_POINT ( 'NONE',  ( -8.600000000000001421, 10.00000000000000000, 0.000000000000000000 ) ) ;
#346 = AXIS2_PLACEMENT_3D ( 'NONE', #722, #1030, #599 ) ;
#347 = ORIENTED_EDGE ( 'NONE', *, *, #548, .T. ) ;
#348 = CIRCLE ( 'NONE', #919, 15.87500000000000000 ) ;
#349 = COORDINATED_UNIVERSAL_TIME_OFFSET ( 6, 0, .BEHIND. ) ;
#350 = ORIENTED_EDGE ( 'NONE', *, *, #453, .F. ) ;
#351 = DIRECTION ( 'NONE',  ( 0.000000000000000000, 0.000000000000000000, 1.000000000000000000 ) ) ;
#352 = EDGE_CURVE ( 'NONE', #146, #146, #737, .T. ) ;
#353 = AXIS2_PLACEMENT_3D ( 'NONE', #810, #1227, #1322 ) ;
#354 = FACE_OUTER_BOUND ( 'NONE', #1377, .T. ) ;
#355 = CARTESIAN_POINT ( 'NONE',  ( 0.000000000000000000, -38.46660889654818760, 0.000000000000000000 ) ) ;
#356 = AXIS2_PLACEMENT_3D ( 'NONE', #825, #918, #1254 ) ;
#357 = DIRECTION ( 'NONE',  ( 0.000000000000000000, 1.000000000000000000, 0.000000000000000000 ) ) ;
#358 = AXIS2_PLACEMENT_3D ( 'NONE', #925, #160, #1040 ) ;
#359 = EDGE_LOOP ( 'NONE', ( #85 ) ) ;
#360 = APPROVAL_STATUS ( 'not_yet_approved' ) ;
#361 = DIRECTION ( 'NONE',  ( 0.000000000000000000, -0.000000000000000000, 1.000000000000000000 ) ) ;
#362 = ADVANCED_FACE ( 'NONE', ( #647 ), #1081, .F. ) ;
#363 = CARTESIAN_POINT ( 'NONE',  ( 0.000000000000000000, 10.00000000000000000, 0.000000000000000000 ) ) ;
#364 = ORIENTED_EDGE ( 'NONE', *, *, #1024, .T. ) ;
#365 = SHAPE_DEFINITION_REPRESENTATION ( #1015, #1106 ) ;
#366 = CARTESIAN_POINT ( 'NONE',  ( 5.572252686302012314, 10.00000000000000178, 9.600000000000001421 ) ) ;
#367 = DIRECTION ( 'NONE',  ( -1.556572874235575731E-16, 0.000000000000000000, 1.000000000000000000 ) ) ;
#368 = ORIENTED_EDGE ( 'NONE', *, *, #241, .F. ) ;
#369 = DIRECTION ( 'NONE',  ( 0.000000000000000000, 0.000000000000000000, 1.000000000000000000 ) ) ;
#370 = EDGE_CURVE ( 'NONE', #227, #432, #312, .T. ) ;
#371 = CC_DESIGN_DATE_AND_TIME_ASSIGNMENT ( #462, #673, ( #573 ) ) ;
#372 = ORIENTED_EDGE ( 'NONE', *, *, #134, .T. ) ;
#373 = AXIS2_PLACEMENT_3D ( 'NONE', #1300, #1213, #982 ) ;
#374 = VECTOR ( 'NONE', #1307, 1000.000000000000000 ) ;
#375 = LINE ( 'NONE', #1234, #169 ) ;
#376 = CARTESIAN_POINT ( 'NONE',  ( 4.490128060534575916, 4.000000000000000000, -2.990128060534576360 ) ) ;
#377 = DIRECTION ( 'NONE',  ( 1.000000000000000000, 0.000000000000000000, -4.669718622706729412E-16 ) ) ;
#378 = CARTESIAN_POINT ( 'NONE',  ( 0.000000000000000000, 37.15290039756342821, 0.000000000000000000 ) ) ;
#379 = AXIS2_PLACEMENT_3D ( 'NONE', #657, #259, #798 ) ;
#380 = ORIENTED_EDGE ( 'NONE', *, *, #965, .T. ) ;
#381 = DIRECTION ( 'NONE',  ( -1.000000000000000000, 0.000000000000000000, -1.556572874235575731E-16 ) ) ;
#382 = CARTESIAN_POINT ( 'NONE',  ( 4.490128060534576804, 0.000000000000000000, 5.990128060534575916 ) ) ;
#383 = EDGE_LOOP ( 'NONE', ( #203, #452, #307, #1296 ) ) ;
#384 = DIRECTION ( 'NONE',  ( -0.000000000000000000, 1.000000000000000000, -0.000000000000000000 ) ) ;
#385 = DIRECTION ( 'NONE',  ( -0.7071067811865475727, 0.7071067811865475727, 0.000000000000000000 ) ) ;
#386 = VERTEX_POINT ( 'NONE', #237 ) ;
#387 = ADVANCED_FACE ( 'NONE', ( #746, #1189 ), #979, .F. ) ;
#388 = LINE ( 'NONE', #1021, #968 ) ;
#389 = APPROVAL ( #255, 'UNSPECIFIED' ) ;
#390 = ORIENTED_EDGE ( 'NONE', *, *, #1097, .T. ) ;
#391 = DIRECTION ( 'NONE',  ( 0.000000000000000000, 0.000000000000000000, 1.000000000000000000 ) ) ;
#392 = DIRECTION ( 'NONE',  ( 0.000000000000000000, 0.000000000000000000, -1.000000000000000000 ) ) ;
#393 = EDGE_LOOP ( 'NONE', ( #1154 ) ) ;
#394 = LINE ( 'NONE', #171, #600 ) ;
#395 = ADVANCED_FACE ( 'NONE', ( #113 ), #775, .F. ) ;
#396 = AXIS2_PLACEMENT_3D ( 'NONE', #763, #669, #336 ) ;
#397 = ORIENTED_EDGE ( 'NONE', *, *, #747, .F. ) ;
#398 = CARTESIAN_POINT ( 'NONE',  ( 5.572252686302011426, 0.000000000000000000, -9.600000000000004974 ) ) ;
#399 = DIRECTION ( 'NONE',  ( 0.000000000000000000, 0.000000000000000000, 1.000000000000000000 ) ) ;
#400 = AXIS2_PLACEMENT_3D ( 'NONE', #1389, #196, #82 ) ;
#401 = VERTEX_POINT ( 'NONE', #131 ) ;
#402 = CARTESIAN_POINT ( 'NONE',  ( -8.000000000000001776, 9.400000000000000355, 5.123475382979797210 ) ) ;
#403 = VERTEX_POINT ( 'NONE', #334 ) ;
#404 = DIRECTION ( 'NONE',  ( -0.000000000000000000, -1.000000000000000000, -0.000000000000000000 ) ) ;
#405 = EDGE_CURVE ( 'NONE', #498, #1007, #769, .T. ) ;
#406 = LINE ( 'NONE', #1374, #1226 ) ;
#407 = ORIENTED_EDGE ( 'NONE', *, *, #370, .T. ) ;
#408 = DIRECTION ( 'NONE',  ( 0.000000000000000000, 1.000000000000000000, 0.000000000000000000 ) ) ;
#409 = ORIENTED_EDGE ( 'NONE', *, *, #874, .F. ) ;
#410 = DIRECTION ( 'NONE',  ( 1.000000000000000000, 0.000000000000000000, -1.556572874235576224E-16 ) ) ;
#411 = DIRECTION ( 'NONE',  ( -0.000000000000000000, -1.000000000000000000, -0.000000000000000000 ) ) ;
#412 = ADVANCED_FACE ( 'NONE', ( #660 ), #716, .F. ) ;
#413 = VERTEX_POINT ( 'NONE', #26 ) ;
#414 = FACE_OUTER_BOUND ( 'NONE', #1038, .T. ) ;
#415 = EDGE_LOOP ( 'NONE', ( #460, #620, #609, #1263 ) ) ;
#416 = LINE ( 'NONE', #1264, #1358 ) ;
#417 = AXIS2_PLACEMENT_3D ( 'NONE', #436, #1011, #344 ) ;
#418 = LINE ( 'NONE', #537, #1019 ) ;
#419 = AXIS2_PLACEMENT_3D ( 'NONE', #1299, #318, #975 ) ;
#420 = VERTEX_POINT ( 'NONE', #816 ) ;
#421 = DIRECTION ( 'NONE',  ( 0.000000000000000000, 0.000000000000000000, -1.000000000000000000 ) ) ;
#422 = VECTOR ( 'NONE', #1301, 1000.000000000000000 ) ;
#423 = ORIENTED_EDGE ( 'NONE', *, *, #681, .F. ) ;
#424 = CARTESIAN_POINT ( 'NONE',  ( -8.000000000000001776, 9.400000000000000355, 0.000000000000000000 ) ) ;
#425 = DIRECTION ( 'NONE',  ( 0.000000000000000000, 0.000000000000000000, 1.000000000000000000 ) ) ;
#426 = ORIENTED_EDGE ( 'NONE', *, *, #352, .F. ) ;
#427 = CARTESIAN_POINT ( 'NONE',  ( -4.490128060534576804, 0.000000000000000000, -4.490128060534575027 ) ) ;
#428 = ADVANCED_FACE ( 'NONE', ( #1237 ), #1210, .F. ) ;
#429 = CARTESIAN_POINT ( 'NONE',  ( 9.599999999999999645, 0.000000000000000000, 5.572252686302017644 ) ) ;
#430 = DIRECTION ( 'NONE',  ( 0.000000000000000000, 0.000000000000000000, 1.000000000000000000 ) ) ;
#431 = DIRECTION ( 'NONE',  ( -0.000000000000000000, 0.000000000000000000, 1.000000000000000000 ) ) ;
#432 = VERTEX_POINT ( 'NONE', #1026 ) ;
#433 = CARTESIAN_POINT ( 'NONE',  ( -5.572252686302013203, 10.00000000000000178, -9.599999999999999645 ) ) ;
#434 = ADVANCED_FACE ( 'NONE', ( #942, #1360, #1131, #784, #1353, #249 ), #1145, .T. ) ;
#435 = CARTESIAN_POINT ( 'NONE',  ( -8.600000000000001421, 10.00000000000000000, 0.000000000000000000 ) ) ;
#436 = CARTESIAN_POINT ( 'NONE',  ( 0.000000000000000000, 9.400000000000000355, 8.000000000000000000 ) ) ;
#437 = VECTOR ( 'NONE', #314, 1000.000000000000000 ) ;
#438 = CARTESIAN_POINT ( 'NONE',  ( 7.999999999999998224, 4.000000000000000000, 0.000000000000000000 ) ) ;
#439 = ORIENTED_EDGE ( 'NONE', *, *, #502, .T. ) ;
#440 = FACE_OUTER_BOUND ( 'NONE', #383, .T. ) ;
#441 = FACE_BOUND ( 'NONE', #792, .T. ) ;
#442 = CARTESIAN_POINT ( 'NONE',  ( -8.000000000000001776, 9.400000000000000355, -5.123475382979797210 ) ) ;
#443 = VECTOR ( 'NONE', #37, 1000.000000000000000 ) ;
#444 = DIRECTION ( 'NONE',  ( 0.000000000000000000, 1.000000000000000000, -0.000000000000000000 ) ) ;
#445 = ADVANCED_FACE ( 'NONE', ( #1047, #1150 ), #494, .F. ) ;
#446 = ORIENTED_EDGE ( 'NONE', *, *, #1304, .T. ) ;
#447 = DATE_TIME_ROLE ( 'creation_date' ) ;
#448 = DIRECTION ( 'NONE',  ( 0.000000000000000000, 1.000000000000000000, 0.000000000000000000 ) ) ;
#449 = FACE_OUTER_BOUND ( 'NONE', #799, .T. ) ;
#450 = CARTESIAN_POINT ( 'NONE',  ( 0.000000000000000000, 9.400000000000000355, 0.000000000000000000 ) ) ;
#451 = DIRECTION ( 'NONE',  ( 0.000000000000000000, 1.000000000000000000, -0.000000000000000000 ) ) ;
#452 = ORIENTED_EDGE ( 'NONE', *, *, #210, .T. ) ;
#453 = EDGE_CURVE ( 'NONE', #338, #1215, #983, .T. ) ;
#454 = PERSON_AND_ORGANIZATION ( #699, #1071 ) ;
#455 = DIRECTION ( 'NONE',  ( 1.000000000000000000, -0.000000000000000000, 0.000000000000000000 ) ) ;
#456 = ORIENTED_EDGE ( 'NONE', *, *, #159, .T. ) ;
#457 = CARTESIAN_POINT ( 'NONE',  ( 0.000000000000000000, 8.999999999999992895, 0.000000000000000000 ) ) ;
#458 = LINE ( 'NONE', #1006, #1272 ) ;
#459 = MANIFOLD_SOLID_BREP ( 'Chamfer1', #1362 ) ;
#460 = ORIENTED_EDGE ( 'NONE', *, *, #1051, .F. ) ;
#461 = AXIS2_PLACEMENT_3D ( 'NONE', #339, #333, #800 ) ;
#462 = DATE_AND_TIME ( #247, #145 ) ;
#463 = EDGE_LOOP ( 'NONE', ( #1319, #698, #544, #684 ) ) ;
#464 = ADVANCED_FACE ( 'NONE', ( #833 ), #486, .T. ) ;
#465 = CIRCLE ( 'NONE', #551, 11.09999999999999964 ) ;
#466 = DIRECTION ( 'NONE',  ( -1.000000000000000000, 0.000000000000000000, 4.669718622706729412E-16 ) ) ;
#467 = DIRECTION ( 'NONE',  ( 0.000000000000000000, 0.000000000000000000, 1.000000000000000000 ) ) ;
#468 = CARTESIAN_POINT ( 'NONE',  ( -9.600000000000003197, 0.000000000000000000, 5.572252686302007874 ) ) ;
#469 = ORIENTED_EDGE ( 'NONE', *, *, #1137, .F. ) ;
#470 = DATE_AND_TIME ( #782, #119 ) ;
#471 = ORIENTED_EDGE ( 'NONE', *, *, #610, .F. ) ;
#472 = EDGE_CURVE ( 'NONE', #386, #1007, #273, .T. ) ;
#473 = CARTESIAN_POINT ( 'NONE',  ( 0.000000000000000000, 0.000000000000000000, 4.006850000000000023 ) ) ;
#474 = CARTESIAN_POINT ( 'NONE',  ( 5.123475382979799875, 4.000000000000000000, 8.000000000000000000 ) ) ;
#475 = ORIENTED_EDGE ( 'NONE', *, *, #892, .T. ) ;
#476 = CARTESIAN_POINT ( 'NONE',  ( 5.181989809824538717, 9.599864816992033312, 8.199864816992032956 ) ) ;
#477 = DESIGN_CONTEXT ( 'detailed design', #19, 'design' ) ;
#478 = VERTEX_POINT ( 'NONE', #480 ) ;
#479 = CARTESIAN_POINT ( 'NONE',  ( 0.000000000000000000, 10.00000000000000178, 0.000000000000000000 ) ) ;
#480 = CARTESIAN_POINT ( 'NONE',  ( -5.572252686302013203, 10.00000000000000178, -9.599999999999999645 ) ) ;
#481 = EDGE_LOOP ( 'NONE', ( #1099, #287, #631, #1091 ) ) ;
#482 = CARTESIAN_POINT ( 'NONE',  ( -5.572252686302016755, 0.000000000000000000, 9.599999999999999645 ) ) ;
#483 = VERTEX_POINT ( 'NONE', #473 ) ;
#484 = LINE ( 'NONE', #1124, #512 ) ;
#485 = VECTOR ( 'NONE', #1298, 1000.000000000000000 ) ;
#486 = PLANE ( 'NONE',  #1363 ) ;
#487 = ADVANCED_FACE ( 'NONE', ( #1313 ), #1231, .F. ) ;
#488 = CIRCLE ( 'NONE', #1252, 9.500000000000000000 ) ;
#489 = ORIENTED_EDGE ( 'NONE', *, *, #1194, .F. ) ;
#490 = AXIS2_PLACEMENT_3D ( 'NONE', #172, #915, #910 ) ;
#491 = FACE_OUTER_BOUND ( 'NONE', #463, .T. ) ;
#492 = CARTESIAN_POINT ( 'NONE',  ( -4.490128060534575027, 4.000000000000000000, 5.990128060534576804 ) ) ;
#493 = DIRECTION ( 'NONE',  ( 0.000000000000000000, 0.000000000000000000, 1.000000000000000000 ) ) ;
#494 = CYLINDRICAL_SURFACE ( 'NONE', #1207, 1.499999999999999556 ) ;
#495 = EDGE_CURVE ( 'NONE', #538, #1357, #704, .T. ) ;
#496 = EDGE_LOOP ( 'NONE', ( #1266 ) ) ;
#497 = DIRECTION ( 'NONE',  ( 0.000000000000000000, -1.000000000000000000, 0.000000000000000000 ) ) ;
#498 = VERTEX_POINT ( 'NONE', #932 ) ;
#499 = LINE ( 'NONE', #48, #151 ) ;
#500 = FACE_OUTER_BOUND ( 'NONE', #567, .T. ) ;
#501 = ORIENTED_EDGE ( 'NONE', *, *, #946, .T. ) ;
#502 = EDGE_CURVE ( 'NONE', #1261, #403, #1338, .T. ) ;
#503 = AXIS2_PLACEMENT_3D ( 'NONE', #80, #787, #1323 ) ;
#504 = DIRECTION ( 'NONE',  ( -0.000000000000000000, -1.000000000000000000, -0.000000000000000000 ) ) ;
#505 = EDGE_CURVE ( 'NONE', #83, #603, #723, .T. ) ;
#506 = ORIENTED_EDGE ( 'NONE', *, *, #405, .T. ) ;
#507 = DIRECTION ( 'NONE',  ( 0.000000000000000000, 1.000000000000000000, -0.000000000000000000 ) ) ;
#508 = CARTESIAN_POINT ( 'NONE',  ( 7.999999999999998224, 4.000000000000000000, 5.123475382979802539 ) ) ;
#509 = VECTOR ( 'NONE', #286, 1000.000000000000000 ) ;
#510 = AXIS2_PLACEMENT_3D ( 'NONE', #614, #75, #351 ) ;
#511 = ORIENTED_EDGE ( 'NONE', *, *, #221, .F. ) ;
#512 = VECTOR ( 'NONE', #824, 1000.000000000000000 ) ;
#513 = CARTESIAN_POINT ( 'NONE',  ( -9.600000000000003197, 10.00000000000000000, 5.572252686302007874 ) ) ;
#514 = ADVANCED_FACE ( 'NONE', ( #602 ), #181, .T. ) ;
#515 = ORIENTED_EDGE ( 'NONE', *, *, #1277, .T. ) ;
#516 = DIRECTION ( 'NONE',  ( 1.556572874235576224E-16, -0.000000000000000000, 1.000000000000000000 ) ) ;
#517 = PRODUCT_RELATED_PRODUCT_CATEGORY ( 'detail', '', ( #807 ) ) ;
#518 = LINE ( 'NONE', #861, #992 ) ;
#519 = EDGE_LOOP ( 'NONE', ( #250, #1321, #1129, #170 ) ) ;
#520 = DIRECTION ( 'NONE',  ( 0.000000000000000000, 1.000000000000000000, 0.000000000000000000 ) ) ;
#521 = ORIENTED_EDGE ( 'NONE', *, *, #182, .F. ) ;
#522 = CARTESIAN_POINT ( 'NONE',  ( 5.572252686302011426, 0.000000000000000000, 9.600000000000001421 ) ) ;
#523 = FACE_OUTER_BOUND ( 'NONE', #721, .T. ) ;
#524 = VERTEX_POINT ( 'NONE', #289 ) ;
#525 = LINE ( 'NONE', #632, #509 ) ;
#526 = AXIS2_PLACEMENT_3D ( 'NONE', #100, #516, #410 ) ;
#527 = ORIENTED_EDGE ( 'NONE', *, *, #558, .T. ) ;
#528 = LINE ( 'NONE', #629, #778 ) ;
#529 = CARTESIAN_POINT ( 'NONE',  ( 9.600000000000001421, 37.15290039756342821, -5.572252686302012314 ) ) ;
#530 = ORIENTED_EDGE ( 'NONE', *, *, #1303, .T. ) ;
#531 = ADVANCED_FACE ( 'NONE', ( #283, #500 ), #62, .F. ) ;
#532 = VECTOR ( 'NONE', #675, 1000.000000000000000 ) ;
#533 = DIRECTION ( 'NONE',  ( 0.000000000000000000, 1.000000000000000000, 0.000000000000000000 ) ) ;
#534 = AXIS2_PLACEMENT_3D ( 'NONE', #941, #154, #391 ) ;
#535 = ORIENTED_EDGE ( 'NONE', *, *, #958, .F. ) ;
#536 = CARTESIAN_POINT ( 'NONE',  ( 5.123475382979799875, 9.400000000000000355, -8.000000000000000000 ) ) ;
#537 = CARTESIAN_POINT ( 'NONE',  ( -5.572252686302016755, -38.46660889654818760, 9.599999999999999645 ) ) ;
#538 = VERTEX_POINT ( 'NONE', #508 ) ;
#539 = EDGE_CURVE ( 'NONE', #766, #386, #1077, .T. ) ;
#540 = DIRECTION ( 'NONE',  ( 0.000000000000000000, 0.000000000000000000, 1.000000000000000000 ) ) ;
#541 = PLANE ( 'NONE',  #1317 ) ;
#542 = FACE_OUTER_BOUND ( 'NONE', #142, .T. ) ;
#543 = DIRECTION ( 'NONE',  ( -0.000000000000000000, 1.000000000000000000, -0.000000000000000000 ) ) ;
#544 = ORIENTED_EDGE ( 'NONE', *, *, #182, .T. ) ;
#545 = DIRECTION ( 'NONE',  ( 0.000000000000000000, 0.000000000000000000, 1.000000000000000000 ) ) ;
#546 = DIRECTION ( 'NONE',  ( -1.000000000000000000, 0.000000000000000000, -1.556572874235575978E-16 ) ) ;
#547 = CARTESIAN_POINT ( 'NONE',  ( -4.490128060534576804, 0.000000000000000000, -4.490128060534575027 ) ) ;
#548 = EDGE_CURVE ( 'NONE', #40, #343, #964, .T. ) ;
#549 = CARTESIAN_POINT ( 'NONE',  ( 0.000000000000000000, 9.400000000000000355, 0.000000000000000000 ) ) ;
#550 = ORIENTED_EDGE ( 'NONE', *, *, #870, .F. ) ;
#551 = AXIS2_PLACEMENT_3D ( 'NONE', #1039, #90, #1153 ) ;
#552 = DATE_AND_TIME ( #32, #1243 ) ;
#553 = CARTESIAN_POINT ( 'NONE',  ( -5.572252686302013203, 10.00000000000000000, -9.599999999999999645 ) ) ;
#554 = CIRCLE ( 'NONE', #77, 9.500000000000000000 ) ;
#555 = PLANE ( 'NONE',  #1206 ) ;
#556 = CARTESIAN_POINT ( 'NONE',  ( -9.600000000000003197, 10.00000000000000178, 5.572252686302007874 ) ) ;
#557 = AXIS2_PLACEMENT_3D ( 'NONE', #1242, #282, #493 ) ;
#558 = EDGE_CURVE ( 'NONE', #646, #1170, #814, .T. ) ;
#559 = DIRECTION ( 'NONE',  ( 0.000000000000000000, 0.000000000000000000, 1.000000000000000000 ) ) ;
#560 = EDGE_LOOP ( 'NONE', ( #1232 ) ) ;
#561 = DATE_AND_TIME ( #129, #754 ) ;
#562 = ORIENTED_EDGE ( 'NONE', *, *, #661, .T. ) ;
#563 = DIRECTION ( 'NONE',  ( 0.000000000000000000, 1.000000000000000000, 0.000000000000000000 ) ) ;
#564 = DIRECTION ( 'NONE',  ( 0.000000000000000000, -0.000000000000000000, 1.000000000000000000 ) ) ;
#565 = CARTESIAN_POINT ( 'NONE',  ( -8.399871121919094463, 9.799871121919093042, -5.239544451416088933 ) ) ;
#566 = CARTESIAN_POINT ( 'NONE',  ( -5.572252686302016755, 0.000000000000000000, 9.599999999999999645 ) ) ;
#567 = EDGE_LOOP ( 'NONE', ( #409 ) ) ;
#568 = COORDINATED_UNIVERSAL_TIME_OFFSET ( 6, 0, .BEHIND. ) ;
#569 = CARTESIAN_POINT ( 'NONE',  ( 0.000000000000000000, 9.400000000000000355, 0.000000000000000000 ) ) ;
#570 = LINE ( 'NONE', #230, #374 ) ;
#571 = LINE ( 'NONE', #468, #443 ) ;
#572 = ORIENTED_EDGE ( 'NONE', *, *, #173, .T. ) ;
#573 = SECURITY_CLASSIFICATION ( '', '', #682 ) ;
#574 = DATE_AND_TIME ( #1216, #1382 ) ;
#575 = EDGE_CURVE ( 'NONE', #1148, #1073, #418, .T. ) ;
#576 = ADVANCED_FACE ( 'NONE', ( #977 ), #729, .F. ) ;
#577 = CARTESIAN_POINT ( 'NONE',  ( 5.123475382979799875, 9.400000000000000355, 8.000000000000000000 ) ) ;
#578 = AXIS2_PLACEMENT_3D ( 'NONE', #1282, #533, #540 ) ;
#579 = ORIENTED_EDGE ( 'NONE', *, *, #1187, .T. ) ;
#580 = LINE ( 'NONE', #1236, #246 ) ;
#581 = CIRCLE ( 'NONE', #697, 11.10000000000000142 ) ;
#582 = CARTESIAN_POINT ( 'NONE',  ( -4.490128060534576804, 4.000000000000000000, -2.990128060534574583 ) ) ;
#583 = FACE_OUTER_BOUND ( 'NONE', #662, .T. ) ;
#584 = DIRECTION ( 'NONE',  ( -0.000000000000000000, 1.000000000000000000, -0.000000000000000000 ) ) ;
#585 = ORIENTED_EDGE ( 'NONE', *, *, #870, .T. ) ;
#586 = FACE_OUTER_BOUND ( 'NONE', #1139, .T. ) ;
#587 = CARTESIAN_POINT ( 'NONE',  ( 0.000000000000000000, 10.00000000000000000, 14.87500000000000000 ) ) ;
#588 = EDGE_CURVE ( 'NONE', #651, #401, #56, .T. ) ;
#589 = ORIENTED_EDGE ( 'NONE', *, *, #199, .F. ) ;
#590 = CARTESIAN_POINT ( 'NONE',  ( 9.600000000000001421, 10.00000000000000000, -5.572252686302012314 ) ) ;
#591 = CC_DESIGN_PERSON_AND_ORGANIZATION_ASSIGNMENT ( #659, #906, ( #619 ) ) ;
#592 = DIRECTION ( 'NONE',  ( -0.000000000000000000, 1.000000000000000000, -0.000000000000000000 ) ) ;
#593 = ORIENTED_EDGE ( 'NONE', *, *, #1202, .T. ) ;
#594 = CIRCLE ( 'NONE', #346, 4.006850000000000023 ) ;
#595 = APPROVAL_PERSON_ORGANIZATION ( #1009, #322, #652 ) ;
#596 = DIRECTION ( 'NONE',  ( 0.000000000000000000, -0.000000000000000000, 1.000000000000000000 ) ) ;
#597 = VERTEX_POINT ( 'NONE', #1333 ) ;
#598 = CIRCLE ( 'NONE', #1184, 14.87500000000000000 ) ;
#599 = DIRECTION ( 'NONE',  ( 0.000000000000000000, 0.000000000000000000, 1.000000000000000000 ) ) ;
#600 = VECTOR ( 'NONE', #848, 1000.000000000000000 ) ;
#601 = ADVANCED_FACE ( 'NONE', ( #736, #1156 ), #1185, .T. ) ;
#602 = FACE_OUTER_BOUND ( 'NONE', #944, .T. ) ;
#603 = VERTEX_POINT ( 'NONE', #636 ) ;
#604 = CIRCLE ( 'NONE', #790, 11.09999999999999787 ) ;
#605 = DIRECTION ( 'NONE',  ( 0.000000000000000000, 0.000000000000000000, 1.000000000000000000 ) ) ;
#606 = DIRECTION ( 'NONE',  ( 0.000000000000000000, 0.000000000000000000, 1.000000000000000000 ) ) ;
#607 = EDGE_LOOP ( 'NONE', ( #550 ) ) ;
#608 = CARTESIAN_POINT ( 'NONE',  ( -5.239544451416091597, 9.799871121919093042, 8.399871121919092687 ) ) ;
#609 = ORIENTED_EDGE ( 'NONE', *, *, #1383, .T. ) ;
#610 = EDGE_CURVE ( 'NONE', #1331, #745, #406, .T. ) ;
#611 = DIRECTION ( 'NONE',  ( 1.000000000000000000, 0.000000000000000000, 0.000000000000000000 ) ) ;
#612 = VERTEX_POINT ( 'NONE', #1274 ) ;
#613 = CARTESIAN_POINT ( 'NONE',  ( 0.000000000000000000, 10.00000000000000178, 0.000000000000000000 ) ) ;
#614 = CARTESIAN_POINT ( 'NONE',  ( 4.490128060534576804, 0.000000000000000000, 4.490128060534575916 ) ) ;
#615 = ADVANCED_FACE ( 'NONE', ( #1280 ), #1259, .T. ) ;
#616 = ORIENTED_EDGE ( 'NONE', *, *, #1119, .F. ) ;
#617 = EDGE_CURVE ( 'NONE', #1331, #232, #518, .T. ) ;
#618 = DIRECTION ( 'NONE',  ( 3.552713678800500929E-15, 0.000000000000000000, 1.000000000000000000 ) ) ;
#619 = PRODUCT_DEFINITION ( 'UNKNOWN', '', #52, #477 ) ;
#620 = ORIENTED_EDGE ( 'NONE', *, *, #1059, .T. ) ;
#621 = LINE ( 'NONE', #1053, #208 ) ;
#622 = AXIS2_PLACEMENT_3D ( 'NONE', #435, #871, #224 ) ;
#623 = DIRECTION ( 'NONE',  ( -0.000000000000000000, -1.000000000000000000, -0.000000000000000000 ) ) ;
#624 = AXIS2_PLACEMENT_3D ( 'NONE', #78, #967, #421 ) ;
#625 = ORIENTED_EDGE ( 'NONE', *, *, #1392, .F. ) ;
#626 = AXIS2_PLACEMENT_3D ( 'NONE', #764, #543, #984 ) ;
#627 = DIRECTION ( 'NONE',  ( 0.000000000000000000, 0.000000000000000000, 1.000000000000000000 ) ) ;
#628 = EDGE_LOOP ( 'NONE', ( #855 ) ) ;
#629 = CARTESIAN_POINT ( 'NONE',  ( -9.600000000000003197, -38.46660889654818760, -5.572252686302006097 ) ) ;
#630 = DIRECTION ( 'NONE',  ( 0.000000000000000000, 0.000000000000000000, 1.000000000000000000 ) ) ;
#631 = ORIENTED_EDGE ( 'NONE', *, *, #724, .T. ) ;
#632 = CARTESIAN_POINT ( 'NONE',  ( -5.123475382979799875, 4.000000000000000000, 8.000000000000000000 ) ) ;
#633 = ORIENTED_EDGE ( 'NONE', *, *, #902, .T. ) ;
#634 = LINE ( 'NONE', #424, #34 ) ;
#635 = EDGE_CURVE ( 'NONE', #651, #327, #757, .T. ) ;
#636 = CARTESIAN_POINT ( 'NONE',  ( 5.572252686302012314, 0.000000000000000000, 9.600000000000001421 ) ) ;
#637 = APPROVAL ( #235, 'UNSPECIFIED' ) ;
#638 = EDGE_LOOP ( 'NONE', ( #194, #183, #1079, #176, #303, #229, #471, #423 ) ) ;
#639 = DIRECTION ( 'NONE',  ( -1.000000000000000000, 0.000000000000000000, 1.556572874235576224E-16 ) ) ;
#640 = ORIENTED_EDGE ( 'NONE', *, *, #252, .T. ) ;
#641 = CC_DESIGN_SECURITY_CLASSIFICATION ( #573, ( #52 ) ) ;
#642 = CARTESIAN_POINT ( 'NONE',  ( -5.572252686302016755, 10.00000000000000000, 9.599999999999999645 ) ) ;
#643 = DIRECTION ( 'NONE',  ( 1.000000000000000000, 0.000000000000000000, -0.000000000000000000 ) ) ;
#644 = ADVANCED_FACE ( 'NONE', ( #972 ), #110, .F. ) ;
#645 = AXIS2_PLACEMENT_3D ( 'NONE', #305, #497, #726 ) ;
#646 = VERTEX_POINT ( 'NONE', #1076 ) ;
#647 = FACE_OUTER_BOUND ( 'NONE', #714, .T. ) ;
#648 = ORIENTED_EDGE ( 'NONE', *, *, #588, .T. ) ;
#649 = DIRECTION ( 'NONE',  ( 0.000000000000000000, 0.000000000000000000, 1.000000000000000000 ) ) ;
#650 = DIRECTION ( 'NONE',  ( 0.000000000000000000, 1.000000000000000000, 0.000000000000000000 ) ) ;
#651 = VERTEX_POINT ( 'NONE', #188 ) ;
#652 = APPROVAL_ROLE ( '' ) ;
#653 = EDGE_CURVE ( 'NONE', #862, #1199, #1179, .T. ) ;
#654 = CARTESIAN_POINT ( 'NONE',  ( 0.000000000000000000, 9.400000000000000355, 0.000000000000000000 ) ) ;
#655 = CARTESIAN_POINT ( 'NONE',  ( 5.123475382979799875, 4.000000000000000000, -8.000000000000000000 ) ) ;
#656 = CARTESIAN_POINT ( 'NONE',  ( 8.199864816992031180, 9.599864816992033312, -5.181989809824541382 ) ) ;
#657 = CARTESIAN_POINT ( 'NONE',  ( 0.000000000000000000, 9.400000000000000355, 0.000000000000000000 ) ) ;
#658 = ORIENTED_EDGE ( 'NONE', *, *, #817, .T. ) ;
#659 = PERSON_AND_ORGANIZATION ( #699, #1071 ) ;
#660 = FACE_OUTER_BOUND ( 'NONE', #1001, .T. ) ;
#661 = EDGE_CURVE ( 'NONE', #413, #1314, #88, .T. ) ;
#662 = EDGE_LOOP ( 'NONE', ( #881, #316, #10, #506 ) ) ;
#663 = DIRECTION ( 'NONE',  ( -1.556572874235575731E-16, 0.000000000000000000, 1.000000000000000000 ) ) ;
#664 = CARTESIAN_POINT ( 'NONE',  ( -5.572252686302016755, 37.15290039756342821, 9.599999999999999645 ) ) ;
#665 = ORIENTED_EDGE ( 'NONE', *, *, #495, .T. ) ;
#666 = ORIENTED_EDGE ( 'NONE', *, *, #136, .F. ) ;
#667 = CARTESIAN_POINT ( 'NONE',  ( 0.000000000000000000, 4.000000000000000000, 0.000000000000000000 ) ) ;
#668 = FACE_OUTER_BOUND ( 'NONE', #1069, .T. ) ;
#669 = DIRECTION ( 'NONE',  ( 0.000000000000000000, 1.000000000000000000, -0.000000000000000000 ) ) ;
#670 = CONICAL_SURFACE ( 'NONE', #1080, 9.500000000000000000, 0.7853981633974482790 ) ;
#671 = CARTESIAN_POINT ( 'NONE',  ( -9.600000000000003197, 0.000000000000000000, -5.572252686302006097 ) ) ;
#672 = ORIENTED_EDGE ( 'NONE', *, *, #758, .F. ) ;
#673 = DATE_TIME_ROLE ( 'classification_date' ) ;
#674 = EDGE_LOOP ( 'NONE', ( #1052, #835, #987, #1146 ) ) ;
#675 = DIRECTION ( 'NONE',  ( 0.000000000000000000, 1.000000000000000000, 0.000000000000000000 ) ) ;
#676 = FACE_OUTER_BOUND ( 'NONE', #1112, .T. ) ;
#677 = CARTESIAN_POINT ( 'NONE',  ( 5.572252686302011426, -38.46660889654818760, -9.600000000000004974 ) ) ;
#678 = CARTESIAN_POINT ( 'NONE',  ( -8.600000000000001421, 10.00000000000000000, 5.296225070746158003 ) ) ;
#679 = ADVANCED_FACE ( 'NONE', ( #523 ), #218, .F. ) ;
#680 = VERTEX_POINT ( 'NONE', #1172 ) ;
#681 = EDGE_CURVE ( 'NONE', #1148, #1331, #854, .T. ) ;
#682 = SECURITY_CLASSIFICATION_LEVEL ( 'unclassified' ) ;
#683 = VERTEX_POINT ( 'NONE', #930 ) ;
#684 = ORIENTED_EDGE ( 'NONE', *, *, #980, .T. ) ;
#685 = CYLINDRICAL_SURFACE ( 'NONE', #626, 1.499999999999999556 ) ;
#686 = VECTOR ( 'NONE', #963, 1000.000000000000000 ) ;
#687 = ADVANCED_FACE ( 'NONE', ( #990 ), #29, .T. ) ;
#688 = APPROVAL_PERSON_ORGANIZATION ( #885, #637, #1113 ) ;
#689 = ORIENTED_EDGE ( 'NONE', *, *, #747, .T. ) ;
#690 = AXIS2_PLACEMENT_3D ( 'NONE', #1147, #504, #84 ) ;
#691 = DIRECTION ( 'NONE',  ( 0.000000000000000000, 0.000000000000000000, 1.000000000000000000 ) ) ;
#692 = CARTESIAN_POINT ( 'NONE',  ( 0.000000000000000000, 1.000000000000000888, 15.87500000000000000 ) ) ;
#693 = AXIS2_PLACEMENT_3D ( 'NONE', #926, #584, #1125 ) ;
#694 = VERTEX_POINT ( 'NONE', #125 ) ;
#695 = LINE ( 'NONE', #398, #1342 ) ;
#696 = VECTOR ( 'NONE', #875, 1000.000000000000000 ) ;
#697 = AXIS2_PLACEMENT_3D ( 'NONE', #363, #357, #117 ) ;
#698 = ORIENTED_EDGE ( 'NONE', *, *, #87, .T. ) ;
#699 = PERSON ( 'UNSPECIFIED', 'UNSPECIFIED', 'UNSPECIFIED', ('UNSPECIFIED'), ('UNSPECIFIED'), ('UNSPECIFIED') ) ;
#700 = EDGE_CURVE ( 'NONE', #1126, #751, #6, .T. ) ;
#701 = LINE ( 'NONE', #482, #1339 ) ;
#702 = VERTEX_POINT ( 'NONE', #382 ) ;
#703 = DIRECTION ( 'NONE',  ( 0.000000000000000000, 0.000000000000000000, 1.000000000000000000 ) ) ;
#704 = LINE ( 'NONE', #161, #1140 ) ;
#705 = EDGE_LOOP ( 'NONE', ( #783 ) ) ;
#706 = CARTESIAN_POINT ( 'NONE',  ( -9.600000000000003197, -38.46660889654818760, -5.572252686302006097 ) ) ;
#707 = EDGE_CURVE ( 'NONE', #79, #1361, #571, .T. ) ;
#708 = PLANE ( 'NONE',  #880 ) ;
#709 = DIRECTION ( 'NONE',  ( 0.000000000000000000, 0.000000000000000000, 1.000000000000000000 ) ) ;
#710 = ORIENTED_EDGE ( 'NONE', *, *, #575, .T. ) ;
#711 = AXIS2_PLACEMENT_3D ( 'NONE', #251, #1096, #133 ) ;
#712 = DIRECTION ( 'NONE',  ( -0.000000000000000000, -1.000000000000000000, -0.000000000000000000 ) ) ;
#713 = AXIS2_PLACEMENT_3D ( 'NONE', #1239, #139, #466 ) ;
#714 = EDGE_LOOP ( 'NONE', ( #1245, #802, #985, #16 ) ) ;
#715 = CARTESIAN_POINT ( 'NONE',  ( 0.000000000000000000, 10.00000000000000178, 0.000000000000000000 ) ) ;
#716 = CONICAL_SURFACE ( 'NONE', #1318, 9.500000000000000000, 0.7853981633974482790 ) ;
#717 = EDGE_CURVE ( 'NONE', #1170, #76, #253, .T. ) ;
#718 = CARTESIAN_POINT ( 'NONE',  ( 7.999999999999998224, 9.400000000000000355, 0.000000000000000000 ) ) ;
#719 = ORIENTED_EDGE ( 'NONE', *, *, #320, .F. ) ;
#720 = DIRECTION ( 'NONE',  ( 0.000000000000000000, 1.000000000000000000, -0.000000000000000000 ) ) ;
#721 = EDGE_LOOP ( 'NONE', ( #65, #456, #63, #190 ) ) ;
#722 = CARTESIAN_POINT ( 'NONE',  ( 0.000000000000000000, 0.000000000000000000, 0.000000000000000000 ) ) ;
#723 = LINE ( 'NONE', #168, #901 ) ;
#724 = EDGE_CURVE ( 'NONE', #420, #327, #889, .T. ) ;
#725 = ORIENTED_EDGE ( 'NONE', *, *, #902, .F. ) ;
#726 = DIRECTION ( 'NONE',  ( 0.000000000000000000, 0.000000000000000000, -1.000000000000000000 ) ) ;
#727 = VERTEX_POINT ( 'NONE', #1090 ) ;
#728 = CARTESIAN_POINT ( 'NONE',  ( 0.000000000000000000, 4.000000000000000000, 0.000000000000000000 ) ) ;
#729 = PLANE ( 'NONE',  #1294 ) ;
#730 = EDGE_LOOP ( 'NONE', ( #475, #572, #144, #1341, #658, #1066, #640, #57 ) ) ;
#731 = AXIS2_PLACEMENT_3D ( 'NONE', #308, #949, #743 ) ;
#732 = CARTESIAN_POINT ( 'NONE',  ( -8.199864816992034733, 9.599864816992033312, 5.181989809824536053 ) ) ;
#733 =( GEOMETRIC_REPRESENTATION_CONTEXT ( 3 ) GLOBAL_UNCERTAINTY_ASSIGNED_CONTEXT ( ( #939 ) ) GLOBAL_UNIT_ASSIGNED_CONTEXT ( ( #1128, #1310, #1297 ) ) REPRESENTATION_CONTEXT ( 'NONE', 'WORKASPACE' ) );
#734 = ORIENTED_EDGE ( 'NONE', *, *, #765, .F. ) ;
#735 = DIRECTION ( 'NONE',  ( 0.000000000000000000, 1.000000000000000000, 0.000000000000000000 ) ) ;
#736 = FACE_BOUND ( 'NONE', #730, .T. ) ;
#737 = CIRCLE ( 'NONE', #1162, 1.499999999999999556 ) ;
#738 = ORIENTED_EDGE ( 'NONE', *, *, #1366, .F. ) ;
#739 = CIRCLE ( 'NONE', #128, 11.09999999999999964 ) ;
#740 = FACE_OUTER_BOUND ( 'NONE', #496, .T. ) ;
#741 = EDGE_CURVE ( 'NONE', #751, #603, #899, .T. ) ;
#742 = ORIENTED_EDGE ( 'NONE', *, *, #866, .T. ) ;
#743 = DIRECTION ( 'NONE',  ( 1.000000000000000000, 0.000000000000000000, 0.000000000000000000 ) ) ;
#744 = DIRECTION ( 'NONE',  ( 0.000000000000000000, 0.000000000000000000, -1.000000000000000000 ) ) ;
#745 = VERTEX_POINT ( 'NONE', #671 ) ;
#746 = FACE_OUTER_BOUND ( 'NONE', #859, .T. ) ;
#747 = EDGE_CURVE ( 'NONE', #227, #1261, #488, .T. ) ;
#748 = ORIENTED_EDGE ( 'NONE', *, *, #700, .T. ) ;
#749 = FACE_OUTER_BOUND ( 'NONE', #1257, .T. ) ;
#750 = CARTESIAN_POINT ( 'NONE',  ( 0.000000000000000000, 4.000000000000000000, -8.000000000000000000 ) ) ;
#751 = VERTEX_POINT ( 'NONE', #566 ) ;
#752 = DIRECTION ( 'NONE',  ( 0.000000000000000000, 1.000000000000000000, 0.000000000000000000 ) ) ;
#753 = DIRECTION ( 'NONE',  ( 1.000000000000000000, 0.000000000000000000, 0.000000000000000000 ) ) ;
#754 = LOCAL_TIME ( 12, 48, 20.00000000000000000, #1200 ) ;
#755 = CYLINDRICAL_SURFACE ( 'NONE', #166, 9.500000000000000000 ) ;
#756 = EDGE_CURVE ( 'NONE', #680, #498, #581, .T. ) ;
#757 = LINE ( 'NONE', #529, #101 ) ;
#758 = EDGE_CURVE ( 'NONE', #76, #343, #1229, .T. ) ;
#759 = AXIS2_PLACEMENT_3D ( 'NONE', #1248, #1268, #605 ) ;
#760 = ORIENTED_EDGE ( 'NONE', *, *, #965, .F. ) ;
#761 = DIRECTION ( 'NONE',  ( 0.000000000000000000, 1.000000000000000000, 0.000000000000000000 ) ) ;
#762 = ORIENTED_EDGE ( 'NONE', *, *, #1152, .T. ) ;
#763 = CARTESIAN_POINT ( 'NONE',  ( 0.000000000000000000, 4.000000000000000000, 0.000000000000000000 ) ) ;
#764 = CARTESIAN_POINT ( 'NONE',  ( 4.490128060534575916, 0.000000000000000000, -4.490128060534575916 ) ) ;
#765 = EDGE_CURVE ( 'NONE', #538, #1170, #458, .T. ) ;
#766 = VERTEX_POINT ( 'NONE', #14 ) ;
#767 = ADVANCED_FACE ( 'NONE', ( #791 ), #670, .F. ) ;
#768 = APPROVAL_DATE_TIME ( #470, #637 ) ;
#769 = LINE ( 'NONE', #1195, #1054 ) ;
#770 = FACE_BOUND ( 'NONE', #150, .T. ) ;
#771 = CARTESIAN_POINT ( 'NONE',  ( -8.000000000000001776, 4.000000000000000000, -5.123475382979797210 ) ) ;
#772 = LINE ( 'NONE', #345, #126 ) ;
#773 = VERTEX_POINT ( 'NONE', #678 ) ;
#774 = PERSON_AND_ORGANIZATION ( #699, #1071 ) ;
#775 = CYLINDRICAL_SURFACE ( 'NONE', #785, 9.500000000000000000 ) ;
#776 = ORIENTED_EDGE ( 'NONE', *, *, #946, .F. ) ;
#777 = CARTESIAN_POINT ( 'NONE',  ( -9.600000000000003197, 0.000000000000000000, 5.572252686302007874 ) ) ;
#778 = VECTOR ( 'NONE', #735, 1000.000000000000000 ) ;
#779 = LINE ( 'NONE', #231, #856 ) ;
#780 = CC_DESIGN_APPROVAL ( #322, ( #573 ) ) ;
#781 = ORIENTED_EDGE ( 'NONE', *, *, #1366, .T. ) ;
#782 = CALENDAR_DATE ( 2026, 8, 5 ) ;
#783 = ORIENTED_EDGE ( 'NONE', *, *, #47, .T. ) ;
#784 = FACE_BOUND ( 'NONE', #1108, .T. ) ;
#785 = AXIS2_PLACEMENT_3D ( 'NONE', #667, #986, #9 ) ;
#786 = FACE_OUTER_BOUND ( 'NONE', #220, .T. ) ;
#787 = DIRECTION ( 'NONE',  ( 0.000000000000000000, 1.000000000000000000, 0.000000000000000000 ) ) ;
#788 = EDGE_CURVE ( 'NONE', #1168, #413, #81, .T. ) ;
#789 = AXIS2_PLACEMENT_3D ( 'NONE', #715, #44, #1130 ) ;
#790 = AXIS2_PLACEMENT_3D ( 'NONE', #1337, #1022, #606 ) ;
#791 = FACE_OUTER_BOUND ( 'NONE', #89, .T. ) ;
#792 = EDGE_LOOP ( 'NONE', ( #1225 ) ) ;
#793 = COORDINATED_UNIVERSAL_TIME_OFFSET ( 6, 0, .BEHIND. ) ;
#794 = CARTESIAN_POINT ( 'NONE',  ( 7.999999999999998224, 9.400000000000000355, -5.123475382979802539 ) ) ;
#795 = DIRECTION ( 'NONE',  ( 0.000000000000000000, 0.000000000000000000, 1.000000000000000000 ) ) ;
#796 = ADVANCED_FACE ( 'NONE', ( #1218, #883 ), #685, .F. ) ;
#797 = ORIENTED_EDGE ( 'NONE', *, *, #866, .F. ) ;
#798 = DIRECTION ( 'NONE',  ( 0.000000000000000000, 0.000000000000000000, 1.000000000000000000 ) ) ;
#799 = EDGE_LOOP ( 'NONE', ( #797, #978, #666, #313, #489, #842, #625, #239 ) ) ;
#800 = DIRECTION ( 'NONE',  ( 1.000000000000000000, 0.000000000000000000, 0.000000000000000000 ) ) ;
#801 = CARTESIAN_POINT ( 'NONE',  ( 0.000000000000000000, 0.000000000000000000, 0.000000000000000000 ) ) ;
#802 = ORIENTED_EDGE ( 'NONE', *, *, #539, .T. ) ;
#803 = CARTESIAN_POINT ( 'NONE',  ( 0.000000000000000000, 10.00000000000000000, 0.000000000000000000 ) ) ;
#804 = AXIS2_PLACEMENT_3D ( 'NONE', #547, #1291, #989 ) ;
#805 = ADVANCED_FACE ( 'NONE', ( #1308 ), #1293, .F. ) ;
#806 = ORIENTED_EDGE ( 'NONE', *, *, #221, .T. ) ;
#807 = PRODUCT ( 'RR FlexWheel-1.25', 'RR FlexWheel-1.25', '', ( #994 ) ) ;
#808 = CIRCLE ( 'NONE', #1075, 4.006850000000000023 ) ;
#809 = AXIS2_PLACEMENT_3D ( 'NONE', #654, #761, #1201 ) ;
#810 = CARTESIAN_POINT ( 'NONE',  ( 0.000000000000000000, -38.46660889654818760, 0.000000000000000000 ) ) ;
#811 = LINE ( 'NONE', #158, #872 ) ;
#812 = DIRECTION ( 'NONE',  ( 0.000000000000000000, 0.000000000000000000, 1.000000000000000000 ) ) ;
#813 = CIRCLE ( 'NONE', #217, 1.499999999999999556 ) ;
#814 = B_SPLINE_CURVE_WITH_KNOTS ( 'NONE', 3,
 ( #202, #839, #1068, #93 ),
 .UNSPECIFIED., .F., .F.,
 ( 4, 4 ),
 ( 0.000000000000000000, 0.0008659344401416068163 ),
 .UNSPECIFIED. ) ;
#815 = ORIENTED_EDGE ( 'NONE', *, *, #817, .F. ) ;
#816 = CARTESIAN_POINT ( 'NONE',  ( 9.599999999999999645, 0.000000000000000000, 5.572252686302016755 ) ) ;
#817 = EDGE_CURVE ( 'NONE', #773, #236, #772, .T. ) ;
#818 = ORIENTED_EDGE ( 'NONE', *, *, #558, .F. ) ;
#819 = VERTEX_POINT ( 'NONE', #582 ) ;
#820 = CARTESIAN_POINT ( 'NONE',  ( 0.000000000000000000, 10.00000000000000000, 0.000000000000000000 ) ) ;
#821 = CARTESIAN_POINT ( 'NONE',  ( 0.000000000000000000, 4.000000000000000000, 0.000000000000000000 ) ) ;
#822 = EDGE_LOOP ( 'NONE', ( #911 ) ) ;
#823 = DIRECTION ( 'NONE',  ( -0.000000000000000000, -1.000000000000000000, -0.000000000000000000 ) ) ;
#824 = DIRECTION ( 'NONE',  ( -0.000000000000000000, 1.000000000000000000, -0.000000000000000000 ) ) ;
#825 = CARTESIAN_POINT ( 'NONE',  ( 0.000000000000000000, -38.46660889654818760, 0.000000000000000000 ) ) ;
#826 = ORIENTED_EDGE ( 'NONE', *, *, #505, .T. ) ;
#827 = DIRECTION ( 'NONE',  ( -0.000000000000000000, -1.000000000000000000, -0.000000000000000000 ) ) ;
#828 = CIRCLE ( 'NONE', #213, 10.09999999999999964 ) ;
#829 = EDGE_CURVE ( 'NONE', #1357, #76, #779, .T. ) ;
#830 = ORIENTED_EDGE ( 'NONE', *, *, #304, .T. ) ;
#831 = DIRECTION ( 'NONE',  ( 1.556572874235575731E-16, 0.000000000000000000, -1.000000000000000000 ) ) ;
#832 = VECTOR ( 'NONE', #1289, 1000.000000000000000 ) ;
#833 = FACE_OUTER_BOUND ( 'NONE', #185, .T. ) ;
#834 = AXIS2_PLACEMENT_3D ( 'NONE', #438, #330, #337 ) ;
#835 = ORIENTED_EDGE ( 'NONE', *, *, #717, .T. ) ;
#836 = LINE ( 'NONE', #1384, #1269 ) ;
#837 = ORIENTED_EDGE ( 'NONE', *, *, #1233, .F. ) ;
#838 = DIRECTION ( 'NONE',  ( 0.000000000000000000, 0.000000000000000000, -1.000000000000000000 ) ) ;
#839 = CARTESIAN_POINT ( 'NONE',  ( 8.399871121919083805, 9.799871121919085937, 5.239544451416100479 ) ) ;
#840 = VERTEX_POINT ( 'NONE', #243 ) ;
#841 = DIRECTION ( 'NONE',  ( 0.000000000000000000, 1.000000000000000000, 0.000000000000000000 ) ) ;
#842 = ORIENTED_EDGE ( 'NONE', *, *, #70, .F. ) ;
#843 = FACE_OUTER_BOUND ( 'NONE', #519, .T. ) ;
#844 = DIRECTION ( 'NONE',  ( 0.000000000000000000, 0.000000000000000000, 1.000000000000000000 ) ) ;
#845 = EDGE_LOOP ( 'NONE', ( #292 ) ) ;
#846 = EDGE_CURVE ( 'NONE', #83, #1196, #244, .T. ) ;
#847 = CC_DESIGN_PERSON_AND_ORGANIZATION_ASSIGNMENT ( #878, #1320, ( #807 ) ) ;
#848 = DIRECTION ( 'NONE',  ( -0.000000000000000000, -1.000000000000000000, -0.000000000000000000 ) ) ;
#849 = APPROVAL_PERSON_ORGANIZATION ( #774, #389, #1101 ) ;
#850 = ORIENTED_EDGE ( 'NONE', *, *, #1119, .T. ) ;
#851 = DIRECTION ( 'NONE',  ( 0.000000000000000000, 0.000000000000000000, -1.000000000000000000 ) ) ;
#852 = AXIS2_PLACEMENT_3D ( 'NONE', #706, #1010, #691 ) ;
#853 = DIRECTION ( 'NONE',  ( -0.000000000000000000, 1.000000000000000000, -0.000000000000000000 ) ) ;
#854 = CIRCLE ( 'NONE', #951, 11.10000000000000142 ) ;
#855 = ORIENTED_EDGE ( 'NONE', *, *, #1202, .F. ) ;
#856 = VECTOR ( 'NONE', #1205, 1000.000000000000000 ) ;
#857 = EDGE_CURVE ( 'NONE', #727, #1170, #1165, .T. ) ;
#858 = DIRECTION ( 'NONE',  ( 0.000000000000000000, 0.000000000000000000, 1.000000000000000000 ) ) ;
#859 = EDGE_LOOP ( 'NONE', ( #1375 ) ) ;
#860 = CARTESIAN_POINT ( 'NONE',  ( -4.490128060534576804, 4.000000000000000000, -4.490128060534575027 ) ) ;
#861 = CARTESIAN_POINT ( 'NONE',  ( -9.600000000000003197, -38.46660889654818760, 5.572252686302007874 ) ) ;
#862 = VERTEX_POINT ( 'NONE', #288 ) ;
#863 = CARTESIAN_POINT ( 'NONE',  ( 0.000000000000000000, 4.000000000000000000, -8.000000000000000000 ) ) ;
#864 = FACE_BOUND ( 'NONE', #1372, .T. ) ;
#865 = CARTESIAN_POINT ( 'NONE',  ( 7.999999999999998224, 9.400000000000000355, 5.123475382979802539 ) ) ;
#866 = EDGE_CURVE ( 'NONE', #603, #420, #102, .T. ) ;
#867 = CARTESIAN_POINT ( 'NONE',  ( 0.000000000000000000, 4.000000000000000000, 8.000000000000000000 ) ) ;
#868 = ORIENTED_EDGE ( 'NONE', *, *, #104, .T. ) ;
#869 = DIRECTION ( 'NONE',  ( -0.000000000000000000, 1.000000000000000000, -0.000000000000000000 ) ) ;
#870 = EDGE_CURVE ( 'NONE', #59, #59, #41, .T. ) ;
#871 = DIRECTION ( 'NONE',  ( -0.7071067811865475727, -0.7071067811865475727, -0.000000000000000000 ) ) ;
#872 = VECTOR ( 'NONE', #367, 1000.000000000000000 ) ;
#873 = DIRECTION ( 'NONE',  ( 0.000000000000000000, 0.000000000000000000, 1.000000000000000000 ) ) ;
#874 = EDGE_CURVE ( 'NONE', #702, #702, #813, .T. ) ;
#875 = DIRECTION ( 'NONE',  ( -0.000000000000000000, -1.000000000000000000, -0.000000000000000000 ) ) ;
#876 = CIRCLE ( 'NONE', #97, 9.500000000000000000 ) ;
#877 = ORIENTED_EDGE ( 'NONE', *, *, #1253, .F. ) ;
#878 = PERSON_AND_ORGANIZATION ( #699, #1071 ) ;
#879 = CARTESIAN_POINT ( 'NONE',  ( 9.600000000000001421, 0.000000000000000000, -5.572252686302012314 ) ) ;
#880 = AXIS2_PLACEMENT_3D ( 'NONE', #1136, #147, #831 ) ;
#881 = ORIENTED_EDGE ( 'NONE', *, *, #472, .F. ) ;
#882 = CARTESIAN_POINT ( 'NONE',  ( -8.199864816992034733, 9.599864816992033312, -5.181989809824533388 ) ) ;
#883 = FACE_OUTER_BOUND ( 'NONE', #845, .T. ) ;
#884 = ORIENTED_EDGE ( 'NONE', *, *, #857, .T. ) ;
#885 = PERSON_AND_ORGANIZATION ( #699, #1071 ) ;
#886 = PLANE ( 'NONE',  #149 ) ;
#887 = EDGE_LOOP ( 'NONE', ( #407, #105, #962, #397 ) ) ;
#888 = DIRECTION ( 'NONE',  ( 0.000000000000000000, -1.000000000000000000, 0.000000000000000000 ) ) ;
#889 = LINE ( 'NONE', #1192, #306 ) ;
#890 = ORIENTED_EDGE ( 'NONE', *, *, #548, .F. ) ;
#891 = PERSON_AND_ORGANIZATION_ROLE ( 'classification_officer' ) ;
#892 = EDGE_CURVE ( 'NONE', #123, #646, #499, .T. ) ;
#893 = CARTESIAN_POINT ( 'NONE',  ( -5.296225070746160668, 10.00000000000000000, -8.599999999999999645 ) ) ;
#894 = EDGE_CURVE ( 'NONE', #232, #1073, #953, .T. ) ;
#895 = ORIENTED_EDGE ( 'NONE', *, *, #938, .F. ) ;
#896 = DIRECTION ( 'NONE',  ( 0.000000000000000000, 0.000000000000000000, 1.000000000000000000 ) ) ;
#897 = AXIS2_PLACEMENT_3D ( 'NONE', #201, #1177, #1061 ) ;
#898 = AXIS2_PLACEMENT_3D ( 'NONE', #355, #109, #467 ) ;
#899 = LINE ( 'NONE', #1117, #422 ) ;
#900 = ORIENTED_EDGE ( 'NONE', *, *, #1383, .F. ) ;
#901 = VECTOR ( 'NONE', #67, 1000.000000000000000 ) ;
#902 = EDGE_CURVE ( 'NONE', #264, #264, #996, .T. ) ;
#903 = FACE_OUTER_BOUND ( 'NONE', #1043, .T. ) ;
#904 = DIRECTION ( 'NONE',  ( 0.000000000000000000, 0.000000000000000000, -1.000000000000000000 ) ) ;
#905 = ORIENTED_EDGE ( 'NONE', *, *, #134, .F. ) ;
#906 = PERSON_AND_ORGANIZATION_ROLE ( 'creator' ) ;
#907 = PLANE ( 'NONE',  #1161 ) ;
#908 = CARTESIAN_POINT ( 'NONE',  ( 0.000000000000000000, 10.00000000000000000, 0.000000000000000000 ) ) ;
#909 = EDGE_CURVE ( 'NONE', #694, #766, #695, .T. ) ;
#910 = DIRECTION ( 'NONE',  ( 0.000000000000000000, 0.000000000000000000, 1.000000000000000000 ) ) ;
#911 = ORIENTED_EDGE ( 'NONE', *, *, #352, .T. ) ;
#912 = FACE_BOUND ( 'NONE', #638, .T. ) ;
#913 = FACE_BOUND ( 'NONE', #969, .T. ) ;
#914 = ORIENTED_EDGE ( 'NONE', *, *, #617, .T. ) ;
#915 = DIRECTION ( 'NONE',  ( -0.000000000000000000, -1.000000000000000000, -0.000000000000000000 ) ) ;
#916 = EDGE_CURVE ( 'NONE', #1168, #524, #484, .T. ) ;
#917 = CIRCLE ( 'NONE', #1241, 1.500000000000000444 ) ;
#918 = DIRECTION ( 'NONE',  ( 0.000000000000000000, 1.000000000000000000, 0.000000000000000000 ) ) ;
#919 = AXIS2_PLACEMENT_3D ( 'NONE', #457, #888, #896 ) ;
#920 = CC_DESIGN_DATE_AND_TIME_ASSIGNMENT ( #552, #447, ( #619 ) ) ;
#921 = EDGE_LOOP ( 'NONE', ( #1045, #815, #1220, #298 ) ) ;
#922 = CIRCLE ( 'NONE', #947, 1.499999999999999556 ) ;
#923 = VECTOR ( 'NONE', #639, 1000.000000000000000 ) ;
#924 = CARTESIAN_POINT ( 'NONE',  ( -9.600000000000003197, 0.000000000000000000, 5.572252686302007874 ) ) ;
#925 = CARTESIAN_POINT ( 'NONE',  ( 0.000000000000000000, 9.400000000000000355, 0.000000000000000000 ) ) ;
#926 = CARTESIAN_POINT ( 'NONE',  ( 0.000000000000000000, 4.000000000000000000, 0.000000000000000000 ) ) ;
#927 = B_SPLINE_CURVE_WITH_KNOTS ( 'NONE', 3,
 ( #577, #476, #51, #1228 ),
 .UNSPECIFIED., .F., .F.,
 ( 4, 4 ),
 ( 0.000000000000000000, 0.0008659344401416087678 ),
 .UNSPECIFIED. ) ;
#928 = ORIENTED_EDGE ( 'NONE', *, *, #210, .F. ) ;
#929 = CARTESIAN_POINT ( 'NONE',  ( 0.000000000000000000, 0.000000000000000000, 0.000000000000000000 ) ) ;
#930 = CARTESIAN_POINT ( 'NONE',  ( 4.490128060534575916, 0.000000000000000000, -2.990128060534576360 ) ) ;
#931 = DIRECTION ( 'NONE',  ( -0.000000000000000000, 1.000000000000000000, -0.000000000000000000 ) ) ;
#932 = CARTESIAN_POINT ( 'NONE',  ( 9.599999999999999645, 10.00000000000000000, 5.572252686302017644 ) ) ;
#933 = ADVANCED_FACE ( 'NONE', ( #583 ), #708, .F. ) ;
#934 = ORIENTED_EDGE ( 'NONE', *, *, #252, .F. ) ;
#935 = EDGE_CURVE ( 'NONE', #1314, #727, #1143, .T. ) ;
#936 = MANIFOLD_SOLID_BREP ( 'Chamfer2', #238 ) ;
#937 = LINE ( 'NONE', #192, #148 ) ;
#938 = EDGE_CURVE ( 'NONE', #1349, #123, #1345, .T. ) ;
#939 = UNCERTAINTY_MEASURE_WITH_UNIT (LENGTH_MEASURE( 1.000000000000000082E-05 ), #1128, 'distance_accuracy_value', 'NONE');
#940 = EDGE_LOOP ( 'NONE', ( #1386 ) ) ;
#941 = CARTESIAN_POINT ( 'NONE',  ( 0.000000000000000000, 0.000000000000000000, 0.000000000000000000 ) ) ;
#942 = FACE_BOUND ( 'NONE', #215, .T. ) ;
#943 = AXIS2_PLACEMENT_3D ( 'NONE', #728, #1378, #180 ) ;
#944 = EDGE_LOOP ( 'NONE', ( #1290, #973, #295, #368 ) ) ;
#945 = CARTESIAN_POINT ( 'NONE',  ( 5.123475382979799875, 9.400000000000000355, 8.000000000000000000 ) ) ;
#946 = EDGE_CURVE ( 'NONE', #478, #862, #739, .T. ) ;
#947 = AXIS2_PLACEMENT_3D ( 'NONE', #1044, #520, #64 ) ;
#948 = ORIENTED_EDGE ( 'NONE', *, *, #892, .F. ) ;
#949 = DIRECTION ( 'NONE',  ( 0.000000000000000000, -0.7071067811865475727, -0.7071067811865475727 ) ) ;
#950 = VECTOR ( 'NONE', #121, 1000.000000000000000 ) ;
#951 = AXIS2_PLACEMENT_3D ( 'NONE', #1084, #623, #1098 ) ;
#952 = DIRECTION ( 'NONE',  ( 0.000000000000000000, 1.000000000000000000, 0.000000000000000000 ) ) ;
#953 = CIRCLE ( 'NONE', #329, 11.10000000000000142 ) ;
#954 = ORIENTED_EDGE ( 'NONE', *, *, #505, .F. ) ;
#955 = CARTESIAN_POINT ( 'NONE',  ( -8.599999999999990763, 10.00000000000000000, -5.296225070746158003 ) ) ;
#956 = EDGE_LOOP ( 'NONE', ( #1032, #884, #734, #616 ) ) ;
#957 = DIRECTION ( 'NONE',  ( 0.000000000000000000, 0.000000000000000000, 1.000000000000000000 ) ) ;
#958 = EDGE_CURVE ( 'NONE', #1215, #773, #309, .T. ) ;
#959 = CARTESIAN_POINT ( 'NONE',  ( -9.600000000000003197, 37.15290039756342821, 5.572252686302007874 ) ) ;
#960 = EDGE_LOOP ( 'NONE', ( #1085, #258, #914, #25 ) ) ;
#961 = FACE_OUTER_BOUND ( 'NONE', #1132, .T. ) ;
#962 = ORIENTED_EDGE ( 'NONE', *, *, #502, .F. ) ;
#963 = DIRECTION ( 'NONE',  ( 1.000000000000000000, 0.000000000000000000, 1.556572874235575731E-16 ) ) ;
#964 = LINE ( 'NONE', #1379, #214 ) ;
#965 = EDGE_CURVE ( 'NONE', #1168, #1261, #580, .T. ) ;
#966 = ORIENTED_EDGE ( 'NONE', *, *, #653, .T. ) ;
#967 = DIRECTION ( 'NONE',  ( -0.000000000000000000, -1.000000000000000000, -0.000000000000000000 ) ) ;
#968 = VECTOR ( 'NONE', #257, 1000.000000000000000 ) ;
#969 = EDGE_LOOP ( 'NONE', ( #1381, #156, #1016, #511, #274, #211, #23, #1049 ) ) ;
#970 = CARTESIAN_POINT ( 'NONE',  ( 9.599999999999999645, -38.46660889654818760, 5.572252686302017644 ) ) ;
#971 = VECTOR ( 'NONE', #132, 1000.000000000000000 ) ;
#972 = FACE_OUTER_BOUND ( 'NONE', #245, .T. ) ;
#973 = ORIENTED_EDGE ( 'NONE', *, *, #635, .T. ) ;
#974 = DIRECTION ( 'NONE',  ( 1.000000000000000000, 0.000000000000000000, -0.000000000000000000 ) ) ;
#975 = DIRECTION ( 'NONE',  ( 0.000000000000000000, 0.000000000000000000, 1.000000000000000000 ) ) ;
#976 = CYLINDRICAL_SURFACE ( 'NONE', #165, 11.09999999999999964 ) ;
#977 = FACE_OUTER_BOUND ( 'NONE', #137, .T. ) ;
#978 = ORIENTED_EDGE ( 'NONE', *, *, #741, .F. ) ;
#979 = CYLINDRICAL_SURFACE ( 'NONE', #325, 1.500000000000000444 ) ;
#980 = EDGE_CURVE ( 'NONE', #260, #612, #604, .T. ) ;
#981 = FACE_BOUND ( 'NONE', #822, .T. ) ;
#982 = DIRECTION ( 'NONE',  ( 0.000000000000000000, 0.000000000000000000, 1.000000000000000000 ) ) ;
#983 = B_SPLINE_CURVE_WITH_KNOTS ( 'NONE', 3,
 ( #277, #1347, #608, #55 ),
 .UNSPECIFIED., .F., .F.,
 ( 4, 4 ),
 ( 0.000000000000000000, 0.0008659344401416200435 ),
 .UNSPECIFIED. ) ;
#984 = DIRECTION ( 'NONE',  ( 0.000000000000000000, 0.000000000000000000, 1.000000000000000000 ) ) ;
#985 = ORIENTED_EDGE ( 'NONE', *, *, #472, .T. ) ;
#986 = DIRECTION ( 'NONE',  ( -0.000000000000000000, 1.000000000000000000, -0.000000000000000000 ) ) ;
#987 = ORIENTED_EDGE ( 'NONE', *, *, #829, .F. ) ;
#988 = AXIS2_PLACEMENT_3D ( 'NONE', #801, #1344, #795 ) ;
#989 = DIRECTION ( 'NONE',  ( 0.000000000000000000, 0.000000000000000000, 1.000000000000000000 ) ) ;
#990 = FACE_OUTER_BOUND ( 'NONE', #72, .T. ) ;
#991 = CONICAL_SURFACE ( 'NONE', #759, 15.87500000000000000, 0.7853981633974517207 ) ;
#992 = VECTOR ( 'NONE', #301, 1000.000000000000000 ) ;
#993 = ORIENTED_EDGE ( 'NONE', *, *, #1037, .T. ) ;
#994 = MECHANICAL_CONTEXT ( 'NONE', #61, 'mechanical' ) ;
#995 = FACE_OUTER_BOUND ( 'NONE', #1163, .T. ) ;
#996 = CIRCLE ( 'NONE', #1123, 1.499999999999999556 ) ;
#997 = ORIENTED_EDGE ( 'NONE', *, *, #857, .F. ) ;
#998 = CARTESIAN_POINT ( 'NONE',  ( 5.123475382979799875, 4.000000000000000000, 8.000000000000000000 ) ) ;
#999 = DIRECTION ( 'NONE',  ( 0.000000000000000000, 1.000000000000000000, 0.000000000000000000 ) ) ;
#1000 = EDGE_CURVE ( 'NONE', #271, #271, #1380, .T. ) ;
#1001 = EDGE_LOOP ( 'NONE', ( #1120, #535, #350, #265 ) ) ;
#1002 = PERSON_AND_ORGANIZATION ( #699, #1071 ) ;
#1003 = DIRECTION ( 'NONE',  ( 0.000000000000000000, 0.000000000000000000, 1.000000000000000000 ) ) ;
#1004 = FACE_OUTER_BOUND ( 'NONE', #921, .T. ) ;
#1005 = DIRECTION ( 'NONE',  ( 0.000000000000000000, 1.000000000000000000, 0.000000000000000000 ) ) ;
#1006 = CARTESIAN_POINT ( 'NONE',  ( 7.999999999999998224, 4.000000000000000000, 5.123475382979802539 ) ) ;
#1007 = VERTEX_POINT ( 'NONE', #590 ) ;
#1008 = EDGE_CURVE ( 'NONE', #483, #483, #594, .T. ) ;
#1009 = PERSON_AND_ORGANIZATION ( #699, #1071 ) ;
#1010 = DIRECTION ( 'NONE',  ( -1.000000000000000000, 0.000000000000000000, 0.000000000000000000 ) ) ;
#1011 = DIRECTION ( 'NONE',  ( 0.000000000000000000, 0.7071067811865475727, -0.7071067811865475727 ) ) ;
#1012 = CIRCLE ( 'NONE', #503, 11.09999999999999964 ) ;
#1013 = CIRCLE ( 'NONE', #396, 9.500000000000000000 ) ;
#1014 = CARTESIAN_POINT ( 'NONE',  ( 7.999999999999998224, 9.400000000000000355, -5.123475382979802539 ) ) ;
#1015 = PRODUCT_DEFINITION_SHAPE ( 'NONE', 'NONE',  #619 ) ;
#1016 = ORIENTED_EDGE ( 'NONE', *, *, #980, .F. ) ;
#1017 = AXIS2_PLACEMENT_3D ( 'NONE', #1203, #1190, #564 ) ;
#1018 = APPROVAL_DATE_TIME ( #574, #322 ) ;
#1019 = VECTOR ( 'NONE', #952, 1000.000000000000000 ) ;
#1020 = CARTESIAN_POINT ( 'NONE',  ( -9.600000000000003197, 37.15290039756342821, 5.572252686302007874 ) ) ;
#1021 = CARTESIAN_POINT ( 'NONE',  ( 5.572252686302012314, -38.46660889654818760, 9.600000000000001421 ) ) ;
#1022 = DIRECTION ( 'NONE',  ( 0.000000000000000000, 1.000000000000000000, 0.000000000000000000 ) ) ;
#1023 = VERTEX_POINT ( 'NONE', #275 ) ;
#1024 = EDGE_CURVE ( 'NONE', #164, #164, #1334, .T. ) ;
#1025 = DIRECTION ( 'NONE',  ( 0.000000000000000000, 0.000000000000000000, 1.000000000000000000 ) ) ;
#1026 = CARTESIAN_POINT ( 'NONE',  ( -5.123475382979799875, 9.400000000000000355, -8.000000000000000000 ) ) ;
#1027 = VERTEX_POINT ( 'NONE', #522 ) ;
#1028 = DIRECTION ( 'NONE',  ( -1.776356839400250465E-15, 0.000000000000000000, 1.000000000000000000 ) ) ;
#1029 = CARTESIAN_POINT ( 'NONE',  ( 0.000000000000000000, 8.999999999999992895, 15.87500000000000000 ) ) ;
#1030 = DIRECTION ( 'NONE',  ( 0.000000000000000000, 1.000000000000000000, 0.000000000000000000 ) ) ;
#1031 = DIRECTION ( 'NONE',  ( 0.000000000000000000, 1.000000000000000000, -0.000000000000000000 ) ) ;
#1032 = ORIENTED_EDGE ( 'NONE', *, *, #935, .T. ) ;
#1033 = CYLINDRICAL_SURFACE ( 'NONE', #353, 11.09999999999999787 ) ;
#1034 = VERTEX_POINT ( 'NONE', #1029 ) ;
#1035 = DIRECTION ( 'NONE',  ( 0.000000000000000000, 0.000000000000000000, -1.000000000000000000 ) ) ;
#1036 = DIRECTION ( 'NONE',  ( -0.000000000000000000, -1.000000000000000000, -0.000000000000000000 ) ) ;
#1037 = EDGE_CURVE ( 'NONE', #745, #612, #528, .T. ) ;
#1038 = EDGE_LOOP ( 'NONE', ( #530 ) ) ;
#1039 = CARTESIAN_POINT ( 'NONE',  ( 0.000000000000000000, 0.000000000000000000, 0.000000000000000000 ) ) ;
#1040 = DIRECTION ( 'NONE',  ( 0.000000000000000000, 0.000000000000000000, 1.000000000000000000 ) ) ;
#1041 = CARTESIAN_POINT ( 'NONE',  ( 9.600000000000001421, -38.46660889654818760, -5.572252686302012314 ) ) ;
#1042 = ADVANCED_FACE ( 'NONE', ( #843 ), #92, .F. ) ;
#1043 = EDGE_LOOP ( 'NONE', ( #1221, #248, #589, #1173 ) ) ;
#1044 = CARTESIAN_POINT ( 'NONE',  ( 4.490128060534575916, 0.000000000000000000, -4.490128060534575916 ) ) ;
#1045 = ORIENTED_EDGE ( 'NONE', *, *, #1233, .T. ) ;
#1046 = CARTESIAN_POINT ( 'NONE',  ( 0.000000000000000000, 37.15290039756342821, 0.000000000000000000 ) ) ;
#1047 = FACE_OUTER_BOUND ( 'NONE', #95, .T. ) ;
#1048 = CIRCLE ( 'NONE', #897, 11.10000000000000142 ) ;
#1049 = ORIENTED_EDGE ( 'NONE', *, *, #1078, .F. ) ;
#1050 = CARTESIAN_POINT ( 'NONE',  ( -5.123475382979799875, 4.000000000000000000, -8.000000000000000000 ) ) ;
#1051 = EDGE_CURVE ( 'NONE', #27, #498, #1067, .T. ) ;
#1052 = ORIENTED_EDGE ( 'NONE', *, *, #765, .T. ) ;
#1053 = CARTESIAN_POINT ( 'NONE',  ( -9.600000000000003197, 10.00000000000000000, -5.572252686302006097 ) ) ;
#1054 = VECTOR ( 'NONE', #228, 1000.000000000000000 ) ;
#1055 = CARTESIAN_POINT ( 'NONE',  ( -5.572252686302015867, 37.15290039756342821, 9.599999999999999645 ) ) ;
#1056 = AXIS2_PLACEMENT_3D ( 'NONE', #226, #141, #135 ) ;
#1057 = EDGE_LOOP ( 'NONE', ( #633 ) ) ;
#1058 = CARTESIAN_POINT ( 'NONE',  ( -8.399871121919085581, 9.799871121919094819, 5.239544451416083604 ) ) ;
#1059 = EDGE_CURVE ( 'NONE', #27, #1027, #1048, .T. ) ;
#1060 = ORIENTED_EDGE ( 'NONE', *, *, #1008, .F. ) ;
#1061 = DIRECTION ( 'NONE',  ( 0.000000000000000000, 0.000000000000000000, 1.000000000000000000 ) ) ;
#1062 = CC_DESIGN_PERSON_AND_ORGANIZATION_ASSIGNMENT ( #1002, #1109, ( #52 ) ) ;
#1063 = DIRECTION ( 'NONE',  ( 1.000000000000000000, -0.000000000000000000, 0.000000000000000000 ) ) ;
#1064 = EDGE_LOOP ( 'NONE', ( #830, #200, #1208, #934 ) ) ;
#1065 = LINE ( 'NONE', #945, #12 ) ;
#1066 = ORIENTED_EDGE ( 'NONE', *, *, #207, .T. ) ;
#1067 = LINE ( 'NONE', #970, #1312 ) ;
#1068 = CARTESIAN_POINT ( 'NONE',  ( 8.199864816992032956, 9.599864816992035088, 5.181989809824513848 ) ) ;
#1069 = EDGE_LOOP ( 'NONE', ( #1311, #1180, #993, #579 ) ) ;
#1070 = AXIS2_PLACEMENT_3D ( 'NONE', #613, #187, #1395 ) ;
#1071 = ORGANIZATION ( 'UNSPECIFIED', 'UNSPECIFIED', '' ) ;
#1072 = LINE ( 'NONE', #1305, #950 ) ;
#1073 = VERTEX_POINT ( 'NONE', #195 ) ;
#1074 = CARTESIAN_POINT ( 'NONE',  ( 5.181989809824536053, 9.599864816992033312, -8.199864816992032956 ) ) ;
#1075 = AXIS2_PLACEMENT_3D ( 'NONE', #291, #720, #627 ) ;
#1076 = CARTESIAN_POINT ( 'NONE',  ( 8.599999999999997868, 10.00000000000000000, 5.296225070746163333 ) ) ;
#1077 = CIRCLE ( 'NONE', #39, 11.10000000000000142 ) ;
#1078 = EDGE_CURVE ( 'NONE', #1073, #680, #1164, .T. ) ;
#1079 = ORIENTED_EDGE ( 'NONE', *, *, #1364, .F. ) ;
#1080 = AXIS2_PLACEMENT_3D ( 'NONE', #549, #999, #1214 ) ;
#1081 = CYLINDRICAL_SURFACE ( 'NONE', #578, 11.10000000000000142 ) ;
#1082 = ORIENTED_EDGE ( 'NONE', *, *, #370, .F. ) ;
#1083 = CARTESIAN_POINT ( 'NONE',  ( 5.296225070746160668, 10.00000000000000000, -8.599999999999988987 ) ) ;
#1084 = CARTESIAN_POINT ( 'NONE',  ( 0.000000000000000000, 0.000000000000000000, 0.000000000000000000 ) ) ;
#1085 = ORIENTED_EDGE ( 'NONE', *, *, #575, .F. ) ;
#1086 = COORDINATED_UNIVERSAL_TIME_OFFSET ( 6, 0, .BEHIND. ) ;
#1087 = DIRECTION ( 'NONE',  ( 0.000000000000000000, 0.000000000000000000, 1.000000000000000000 ) ) ;
#1088 = ORIENTED_EDGE ( 'NONE', *, *, #304, .F. ) ;
#1089 = CARTESIAN_POINT ( 'NONE',  ( 7.999999999999998224, 9.400000000000000355, -5.123475382979802539 ) ) ;
#1090 = CARTESIAN_POINT ( 'NONE',  ( 5.123475382979799875, 9.400000000000000355, 8.000000000000000000 ) ) ;
#1091 = ORIENTED_EDGE ( 'NONE', *, *, #635, .F. ) ;
#1092 = CARTESIAN_POINT ( 'NONE',  ( 0.000000000000000000, 9.400000000000000355, 0.000000000000000000 ) ) ;
#1093 = CIRCLE ( 'NONE', #373, 11.10000000000000142 ) ;
#1094 = CYLINDRICAL_SURFACE ( 'NONE', #419, 4.006850000000000023 ) ;
#1095 = CIRCLE ( 'NONE', #711, 14.87499999999999289 ) ;
#1096 = DIRECTION ( 'NONE',  ( -0.000000000000000000, -1.000000000000000000, -0.000000000000000000 ) ) ;
#1097 = EDGE_CURVE ( 'NONE', #1349, #343, #1211, .T. ) ;
#1098 = DIRECTION ( 'NONE',  ( 0.000000000000000000, 0.000000000000000000, 1.000000000000000000 ) ) ;
#1099 = ORIENTED_EDGE ( 'NONE', *, *, #1105, .F. ) ;
#1100 = VECTOR ( 'NONE', #431, 1000.000000000000000 ) ;
#1101 = APPROVAL_ROLE ( '' ) ;
#1102 = DIRECTION ( 'NONE',  ( 0.000000000000000000, 0.000000000000000000, 1.000000000000000000 ) ) ;
#1103 = FACE_OUTER_BOUND ( 'NONE', #481, .T. ) ;
#1104 = DIRECTION ( 'NONE',  ( 1.000000000000000000, 0.000000000000000000, 1.556572874235575731E-16 ) ) ;
#1105 = EDGE_CURVE ( 'NONE', #1196, #651, #416, .T. ) ;
#1106 = ADVANCED_BREP_SHAPE_REPRESENTATION ( 'RR FlexWheel-1.25', ( #936, #459, #461 ), #733 ) ;
#1107 = CARTESIAN_POINT ( 'NONE',  ( 0.000000000000000000, 4.000000000000000000, 0.000000000000000000 ) ) ;
#1108 = EDGE_LOOP ( 'NONE', ( #905 ) ) ;
#1109 = PERSON_AND_ORGANIZATION_ROLE ( 'creator' ) ;
#1110 = PLANE ( 'NONE',  #417 ) ;
#1111 = CARTESIAN_POINT ( 'NONE',  ( 0.000000000000000000, 4.000000000000000000, 0.000000000000000000 ) ) ;
#1112 = EDGE_LOOP ( 'NONE', ( #1060 ) ) ;
#1113 = APPROVAL_ROLE ( '' ) ;
#1114 = DIRECTION ( 'NONE',  ( 0.000000000000000000, 1.000000000000000000, 0.000000000000000000 ) ) ;
#1115 = CIRCLE ( 'NONE', #943, 9.500000000000000000 ) ;
#1116 = ORIENTED_EDGE ( 'NONE', *, *, #1175, .T. ) ;
#1117 = CARTESIAN_POINT ( 'NONE',  ( -5.572252686302015867, 0.000000000000000000, 9.599999999999999645 ) ) ;
#1118 = VECTOR ( 'NONE', #841, 1000.000000000000000 ) ;
#1119 = EDGE_CURVE ( 'NONE', #1314, #538, #1115, .T. ) ;
#1120 = ORIENTED_EDGE ( 'NONE', *, *, #193, .T. ) ;
#1121 = DIRECTION ( 'NONE',  ( 0.000000000000000000, 1.000000000000000000, 0.000000000000000000 ) ) ;
#1122 = PLANE ( 'NONE',  #279 ) ;
#1123 = AXIS2_PLACEMENT_3D ( 'NONE', #53, #1359, #1224 ) ;
#1124 = CARTESIAN_POINT ( 'NONE',  ( -8.000000000000001776, 4.000000000000000000, 5.123475382979797210 ) ) ;
#1125 = DIRECTION ( 'NONE',  ( 0.000000000000000000, 0.000000000000000000, 1.000000000000000000 ) ) ;
#1126 = VERTEX_POINT ( 'NONE', #206 ) ;
#1127 = DIRECTION ( 'NONE',  ( 0.000000000000000000, 1.000000000000000000, 0.000000000000000000 ) ) ;
#1128 =( LENGTH_UNIT ( ) NAMED_UNIT ( * ) SI_UNIT ( .MILLI., .METRE. ) );
#1129 = ORIENTED_EDGE ( 'NONE', *, *, #70, .T. ) ;
#1130 = DIRECTION ( 'NONE',  ( 0.000000000000000000, 0.000000000000000000, 1.000000000000000000 ) ) ;
#1131 = FACE_BOUND ( 'NONE', #91, .T. ) ;
#1132 = EDGE_LOOP ( 'NONE', ( #364 ) ) ;
#1133 = DIRECTION ( 'NONE',  ( 0.000000000000000000, 0.000000000000000000, 1.000000000000000000 ) ) ;
#1134 = CARTESIAN_POINT ( 'NONE',  ( -4.490128060534575027, 0.000000000000000000, 5.990128060534576804 ) ) ;
#1135 = ADVANCED_FACE ( 'NONE', ( #300 ), #976, .T. ) ;
#1136 = CARTESIAN_POINT ( 'NONE',  ( 9.599999999999999645, -38.46660889654818760, 5.572252686302017644 ) ) ;
#1137 = EDGE_CURVE ( 'NONE', #1199, #1126, #233, .T. ) ;
#1138 = CARTESIAN_POINT ( 'NONE',  ( -8.000000000000001776, 4.000000000000000000, -5.123475382979797210 ) ) ;
#1139 = EDGE_LOOP ( 'NONE', ( #515 ) ) ;
#1140 = VECTOR ( 'NONE', #392, 1000.000000000000000 ) ;
#1141 = CYLINDRICAL_SURFACE ( 'NONE', #624, 15.87500000000000000 ) ;
#1142 = EDGE_LOOP ( 'NONE', ( #127 ) ) ;
#1143 = LINE ( 'NONE', #474, #270 ) ;
#1144 = ADVANCED_FACE ( 'NONE', ( #319 ), #1271, .F. ) ;
#1145 = PLANE ( 'NONE',  #1186 ) ;
#1146 = ORIENTED_EDGE ( 'NONE', *, *, #495, .F. ) ;
#1147 = CARTESIAN_POINT ( 'NONE',  ( 0.000000000000000000, 10.00000000000000000, 0.000000000000000000 ) ) ;
#1148 = VERTEX_POINT ( 'NONE', #1171 ) ;
#1149 = CYLINDRICAL_SURFACE ( 'NONE', #299, 11.09999999999999964 ) ;
#1150 = FACE_OUTER_BOUND ( 'NONE', #1354, .T. ) ;
#1151 = EDGE_LOOP ( 'NONE', ( #1309 ) ) ;
#1152 = EDGE_CURVE ( 'NONE', #403, #524, #634, .T. ) ;
#1153 = DIRECTION ( 'NONE',  ( 0.000000000000000000, 0.000000000000000000, 1.000000000000000000 ) ) ;
#1154 = ORIENTED_EDGE ( 'NONE', *, *, #1008, .T. ) ;
#1155 = DIRECTION ( 'NONE',  ( -0.000000000000000000, -1.000000000000000000, -0.000000000000000000 ) ) ;
#1156 = FACE_OUTER_BOUND ( 'NONE', #311, .T. ) ;
#1157 = ORIENTED_EDGE ( 'NONE', *, *, #1348, .T. ) ;
#1158 = CONICAL_SURFACE ( 'NONE', #1288, 9.500000000000000000, 0.7853981633974482790 ) ;
#1159 = EDGE_CURVE ( 'NONE', #819, #819, #917, .T. ) ;
#1160 = CARTESIAN_POINT ( 'NONE',  ( -9.600000000000003197, 37.15290039756342821, -5.572252686302006985 ) ) ;
#1161 = AXIS2_PLACEMENT_3D ( 'NONE', #157, #1121, #596 ) ;
#1162 = AXIS2_PLACEMENT_3D ( 'NONE', #107, #448, #1102 ) ;
#1163 = EDGE_LOOP ( 'NONE', ( #1088, #1270, #837, #69 ) ) ;
#1164 = LINE ( 'NONE', #642, #686 ) ;
#1165 = CIRCLE ( 'NONE', #358, 9.500000000000000000 ) ;
#1166 = DIRECTION ( 'NONE',  ( -1.000000000000000000, 0.000000000000000000, -1.556572874235575978E-16 ) ) ;
#1167 = VECTOR ( 'NONE', #904, 1000.000000000000000 ) ;
#1168 = VERTEX_POINT ( 'NONE', #1279 ) ;
#1169 = CARTESIAN_POINT ( 'NONE',  ( 0.000000000000000000, 10.00000000000000000, 0.000000000000000000 ) ) ;
#1170 = VERTEX_POINT ( 'NONE', #865 ) ;
#1171 = CARTESIAN_POINT ( 'NONE',  ( -5.572252686302016755, 0.000000000000000000, 9.599999999999999645 ) ) ;
#1172 = CARTESIAN_POINT ( 'NONE',  ( 5.572252686302012314, 10.00000000000000000, 9.600000000000001421 ) ) ;
#1173 = ORIENTED_EDGE ( 'NONE', *, *, #788, .F. ) ;
#1174 = LINE ( 'NONE', #433, #923 ) ;
#1175 = EDGE_CURVE ( 'NONE', #343, #432, #1368, .T. ) ;
#1176 = ORIENTED_EDGE ( 'NONE', *, *, #68, .T. ) ;
#1177 = DIRECTION ( 'NONE',  ( -0.000000000000000000, -1.000000000000000000, -0.000000000000000000 ) ) ;
#1178 = ADVANCED_FACE ( 'NONE', ( #749 ), #1149, .T. ) ;
#1179 = LINE ( 'NONE', #103, #1100 ) ;
#1180 = ORIENTED_EDGE ( 'NONE', *, *, #610, .T. ) ;
#1181 = LINE ( 'NONE', #863, #267 ) ;
#1182 = CARTESIAN_POINT ( 'NONE',  ( 9.599999999999999645, 37.15290039756342821, 5.572252686302016755 ) ) ;
#1183 = CARTESIAN_POINT ( 'NONE',  ( 0.000000000000000000, 4.000000000000000000, 0.000000000000000000 ) ) ;
#1184 = AXIS2_PLACEMENT_3D ( 'NONE', #45, #1127, #1133 ) ;
#1185 = PLANE ( 'NONE',  #242 ) ;
#1186 = AXIS2_PLACEMENT_3D ( 'NONE', #821, #1031, #399 ) ;
#1187 = EDGE_CURVE ( 'NONE', #612, #232, #621, .T. ) ;
#1188 = ORIENTED_EDGE ( 'NONE', *, *, #846, .T. ) ;
#1189 = FACE_OUTER_BOUND ( 'NONE', #628, .T. ) ;
#1190 = DIRECTION ( 'NONE',  ( 0.000000000000000000, 1.000000000000000000, 0.000000000000000000 ) ) ;
#1191 = FACE_OUTER_BOUND ( 'NONE', #332, .T. ) ;
#1192 = CARTESIAN_POINT ( 'NONE',  ( 9.599999999999999645, 0.000000000000000000, 5.572252686302016755 ) ) ;
#1193 = ORIENTED_EDGE ( 'NONE', *, *, #1253, .T. ) ;
#1194 = EDGE_CURVE ( 'NONE', #840, #79, #1012, .T. ) ;
#1195 = CARTESIAN_POINT ( 'NONE',  ( 9.599999999999999645, 10.00000000000000000, 5.572252686302017644 ) ) ;
#1196 = VERTEX_POINT ( 'NONE', #124 ) ;
#1197 = LINE ( 'NONE', #677, #74 ) ;
#1198 = DIRECTION ( 'NONE',  ( 0.000000000000000000, 0.000000000000000000, -1.000000000000000000 ) ) ;
#1199 = VERTEX_POINT ( 'NONE', #556 ) ;
#1200 = COORDINATED_UNIVERSAL_TIME_OFFSET ( 6, 0, .BEHIND. ) ;
#1201 = DIRECTION ( 'NONE',  ( 0.000000000000000000, 0.000000000000000000, 1.000000000000000000 ) ) ;
#1202 = EDGE_CURVE ( 'NONE', #1023, #1023, #1223, .T. ) ;
#1203 = CARTESIAN_POINT ( 'NONE',  ( 0.000000000000000000, 0.000000000000000000, 0.000000000000000000 ) ) ;
#1204 = CARTESIAN_POINT ( 'NONE',  ( -8.599999999999990763, 10.00000000000000000, -5.296225070746158003 ) ) ;
#1205 = DIRECTION ( 'NONE',  ( -0.000000000000000000, 1.000000000000000000, -0.000000000000000000 ) ) ;
#1206 = AXIS2_PLACEMENT_3D ( 'NONE', #335, #753, #1394 ) ;
#1207 = AXIS2_PLACEMENT_3D ( 'NONE', #155, #592, #49 ) ;
#1208 = ORIENTED_EDGE ( 'NONE', *, *, #1097, .F. ) ;
#1209 = PERSON_AND_ORGANIZATION_ROLE ( 'design_supplier' ) ;
#1210 = CYLINDRICAL_SURFACE ( 'NONE', #693, 9.500000000000000000 ) ;
#1211 = B_SPLINE_CURVE_WITH_KNOTS ( 'NONE', 3,
 ( #293, #1373, #1074, #536 ),
 .UNSPECIFIED., .F., .F.,
 ( 4, 4 ),
 ( 7.561484326770510175E-18, 0.0008659344401416174414 ),
 .UNSPECIFIED. ) ;
#1212 = EDGE_LOOP ( 'NONE', ( #521, #130, #31, #806 ) ) ;
#1213 = DIRECTION ( 'NONE',  ( 0.000000000000000000, 1.000000000000000000, 0.000000000000000000 ) ) ;
#1214 = DIRECTION ( 'NONE',  ( 0.000000000000000000, 0.000000000000000000, 1.000000000000000000 ) ) ;
#1215 = VERTEX_POINT ( 'NONE', #240 ) ;
#1216 = CALENDAR_DATE ( 2026, 8, 5 ) ;
#1217 = CARTESIAN_POINT ( 'NONE',  ( -9.600000000000003197, 0.000000000000000000, -5.572252686302006985 ) ) ;
#1218 = FACE_OUTER_BOUND ( 'NONE', #940, .T. ) ;
#1219 = ADVANCED_FACE ( 'NONE', ( #542 ), #11, .F. ) ;
#1220 = ORIENTED_EDGE ( 'NONE', *, *, #193, .F. ) ;
#1221 = ORIENTED_EDGE ( 'NONE', *, *, #916, .T. ) ;
#1222 = CARTESIAN_POINT ( 'NONE',  ( 0.000000000000000000, 4.000000000000000000, 4.006850000000000023 ) ) ;
#1223 = CIRCLE ( 'NONE', #804, 1.500000000000000444 ) ;
#1224 = DIRECTION ( 'NONE',  ( 0.000000000000000000, 0.000000000000000000, 1.000000000000000000 ) ) ;
#1225 = ORIENTED_EDGE ( 'NONE', *, *, #143, .T. ) ;
#1226 = VECTOR ( 'NONE', #1286, 1000.000000000000000 ) ;
#1227 = DIRECTION ( 'NONE',  ( 0.000000000000000000, 1.000000000000000000, 0.000000000000000000 ) ) ;
#1228 = CARTESIAN_POINT ( 'NONE',  ( 5.296225070746160668, 10.00000000000000000, 8.599999999999999645 ) ) ;
#1229 = CIRCLE ( 'NONE', #379, 9.500000000000000000 ) ;
#1230 = CARTESIAN_POINT ( 'NONE',  ( 4.490128060534575916, 4.000000000000000000, -4.490128060534575916 ) ) ;
#1231 = CYLINDRICAL_SURFACE ( 'NONE', #356, 11.10000000000000142 ) ;
#1232 = ORIENTED_EDGE ( 'NONE', *, *, #1024, .F. ) ;
#1233 = EDGE_CURVE ( 'NONE', #403, #236, #189, .T. ) ;
#1234 = CARTESIAN_POINT ( 'NONE',  ( -5.572252686302013203, 0.000000000000000000, -9.599999999999999645 ) ) ;
#1235 = VERTEX_POINT ( 'NONE', #1222 ) ;
#1236 = CARTESIAN_POINT ( 'NONE',  ( -8.000000000000001776, 4.000000000000000000, 0.000000000000000000 ) ) ;
#1237 = FACE_OUTER_BOUND ( 'NONE', #887, .T. ) ;
#1238 = ORIENTED_EDGE ( 'NONE', *, *, #846, .F. ) ;
#1239 = CARTESIAN_POINT ( 'NONE',  ( 5.572252686302011426, -38.46660889654818760, -9.600000000000004974 ) ) ;
#1240 = EDGE_CURVE ( 'NONE', #1007, #262, #1093, .T. ) ;
#1241 = AXIS2_PLACEMENT_3D ( 'NONE', #860, #507, #430 ) ;
#1242 = CARTESIAN_POINT ( 'NONE',  ( -4.490128060534575027, 4.000000000000000000, 4.490128060534576804 ) ) ;
#1243 = LOCAL_TIME ( 12, 48, 20.00000000000000000, #1086 ) ;
#1244 = DIRECTION ( 'NONE',  ( 0.000000000000000000, 0.000000000000000000, -1.000000000000000000 ) ) ;
#1245 = ORIENTED_EDGE ( 'NONE', *, *, #1283, .F. ) ;
#1246 = CIRCLE ( 'NONE', #122, 11.09999999999999787 ) ;
#1247 = CONICAL_SURFACE ( 'NONE', #809, 9.500000000000000000, 0.7853981633974482790 ) ;
#1248 = CARTESIAN_POINT ( 'NONE',  ( 0.000000000000000000, 1.000000000000000888, 0.000000000000000000 ) ) ;
#1249 = AXIS2_PLACEMENT_3D ( 'NONE', #959, #310, #744 ) ;
#1250 = ORIENTED_EDGE ( 'NONE', *, *, #1348, .F. ) ;
#1251 = DIRECTION ( 'NONE',  ( -0.000000000000000000, -1.000000000000000000, -0.000000000000000000 ) ) ;
#1252 = AXIS2_PLACEMENT_3D ( 'NONE', #1107, #451, #559 ) ;
#1253 = EDGE_CURVE ( 'NONE', #1357, #40, #1013, .T. ) ;
#1254 = DIRECTION ( 'NONE',  ( 0.000000000000000000, 0.000000000000000000, 1.000000000000000000 ) ) ;
#1255 = VERTEX_POINT ( 'NONE', #140 ) ;
#1256 = LINE ( 'NONE', #1160, #38 ) ;
#1257 = EDGE_LOOP ( 'NONE', ( #469, #1176, #7, #1326 ) ) ;
#1258 = DIRECTION ( 'NONE',  ( 0.000000000000000000, 0.000000000000000000, 1.000000000000000000 ) ) ;
#1259 = PLANE ( 'NONE',  #15 ) ;
#1260 = ADVANCED_FACE ( 'NONE', ( #1191 ), #1158, .F. ) ;
#1261 = VERTEX_POINT ( 'NONE', #771 ) ;
#1262 = DIRECTION ( 'NONE',  ( -1.000000000000000000, 0.000000000000000000, 4.669718622706729412E-16 ) ) ;
#1263 = ORIENTED_EDGE ( 'NONE', *, *, #756, .T. ) ;
#1264 = CARTESIAN_POINT ( 'NONE',  ( 9.599999999999999645, 10.00000000000000178, 5.572252686302016755 ) ) ;
#1265 = DIRECTION ( 'NONE',  ( 0.000000000000000000, -0.000000000000000000, 1.000000000000000000 ) ) ;
#1266 = ORIENTED_EDGE ( 'NONE', *, *, #1303, .F. ) ;
#1267 = CC_DESIGN_APPROVAL ( #637, ( #619 ) ) ;
#1268 = DIRECTION ( 'NONE',  ( -0.000000000000000000, 1.000000000000000000, -0.000000000000000000 ) ) ;
#1269 = VECTOR ( 'NONE', #1262, 1000.000000000000000 ) ;
#1270 = ORIENTED_EDGE ( 'NONE', *, *, #207, .F. ) ;
#1271 = PLANE ( 'NONE',  #731 ) ;
#1272 = VECTOR ( 'NONE', #1316, 1000.000000000000000 ) ;
#1273 = B_SPLINE_CURVE_WITH_KNOTS ( 'NONE', 3,
 ( #893, #1, #212, #317 ),
 .UNSPECIFIED., .F., .F.,
 ( 4, 4 ),
 ( 7.561484326770510175E-18, 0.0008659344401416086594 ),
 .UNSPECIFIED. ) ;
#1274 = CARTESIAN_POINT ( 'NONE',  ( -9.600000000000003197, 10.00000000000000000, -5.572252686302006097 ) ) ;
#1275 = ORIENTED_EDGE ( 'NONE', *, *, #717, .F. ) ;
#1276 = FACE_BOUND ( 'NONE', #359, .T. ) ;
#1277 = EDGE_CURVE ( 'NONE', #597, #597, #1095, .T. ) ;
#1278 = EDGE_LOOP ( 'NONE', ( #347, #1116, #1082, #323 ) ) ;
#1279 = CARTESIAN_POINT ( 'NONE',  ( -8.000000000000001776, 4.000000000000000000, 5.123475382979797210 ) ) ;
#1280 = FACE_OUTER_BOUND ( 'NONE', #1278, .T. ) ;
#1281 = ORIENTED_EDGE ( 'NONE', *, *, #173, .F. ) ;
#1282 = CARTESIAN_POINT ( 'NONE',  ( 0.000000000000000000, -38.46660889654818760, 0.000000000000000000 ) ) ;
#1283 = EDGE_CURVE ( 'NONE', #766, #262, #1197, .T. ) ;
#1284 = FACE_BOUND ( 'NONE', #393, .T. ) ;
#1285 = CARTESIAN_POINT ( 'NONE',  ( 0.000000000000000000, 9.400000000000000355, -8.000000000000000000 ) ) ;
#1286 = DIRECTION ( 'NONE',  ( 0.000000000000000000, 0.000000000000000000, -1.000000000000000000 ) ) ;
#1287 = ORIENTED_EDGE ( 'NONE', *, *, #159, .F. ) ;
#1288 = AXIS2_PLACEMENT_3D ( 'NONE', #450, #1005, #873 ) ;
#1289 = DIRECTION ( 'NONE',  ( 1.000000000000000000, 0.000000000000000000, 0.000000000000000000 ) ) ;
#1290 = ORIENTED_EDGE ( 'NONE', *, *, #588, .F. ) ;
#1291 = DIRECTION ( 'NONE',  ( 0.000000000000000000, 1.000000000000000000, 0.000000000000000000 ) ) ;
#1292 = CIRCLE ( 'NONE', #690, 10.09999999999999964 ) ;
#1293 = PLANE ( 'NONE',  #834 ) ;
#1294 = AXIS2_PLACEMENT_3D ( 'NONE', #1055, #209, #1166 ) ;
#1295 = AXIS2_PLACEMENT_3D ( 'NONE', #1396, #294, #630 ) ;
#1296 = ORIENTED_EDGE ( 'NONE', *, *, #661, .F. ) ;
#1297 =( NAMED_UNIT ( * ) SI_UNIT ( $, .STERADIAN. ) SOLID_ANGLE_UNIT ( ) );
#1298 = DIRECTION ( 'NONE',  ( -0.000000000000000000, 1.000000000000000000, -0.000000000000000000 ) ) ;
#1299 = CARTESIAN_POINT ( 'NONE',  ( 0.000000000000000000, 0.000000000000000000, 0.000000000000000000 ) ) ;
#1300 = CARTESIAN_POINT ( 'NONE',  ( 0.000000000000000000, 10.00000000000000000, 0.000000000000000000 ) ) ;
#1301 = DIRECTION ( 'NONE',  ( 1.000000000000000000, 0.000000000000000000, 1.556572874235575978E-16 ) ) ;
#1302 = ORIENTED_EDGE ( 'NONE', *, *, #1137, .T. ) ;
#1303 = EDGE_CURVE ( 'NONE', #1034, #1034, #348, .T. ) ;
#1304 = EDGE_CURVE ( 'NONE', #478, #840, #570, .T. ) ;
#1305 = CARTESIAN_POINT ( 'NONE',  ( -5.123475382979799875, 10.00000000000000000, 8.599999999999999645 ) ) ;
#1306 = PLANE ( 'NONE',  #1017 ) ;
#1307 = DIRECTION ( 'NONE',  ( -0.000000000000000000, -1.000000000000000000, -0.000000000000000000 ) ) ;
#1308 = FACE_OUTER_BOUND ( 'NONE', #674, .T. ) ;
#1309 = ORIENTED_EDGE ( 'NONE', *, *, #1000, .F. ) ;
#1310 =( NAMED_UNIT ( * ) PLANE_ANGLE_UNIT ( ) SI_UNIT ( $, .RADIAN. ) );
#1311 = ORIENTED_EDGE ( 'NONE', *, *, #617, .F. ) ;
#1312 = VECTOR ( 'NONE', #73, 1000.000000000000000 ) ;
#1313 = FACE_OUTER_BOUND ( 'NONE', #415, .T. ) ;
#1314 = VERTEX_POINT ( 'NONE', #998 ) ;
#1315 = CYLINDRICAL_SURFACE ( 'NONE', #898, 11.10000000000000142 ) ;
#1316 = DIRECTION ( 'NONE',  ( -0.000000000000000000, 1.000000000000000000, -0.000000000000000000 ) ) ;
#1317 = AXIS2_PLACEMENT_3D ( 'NONE', #1182, #546, #20 ) ;
#1318 = AXIS2_PLACEMENT_3D ( 'NONE', #1092, #563, #1003 ) ;
#1319 = ORIENTED_EDGE ( 'NONE', *, *, #1037, .F. ) ;
#1320 = PERSON_AND_ORGANIZATION_ROLE ( 'design_owner' ) ;
#1321 = ORIENTED_EDGE ( 'NONE', *, *, #241, .T. ) ;
#1322 = DIRECTION ( 'NONE',  ( 0.000000000000000000, 0.000000000000000000, 1.000000000000000000 ) ) ;
#1323 = DIRECTION ( 'NONE',  ( 0.000000000000000000, 0.000000000000000000, 1.000000000000000000 ) ) ;
#1324 = ADVANCED_FACE ( 'NONE', ( #36 ), #1315, .F. ) ;
#1325 = DIRECTION ( 'NONE',  ( 1.556572874235575731E-16, 0.000000000000000000, -1.000000000000000000 ) ) ;
#1326 = ORIENTED_EDGE ( 'NONE', *, *, #700, .F. ) ;
#1327 = VERTEX_POINT ( 'NONE', #587 ) ;
#1328 = ADVANCED_FACE ( 'NONE', ( #21 ), #1110, .T. ) ;
#1329 = VERTEX_POINT ( 'NONE', #328 ) ;
#1330 = DIRECTION ( 'NONE',  ( 0.000000000000000000, 1.000000000000000000, 0.000000000000000000 ) ) ;
#1331 = VERTEX_POINT ( 'NONE', #777 ) ;
#1332 = DIRECTION ( 'NONE',  ( -0.000000000000000000, -1.000000000000000000, -0.000000000000000000 ) ) ;
#1333 = CARTESIAN_POINT ( 'NONE',  ( 0.000000000000000000, 0.000000000000000000, 14.87499999999999289 ) ) ;
#1334 = CIRCLE ( 'NONE', #8, 15.87500000000000000 ) ;
#1335 = CIRCLE ( 'NONE', #988, 11.09999999999999964 ) ;
#1336 = ORIENTED_EDGE ( 'NONE', *, *, #280, .T. ) ;
#1337 = CARTESIAN_POINT ( 'NONE',  ( 0.000000000000000000, 10.00000000000000000, 0.000000000000000000 ) ) ;
#1338 = LINE ( 'NONE', #1138, #98 ) ;
#1339 = VECTOR ( 'NONE', #381, 1000.000000000000000 ) ;
#1340 = ADVANCED_FACE ( 'NONE', ( #903 ), #755, .F. ) ;
#1341 = ORIENTED_EDGE ( 'NONE', *, *, #958, .T. ) ;
#1342 = VECTOR ( 'NONE', #377, 1000.000000000000000 ) ;
#1343 = DIRECTION ( 'NONE',  ( -1.000000000000000000, -0.000000000000000000, 1.556572874235576224E-16 ) ) ;
#1344 = DIRECTION ( 'NONE',  ( 0.000000000000000000, 1.000000000000000000, 0.000000000000000000 ) ) ;
#1345 = CIRCLE ( 'NONE', #1390, 10.09999999999999964 ) ;
#1346 = DIRECTION ( 'NONE',  ( 0.000000000000000000, 1.000000000000000000, 0.000000000000000000 ) ) ;
#1347 = CARTESIAN_POINT ( 'NONE',  ( -5.181989809824536053, 9.599864816992033312, 8.199864816992032956 ) ) ;
#1348 = EDGE_CURVE ( 'NONE', #123, #76, #326, .T. ) ;
#1349 = VERTEX_POINT ( 'NONE', #1083 ) ;
#1350 = PLANE ( 'NONE',  #713 ) ;
#1351 = CARTESIAN_POINT ( 'NONE',  ( 4.490128060534576804, 4.000000000000000000, 5.990128060534575916 ) ) ;
#1352 = DIRECTION ( 'NONE',  ( 0.000000000000000000, 0.000000000000000000, 1.000000000000000000 ) ) ;
#1353 = FACE_BOUND ( 'NONE', #607, .T. ) ;
#1354 = EDGE_LOOP ( 'NONE', ( #426 ) ) ;
#1355 = CARTESIAN_POINT ( 'NONE',  ( -8.600000000000001421, 10.00000000000000000, 5.296225070746158003 ) ) ;
#1356 = ADVANCED_FACE ( 'NONE', ( #46, #913 ), #1122, .T. ) ;
#1357 = VERTEX_POINT ( 'NONE', #153 ) ;
#1358 = VECTOR ( 'NONE', #86, 1000.000000000000000 ) ;
#1359 = DIRECTION ( 'NONE',  ( 0.000000000000000000, 1.000000000000000000, -0.000000000000000000 ) ) ;
#1360 = FACE_BOUND ( 'NONE', #1151, .T. ) ;
#1361 = VERTEX_POINT ( 'NONE', #924 ) ;
#1362 = CLOSED_SHELL ( 'NONE', ( #1356, #1219, #487, #933, #362, #106, #94, #42, #1324, #54, #219, #152, #114 ) ) ;
#1363 = AXIS2_PLACEMENT_3D ( 'NONE', #718, #385, #709 ) ;
#1364 = EDGE_CURVE ( 'NONE', #386, #27, #811, .T. ) ;
#1365 = FACE_BOUND ( 'NONE', #1142, .T. ) ;
#1366 = EDGE_CURVE ( 'NONE', #727, #1397, #927, .T. ) ;
#1367 = ORIENTED_EDGE ( 'NONE', *, *, #916, .F. ) ;
#1368 = LINE ( 'NONE', #1285, #437 ) ;
#1369 = CARTESIAN_POINT ( 'NONE',  ( 0.000000000000000000, 0.000000000000000000, 0.000000000000000000 ) ) ;
#1370 = EDGE_LOOP ( 'NONE', ( #281, #719, #738, #928 ) ) ;
#1371 = CARTESIAN_POINT ( 'NONE',  ( 0.000000000000000000, 10.00000000000000000, -8.599999999999999645 ) ) ;
#1372 = EDGE_LOOP ( 'NONE', ( #162 ) ) ;
#1373 = CARTESIAN_POINT ( 'NONE',  ( 5.239544451416091597, 9.799871121919093042, -8.399871121919092687 ) ) ;
#1374 = CARTESIAN_POINT ( 'NONE',  ( -9.600000000000003197, 0.000000000000000000, -5.572252686302006097 ) ) ;
#1375 = ORIENTED_EDGE ( 'NONE', *, *, #1159, .T. ) ;
#1376 = DIRECTION ( 'NONE',  ( -0.000000000000000000, -1.000000000000000000, -0.000000000000000000 ) ) ;
#1377 = EDGE_LOOP ( 'NONE', ( #372 ) ) ;
#1378 = DIRECTION ( 'NONE',  ( 0.000000000000000000, 1.000000000000000000, -0.000000000000000000 ) ) ;
#1379 = CARTESIAN_POINT ( 'NONE',  ( 5.123475382979799875, 4.000000000000000000, -8.000000000000000000 ) ) ;
#1380 = CIRCLE ( 'NONE', #263, 1.499999999999999556 ) ;
#1381 = ORIENTED_EDGE ( 'NONE', *, *, #894, .F. ) ;
#1382 = LOCAL_TIME ( 12, 48, 20.00000000000000000, #793 ) ;
#1383 = EDGE_CURVE ( 'NONE', #1027, #680, #388, .T. ) ;
#1384 = CARTESIAN_POINT ( 'NONE',  ( 5.572252686302011426, 10.00000000000000000, -9.600000000000004974 ) ) ;
#1385 = VECTOR ( 'NONE', #1332, 1000.000000000000000 ) ;
#1386 = ORIENTED_EDGE ( 'NONE', *, *, #1000, .T. ) ;
#1387 = CARTESIAN_POINT ( 'NONE',  ( 0.000000000000000000, 37.15290039756342821, 0.000000000000000000 ) ) ;
#1388 = AXIS2_PLACEMENT_3D ( 'NONE', #1111, #444, #22 ) ;
#1389 = CARTESIAN_POINT ( 'NONE',  ( 0.000000000000000000, 10.00000000000000178, 0.000000000000000000 ) ) ;
#1390 = AXIS2_PLACEMENT_3D ( 'NONE', #820, #1251, #1025 ) ;
#1391 = ORIENTED_EDGE ( 'NONE', *, *, #758, .T. ) ;
#1392 = EDGE_CURVE ( 'NONE', #327, #1255, #1335, .T. ) ;
#1393 = CARTESIAN_POINT ( 'NONE',  ( 0.000000000000000000, 9.400000000000000355, 0.000000000000000000 ) ) ;
#1394 = DIRECTION ( 'NONE',  ( 0.000000000000000000, 0.000000000000000000, -1.000000000000000000 ) ) ;
#1395 = DIRECTION ( 'NONE',  ( 0.000000000000000000, 0.000000000000000000, 1.000000000000000000 ) ) ;
#1396 = CARTESIAN_POINT ( 'NONE',  ( 0.000000000000000000, 4.000000000000000000, 0.000000000000000000 ) ) ;
#1397 = VERTEX_POINT ( 'NONE', #43 ) ;
ENDSEC;
END-ISO-10303-21;
